[0.000000] (-) TimerEvent: {}
<<<<<<<< HEAD:log/build_2026-05-29_14-21-18/events.log
[0.000438] (cspc_lidar) JobQueued: {'identifier': 'cspc_lidar', 'dependencies': OrderedDict()}
[0.000566] (dog_udp_comm) JobQueued: {'identifier': 'dog_udp_comm', 'dependencies': OrderedDict([('cspc_lidar', '/home/admin/workspace/host_udp_ws/install/cspc_lidar')])}
[0.000696] (cspc_lidar) JobStarted: {'identifier': 'cspc_lidar'}
[0.011693] (cspc_lidar) JobProgress: {'identifier': 'cspc_lidar', 'progress': 'cmake'}
[0.012392] (cspc_lidar) Command: {'cmd': ['/usr/bin/cmake', '/home/admin/workspace/host_udp_ws/src/cspc_lidar_sdk_ros2', '-DCMAKE_INSTALL_PREFIX=/home/admin/workspace/host_udp_ws/install/cspc_lidar'], 'cwd': '/home/admin/workspace/host_udp_ws/build/cspc_lidar', 'env': OrderedDict([('PYTHON_BASIC_REPL', '1'), ('LESSOPEN', '| /usr/bin/lesspipe %s'), ('UMS_MOUNTPOINT', '/mnt/ums'), ('GST_V4L2_PREFERRED_FOURCC', 'NV12:YU12:NV16:YUY2'), ('LANGUAGE', 'en_US.UTF-8'), ('USER', 'admin'), ('SSH_CLIENT', '192.168.88.243 63795 22'), ('XDG_SESSION_TYPE', 'tty'), ('GIT_ASKPASS', '/home/admin/.vscode-server/cli/servers/Stable-6a49527b96e326fe62fbdb56f60e16877c9aa724/server/extensions/git/dist/askpass.sh'), ('SHLVL', '1'), ('USB_FUNCS', 'adb'), ('LD_LIBRARY_PATH', '/opt/ros/humble/opt/rviz_ogre_vendor/lib:/opt/ros/humble/lib/aarch64-linux-gnu:/opt/ros/humble/lib'), ('BROWSER', '/home/admin/.vscode-server/cli/servers/Stable-6a49527b96e326fe62fbdb56f60e16877c9aa724/server/bin/helpers/browser.sh'), ('MOTD_SHOWN', 'pam'), ('HOME', '/home/admin'), ('OLDPWD', '/home/admin/workspace'), ('TERM_PROGRAM_VERSION', '1.122.0'), ('VSCODE_IPC_HOOK_CLI', '/run/user/1000/vscode-ipc-56a0c44b-29c5-456f-a17e-0cc1c913a2bc.sock'), ('GST_INSPECT_NO_COLORS', '1'), ('GST_MPP_NO_RGA', '1'), ('ROS_PYTHON_VERSION', '3'), ('COGL_DRIVER', 'gles2'), ('VSCODE_GIT_ASKPASS_MAIN', '/home/admin/.vscode-server/cli/servers/Stable-6a49527b96e326fe62fbdb56f60e16877c9aa724/server/extensions/git/dist/askpass-main.js'), ('PS1', '\\[\x1b]633;A\x07\\]\\[\x1b]633;A\x07\\]\\[\\e]0;\\u@\\h: \\w\\a\\]${debian_chroot:+($debian_chroot)}\\[\\033[01;32m\\]\\u@\\h\\[\\033[00m\\]:\\[\\033[01;34m\\]\\w\\[\\033[00m\\]\\$ \\[\x1b]633;B\x07\\]\\[\x1b]633;B\x07\\]'), ('VSCODE_GIT_ASKPASS_NODE', '/home/admin/.vscode-server/cli/servers/Stable-6a49527b96e326fe62fbdb56f60e16877c9aa724/server/node'), ('PYDEVD_DISABLE_FILE_VALIDATION', '1'), ('BUNDLED_DEBUGPY_PATH', '/home/admin/.vscode-server/extensions/ms-python.debugpy-2026.6.0-linux-arm64/bundled/libs/debugpy'), ('VSCODE_PYTHON_AUTOACTIVATE_GUARD', '1'), ('DBUS_SESSION_BUS_ADDRESS', 'unix:path=/run/user/1000/bus'), ('COLORTERM', 'truecolor'), ('COLCON_PREFIX_PATH', '/home/admin/workspace/host_udp_ws/install'), ('GST_V4L2SRC_MAX_RESOLUTION', '3840x2160'), ('ROS_DISTRO', 'humble'), ('LOGNAME', 'admin'), ('_', '/usr/bin/colcon'), ('ROS_VERSION', '2'), ('XDG_SESSION_CLASS', 'user'), ('TERM', 'xterm-256color'), ('GST_GL_API', 'gles2'), ('XDG_SESSION_ID', '6'), ('GST_VIDEO_CONVERT_PREFERRED_FORMAT', 'NV12:NV16:I420:YUY2'), ('GST_V4L2SRC_RK_DEVICES', '_mainpath:_selfpath:_bypass:_scale'), ('ROS_LOCALHOST_ONLY', '1'), ('PATH', '/home/admin/.vscode-server/cli/servers/Stable-6a49527b96e326fe62fbdb56f60e16877c9aa724/server/bin/remote-cli:/home/admin/.local/bin:/opt/ros/humble/bin:/home/admin/.local/bin:/usr/local/sbin:/usr/local/bin:/usr/sbin:/usr/bin:/sbin:/bin:/usr/games:/usr/local/games:/snap/bin:/home/admin/.vscode-server/extensions/ms-python.debugpy-2026.6.0-linux-arm64/bundled/scripts/noConfigScripts'), ('XDG_RUNTIME_DIR', '/run/user/1000'), ('GST_GL_PLATFORM', 'egl'), ('GST_DEBUG_NO_COLOR', '1'), ('GST_V4L2SRC_DEFAULT_DEVICE', '/dev/video-camera0'), ('DISPLAY', ':0'), ('VSCODE_DEBUGPY_ADAPTER_ENDPOINTS', '/home/admin/.vscode-server/extensions/ms-python.debugpy-2026.6.0-linux-arm64/.noConfigDebugAdapterEndpoints/endpoint-c929ce49067852cf.txt'), ('LANG', 'en_US.UTF-8'), ('PYTHONSTARTUP', '/home/admin/.vscode-server/data/User/workspaceStorage/2a4873d7ff7a1bb6e3391ee746fb9efe/ms-python.python/pythonrc.py'), ('LS_COLORS', 'rs=0:di=01;34:ln=01;36:mh=00:pi=40;33:so=01;35:do=01;35:bd=40;33;01:cd=40;33;01:or=40;31;01:mi=00:su=37;41:sg=30;43:ca=30;41:tw=30;42:ow=34;42:st=37;44:ex=01;32:*.tar=01;31:*.tgz=01;31:*.arc=01;31:*.arj=01;31:*.taz=01;31:*.lha=01;31:*.lz4=01;31:*.lzh=01;31:*.lzma=01;31:*.tlz=01;31:*.txz=01;31:*.tzo=01;31:*.t7z=01;31:*.zip=01;31:*.z=01;31:*.dz=01;31:*.gz=01;31:*.lrz=01;31:*.lz=01;31:*.lzo=01;31:*.xz=01;31:*.zst=01;31:*.tzst=01;31:*.bz2=01;31:*.bz=01;31:*.tbz=01;31:*.tbz2=01;31:*.tz=01;31:*.deb=01;31:*.rpm=01;31:*.jar=01;31:*.war=01;31:*.ear=01;31:*.sar=01;31:*.rar=01;31:*.alz=01;31:*.ace=01;31:*.zoo=01;31:*.cpio=01;31:*.7z=01;31:*.rz=01;31:*.cab=01;31:*.wim=01;31:*.swm=01;31:*.dwm=01;31:*.esd=01;31:*.jpg=01;35:*.jpeg=01;35:*.mjpg=01;35:*.mjpeg=01;35:*.gif=01;35:*.bmp=01;35:*.pbm=01;35:*.pgm=01;35:*.ppm=01;35:*.tga=01;35:*.xbm=01;35:*.xpm=01;35:*.tif=01;35:*.tiff=01;35:*.png=01;35:*.svg=01;35:*.svgz=01;35:*.mng=01;35:*.pcx=01;35:*.mov=01;35:*.mpg=01;35:*.mpeg=01;35:*.m2v=01;35:*.mkv=01;35:*.webm=01;35:*.webp=01;35:*.ogm=01;35:*.mp4=01;35:*.m4v=01;35:*.mp4v=01;35:*.vob=01;35:*.qt=01;35:*.nuv=01;35:*.wmv=01;35:*.asf=01;35:*.rm=01;35:*.rmvb=01;35:*.flc=01;35:*.avi=01;35:*.fli=01;35:*.flv=01;35:*.gl=01;35:*.dl=01;35:*.xcf=01;35:*.xwd=01;35:*.yuv=01;35:*.cgm=01;35:*.emf=01;35:*.ogv=01;35:*.ogx=01;35:*.aac=00;36:*.au=00;36:*.flac=00;36:*.m4a=00;36:*.mid=00;36:*.midi=00;36:*.mka=00;36:*.mp3=00;36:*.mpc=00;36:*.ogg=00;36:*.ra=00;36:*.wav=00;36:*.oga=00;36:*.opus=00;36:*.spx=00;36:*.xspf=00;36:'), ('VSCODE_GIT_IPC_HANDLE', '/run/user/1000/vscode-git-de57f957e7.sock'), ('TERM_PROGRAM', 'vscode'), ('GST_V4L2_USE_LIBV4L2', '1'), ('UMS_SIZE', '256M'), ('AMENT_PREFIX_PATH', '/home/admin/workspace/host_udp_ws/install/dog_udp_comm:/home/admin/workspace/host_udp_ws/install/cspc_lidar:/opt/ros/humble'), ('LC_MESSAGES', 'en_US.UTF-8'), ('SHELL', '/bin/bash'), ('UMS_RO', '0'), ('LESSCLOSE', '/usr/bin/lesspipe %s %s'), ('UMS_FSTYPE', 'vfat'), ('VSCODE_GIT_ASKPASS_EXTRA_ARGS', ''), ('PWD', '/home/admin/workspace/host_udp_ws/build/cspc_lidar'), ('LC_ALL', 'en_US.UTF-8'), ('SSH_CONNECTION', '192.168.88.243 63795 192.168.88.181 22'), ('PYTHONPATH', '/opt/ros/humble/lib/python3.10/site-packages:/opt/ros/humble/local/lib/python3.10/dist-packages'), ('UMS_MOUNT', '0'), ('COLCON', '1'), ('CMAKE_PREFIX_PATH', '/home/admin/workspace/host_udp_ws/install/dog_udp_comm:/home/admin/workspace/host_udp_ws/install/cspc_lidar:/opt/ros/humble'), ('UMS_FILE', '/userdata/ums_shared.img')]), 'shell': False}
[0.098764] (-) TimerEvent: {}
[0.199314] (-) TimerEvent: {}
[0.299732] (-) TimerEvent: {}
[0.353910] (cspc_lidar) StdoutLine: {'line': b'-- The C compiler identification is GNU 11.4.0\n'}
[0.399862] (-) TimerEvent: {}
[0.500376] (-) TimerEvent: {}
[0.600856] (-) TimerEvent: {}
[0.624105] (cspc_lidar) StdoutLine: {'line': b'-- The CXX compiler identification is GNU 11.4.0\n'}
[0.643628] (cspc_lidar) StdoutLine: {'line': b'-- Detecting C compiler ABI info\n'}
[0.700984] (-) TimerEvent: {}
[0.801371] (-) TimerEvent: {}
[0.874982] (cspc_lidar) StdoutLine: {'line': b'-- Detecting C compiler ABI info - done\n'}
[0.899003] (cspc_lidar) StdoutLine: {'line': b'-- Check for working C compiler: /usr/bin/cc - skipped\n'}
[0.900446] (cspc_lidar) StdoutLine: {'line': b'-- Detecting C compile features\n'}
[0.901220] (cspc_lidar) StdoutLine: {'line': b'-- Detecting C compile features - done\n'}
[0.901422] (-) TimerEvent: {}
[0.906096] (cspc_lidar) StdoutLine: {'line': b'-- Detecting CXX compiler ABI info\n'}
[1.001701] (-) TimerEvent: {}
[1.102667] (-) TimerEvent: {}
[1.146650] (cspc_lidar) StdoutLine: {'line': b'-- Detecting CXX compiler ABI info - done\n'}
[1.158623] (cspc_lidar) StdoutLine: {'line': b'-- Check for working CXX compiler: /usr/bin/c++ - skipped\n'}
[1.159381] (cspc_lidar) StdoutLine: {'line': b'-- Detecting CXX compile features\n'}
[1.160009] (cspc_lidar) StdoutLine: {'line': b'-- Detecting CXX compile features - done\n'}
[1.169621] (cspc_lidar) StdoutLine: {'line': b'-- Found ament_cmake: 1.3.14 (/opt/ros/humble/share/ament_cmake/cmake)\n'}
[1.202778] (-) TimerEvent: {}
[1.303576] (-) TimerEvent: {}
[1.405303] (-) TimerEvent: {}
[1.506344] (-) TimerEvent: {}
[1.542973] (cspc_lidar) StdoutLine: {'line': b'-- Found Python3: /usr/bin/python3 (found version "3.10.12") found components: Interpreter \n'}
[1.606554] (-) TimerEvent: {}
[1.707236] (-) TimerEvent: {}
[1.735050] (cspc_lidar) StdoutLine: {'line': b'-- Found rclcpp: 16.0.19 (/opt/ros/humble/share/rclcpp/cmake)\n'}
[1.807485] (-) TimerEvent: {}
[1.814369] (cspc_lidar) StdoutLine: {'line': b'-- Found rosidl_generator_c: 3.1.8 (/opt/ros/humble/share/rosidl_generator_c/cmake)\n'}
[1.823439] (cspc_lidar) StdoutLine: {'line': b'-- Found rosidl_adapter: 3.1.8 (/opt/ros/humble/share/rosidl_adapter/cmake)\n'}
[1.840452] (cspc_lidar) StdoutLine: {'line': b'-- Found rosidl_generator_cpp: 3.1.8 (/opt/ros/humble/share/rosidl_generator_cpp/cmake)\n'}
[1.864519] (cspc_lidar) StdoutLine: {'line': b'-- Using all available rosidl_typesupport_c: rosidl_typesupport_fastrtps_c;rosidl_typesupport_introspection_c\n'}
[1.896910] (cspc_lidar) StdoutLine: {'line': b'-- Using all available rosidl_typesupport_cpp: rosidl_typesupport_fastrtps_cpp;rosidl_typesupport_introspection_cpp\n'}
[1.907697] (-) TimerEvent: {}
[1.974891] (cspc_lidar) StdoutLine: {'line': b'-- Found rmw_implementation_cmake: 6.1.2 (/opt/ros/humble/share/rmw_implementation_cmake/cmake)\n'}
[1.980771] (cspc_lidar) StdoutLine: {'line': b'-- Found rmw_fastrtps_cpp: 6.2.10 (/opt/ros/humble/share/rmw_fastrtps_cpp/cmake)\n'}
[2.007858] (-) TimerEvent: {}
[2.108536] (-) TimerEvent: {}
[2.209206] (-) TimerEvent: {}
[2.217749] (cspc_lidar) StdoutLine: {'line': b'-- Found OpenSSL: /usr/lib/aarch64-linux-gnu/libcrypto.so (found version "3.0.2")  \n'}
[2.294126] (cspc_lidar) StdoutLine: {'line': b'-- Found FastRTPS: /opt/ros/humble/include  \n'}
[2.309443] (-) TimerEvent: {}
[2.371957] (cspc_lidar) StdoutLine: {'line': b"-- Using RMW implementation 'rmw_fastrtps_cpp' as default\n"}
[2.396655] (cspc_lidar) StdoutLine: {'line': b'-- Looking for pthread.h\n'}
[2.409530] (-) TimerEvent: {}
[2.510064] (-) TimerEvent: {}
[2.610724] (-) TimerEvent: {}
[2.634244] (cspc_lidar) StdoutLine: {'line': b'-- Looking for pthread.h - found\n'}
[2.634670] (cspc_lidar) StdoutLine: {'line': b'-- Performing Test CMAKE_HAVE_LIBC_PTHREAD\n'}
[2.710799] (-) TimerEvent: {}
[2.811160] (-) TimerEvent: {}
[2.872274] (cspc_lidar) StdoutLine: {'line': b'-- Performing Test CMAKE_HAVE_LIBC_PTHREAD - Success\n'}
[2.874838] (cspc_lidar) StdoutLine: {'line': b'-- Found Threads: TRUE  \n'}
[2.911267] (-) TimerEvent: {}
[3.011752] (-) TimerEvent: {}
[3.030198] (cspc_lidar) StdoutLine: {'line': b'-- Found sensor_msgs: 4.9.1 (/opt/ros/humble/share/sensor_msgs/cmake)\n'}
[3.111918] (-) TimerEvent: {}
[3.115372] (cspc_lidar) StdoutLine: {'line': b'-- Found visualization_msgs: 4.9.1 (/opt/ros/humble/share/visualization_msgs/cmake)\n'}
[3.161008] (cspc_lidar) StdoutLine: {'line': b'-- Found pcl_conversions: 2.4.5 (/opt/ros/humble/share/pcl_conversions/cmake)\n'}
[3.211998] (-) TimerEvent: {}
[3.239415] (cspc_lidar) StdoutLine: {'line': b"-- Checking for module 'eigen3'\n"}
[3.270376] (cspc_lidar) StdoutLine: {'line': b'--   Found eigen3, version 3.4.0\n'}
[3.312110] (-) TimerEvent: {}
[3.369028] (cspc_lidar) StdoutLine: {'line': b'-- Found Eigen: /usr/include/eigen3 (Required is at least version "3.1") \n'}
[3.369373] (cspc_lidar) StdoutLine: {'line': b'-- Eigen found (include: /usr/include/eigen3, version: 3.4.0)\n'}
[3.412372] (-) TimerEvent: {}
[3.430264] (cspc_lidar) StdoutLine: {'line': b"-- Checking for module 'flann'\n"}
[3.473509] (cspc_lidar) StdoutLine: {'line': b'--   Found flann, version 1.9.1\n'}
[3.512506] (-) TimerEvent: {}
[3.613020] (-) TimerEvent: {}
[3.613838] (cspc_lidar) StdoutLine: {'line': b'-- Found FLANN: /usr/lib/aarch64-linux-gnu/libflann_cpp.so  \n'}
[3.614095] (cspc_lidar) StdoutLine: {'line': b'-- FLANN found (include: /usr/include, lib: /usr/lib/aarch64-linux-gnu/libflann_cpp.so)\n'}
[3.713129] (-) TimerEvent: {}
[3.813525] (-) TimerEvent: {}
[3.914024] (-) TimerEvent: {}
[4.014600] (-) TimerEvent: {}
[4.115111] (-) TimerEvent: {}
[4.215522] (-) TimerEvent: {}
[4.315997] (-) TimerEvent: {}
[4.422201] (-) TimerEvent: {}
[4.522908] (-) TimerEvent: {}
[4.623323] (-) TimerEvent: {}
[4.725713] (-) TimerEvent: {}
[4.827444] (-) TimerEvent: {}
[4.928857] (-) TimerEvent: {}
[5.030033] (-) TimerEvent: {}
[5.130830] (-) TimerEvent: {}
[5.231975] (-) TimerEvent: {}
[5.332739] (-) TimerEvent: {}
[5.433602] (-) TimerEvent: {}
[5.534336] (-) TimerEvent: {}
[5.635241] (-) TimerEvent: {}
[5.736253] (-) TimerEvent: {}
[5.836868] (-) TimerEvent: {}
[5.937252] (-) TimerEvent: {}
[6.037628] (-) TimerEvent: {}
[6.138193] (-) TimerEvent: {}
[6.239015] (-) TimerEvent: {}
[6.339550] (-) TimerEvent: {}
[6.439928] (-) TimerEvent: {}
[6.476750] (cspc_lidar) StdoutLine: {'line': b"-- Checking for module 'libusb-1.0'\n"}
[6.529366] (cspc_lidar) StdoutLine: {'line': b'--   Found libusb-1.0, version 1.0.25\n'}
[6.540069] (-) TimerEvent: {}
[6.640571] (-) TimerEvent: {}
[6.655363] (cspc_lidar) StdoutLine: {'line': b'-- Found libusb: /usr/lib/aarch64-linux-gnu/libusb-1.0.so  \n'}
[6.662245] (cspc_lidar) StdoutLine: {'line': b'-- OpenNI found (version: 1.5.4.0, include: /usr/include/ni, lib: /usr/lib/libOpenNI.so;libusb::libusb)\n'}
[6.740718] (-) TimerEvent: {}
[6.841134] (-) TimerEvent: {}
[6.875575] (cspc_lidar) StdoutLine: {'line': b'-- OpenNI2 found (version: 2.2.0.33, include: /usr/include/openni2, lib: /usr/lib/aarch64-linux-gnu/libOpenNI2.so;libusb::libusb)\n'}
[6.941282] (-) TimerEvent: {}
[7.041727] (-) TimerEvent: {}
[7.142085] (-) TimerEvent: {}
[7.169558] (cspc_lidar) StdoutLine: {'line': b'-- Eigen found (include: /usr/include/eigen3, version: 3.4.0)\n'}
[7.190024] (cspc_lidar) StdoutLine: {'line': b'-- OpenNI found (version: 1.5.4.0, include: /usr/include/ni, lib: /usr/lib/libOpenNI.so;libusb::libusb)\n'}
[7.207669] (cspc_lidar) StdoutLine: {'line': b'-- OpenNI2 found (version: 2.2.0.33, include: /usr/include/openni2, lib: /usr/lib/aarch64-linux-gnu/libOpenNI2.so;libusb::libusb)\n'}
[7.242300] (-) TimerEvent: {}
[7.342954] (-) TimerEvent: {}
[7.443363] (-) TimerEvent: {}
[7.493349] (cspc_lidar) StdoutLine: {'line': b'-- Found Qhull version 8.0.2\n'}
[7.543488] (-) TimerEvent: {}
[7.643940] (-) TimerEvent: {}
[7.744477] (-) TimerEvent: {}
[7.765733] (cspc_lidar) StdoutLine: {'line': b'-- OpenNI found (version: 1.5.4.0, include: /usr/include/ni, lib: /usr/lib/libOpenNI.so;libusb::libusb)\n'}
[7.844636] (-) TimerEvent: {}
[7.945284] (-) TimerEvent: {}
[8.032515] (cspc_lidar) StdoutLine: {'line': b'-- Found PCL_COMMON: /usr/lib/aarch64-linux-gnu/libpcl_common.so  \n'}
[8.034468] (cspc_lidar) StdoutLine: {'line': b'-- Found PCL_KDTREE: /usr/lib/aarch64-linux-gnu/libpcl_kdtree.so  \n'}
[8.035814] (cspc_lidar) StdoutLine: {'line': b'-- Found PCL_OCTREE: /usr/lib/aarch64-linux-gnu/libpcl_octree.so  \n'}
[8.040035] (cspc_lidar) StdoutLine: {'line': b'-- Found PCL_SEARCH: /usr/lib/aarch64-linux-gnu/libpcl_search.so  \n'}
[8.043278] (cspc_lidar) StdoutLine: {'line': b'-- Found PCL_SAMPLE_CONSENSUS: /usr/lib/aarch64-linux-gnu/libpcl_sample_consensus.so  \n'}
[8.045393] (cspc_lidar) StdoutLine: {'line': b'-- Found PCL_FILTERS: /usr/lib/aarch64-linux-gnu/libpcl_filters.so  \n'}
[8.045974] (-) TimerEvent: {}
[8.046845] (cspc_lidar) StdoutLine: {'line': b'-- Found PCL_2D: /usr/include/pcl-1.12  \n'}
[8.047534] (cspc_lidar) StdoutLine: {'line': b'-- Found PCL_GEOMETRY: /usr/include/pcl-1.12  \n'}
[8.048054] (cspc_lidar) StdoutLine: {'line': b'-- Found PCL_IO: /usr/lib/aarch64-linux-gnu/libpcl_io.so  \n'}
[8.049619] (cspc_lidar) StdoutLine: {'line': b'-- Found PCL_FEATURES: /usr/lib/aarch64-linux-gnu/libpcl_features.so  \n'}
[8.050897] (cspc_lidar) StdoutLine: {'line': b'-- Found PCL_ML: /usr/lib/aarch64-linux-gnu/libpcl_ml.so  \n'}
[8.051987] (cspc_lidar) StdoutLine: {'line': b'-- Found PCL_SEGMENTATION: /usr/lib/aarch64-linux-gnu/libpcl_segmentation.so  \n'}
[8.054219] (cspc_lidar) StdoutLine: {'line': b'-- Found PCL_VISUALIZATION: /usr/lib/aarch64-linux-gnu/libpcl_visualization.so  \n'}
[8.055465] (cspc_lidar) StdoutLine: {'line': b'-- Found PCL_SURFACE: /usr/lib/aarch64-linux-gnu/libpcl_surface.so  \n'}
[8.056771] (cspc_lidar) StdoutLine: {'line': b'-- Found PCL_REGISTRATION: /usr/lib/aarch64-linux-gnu/libpcl_registration.so  \n'}
[8.058091] (cspc_lidar) StdoutLine: {'line': b'-- Found PCL_KEYPOINTS: /usr/lib/aarch64-linux-gnu/libpcl_keypoints.so  \n'}
[8.060330] (cspc_lidar) StdoutLine: {'line': b'-- Found PCL_TRACKING: /usr/lib/aarch64-linux-gnu/libpcl_tracking.so  \n'}
[8.062916] (cspc_lidar) StdoutLine: {'line': b'-- Found PCL_RECOGNITION: /usr/lib/aarch64-linux-gnu/libpcl_recognition.so  \n'}
[8.065899] (cspc_lidar) StdoutLine: {'line': b'-- Found PCL_STEREO: /usr/lib/aarch64-linux-gnu/libpcl_stereo.so  \n'}
[8.068016] (cspc_lidar) StdoutLine: {'line': b'-- Found PCL_APPS: /usr/lib/aarch64-linux-gnu/libpcl_apps.so  \n'}
[8.069354] (cspc_lidar) StdoutLine: {'line': b'-- Found PCL_IN_HAND_SCANNER: /usr/include/pcl-1.12  \n'}
[8.069854] (cspc_lidar) StdoutLine: {'line': b'-- Found PCL_MODELER: /usr/include/pcl-1.12  \n'}
[8.070772] (cspc_lidar) StdoutLine: {'line': b'-- Found PCL_POINT_CLOUD_EDITOR: /usr/include/pcl-1.12  \n'}
[8.072208] (cspc_lidar) StdoutLine: {'line': b'-- Found PCL_OUTOFCORE: /usr/lib/aarch64-linux-gnu/libpcl_outofcore.so  \n'}
[8.073532] (cspc_lidar) StdoutLine: {'line': b'-- Found PCL_PEOPLE: /usr/lib/aarch64-linux-gnu/libpcl_people.so  \n'}
[8.076265] (cspc_lidar) StderrLine: {'line': b'\x1b[33mCMake Warning (dev) at CMakeLists.txt:19 (find_package):\n'}
[8.076863] (cspc_lidar) StderrLine: {'line': b'  Policy CMP0074 is not set: find_package uses <PackageName>_ROOT variables.\n'}
[8.077221] (cspc_lidar) StderrLine: {'line': b'  Run "cmake --help-policy CMP0074" for policy details.  Use the cmake_policy\n'}
[8.077572] (cspc_lidar) StderrLine: {'line': b'  command to set the policy and suppress this warning.\n'}
[8.077912] (cspc_lidar) StderrLine: {'line': b'\n'}
[8.078260] (cspc_lidar) StderrLine: {'line': b'  CMake variable PCL_ROOT is set to:\n'}
[8.078609] (cspc_lidar) StderrLine: {'line': b'\n'}
[8.078962] (cspc_lidar) StderrLine: {'line': b'    /usr\n'}
[8.079326] (cspc_lidar) StderrLine: {'line': b'\n'}
[8.079691] (cspc_lidar) StderrLine: {'line': b'  For compatibility, CMake is ignoring the variable.\n'}
[8.080042] (cspc_lidar) StderrLine: {'line': b'This warning is for project developers.  Use -Wno-dev to suppress it.\n'}
[8.080490] (cspc_lidar) StderrLine: {'line': b'\x1b[0m\n'}
[8.107391] (cspc_lidar) StdoutLine: {'line': b'-- Found ament_lint_auto: 0.12.15 (/opt/ros/humble/share/ament_lint_auto/cmake)\n'}
[8.146274] (-) TimerEvent: {}
[8.247749] (-) TimerEvent: {}
[8.311846] (cspc_lidar) StdoutLine: {'line': b"-- Added test 'copyright' to check source files copyright and LICENSE\n"}
[8.314500] (cspc_lidar) StdoutLine: {'line': b"-- Added test 'cppcheck' to perform static code analysis on C / C++ code\n"}
[8.315024] (cspc_lidar) StdoutLine: {'line': b'-- Configured cppcheck include dirs: /home/admin/workspace/host_udp_ws/src/cspc_lidar_sdk_ros2/include/cspc_lidar;/home/admin/workspace/host_udp_ws/src/cspc_lidar_sdk_ros2/sdk\n'}
[8.315383] (cspc_lidar) StdoutLine: {'line': b'-- Configured cppcheck exclude dirs and/or files: \n'}
[8.317844] (cspc_lidar) StdoutLine: {'line': b"-- Added test 'cpplint' to check C / C++ code against the Google style\n"}
[8.318634] (cspc_lidar) StdoutLine: {'line': b'-- Configured cpplint exclude dirs and/or files: \n'}
[8.319803] (cspc_lidar) StdoutLine: {'line': b"-- Added test 'flake8' to check Python code syntax and style conventions\n"}
[8.321435] (cspc_lidar) StdoutLine: {'line': b"-- Added test 'lint_cmake' to check CMake code style\n"}
[8.323713] (cspc_lidar) StdoutLine: {'line': b"-- Added test 'pep257' to check Python code against some of the docstring style conventions in PEP 257\n"}
[8.326938] (cspc_lidar) StdoutLine: {'line': b"-- Added test 'uncrustify' to check C / C++ code style\n"}
[8.327457] (cspc_lidar) StdoutLine: {'line': b'-- Configured uncrustify additional arguments: \n'}
[8.328092] (cspc_lidar) StdoutLine: {'line': b"-- Added test 'xmllint' to check XML markup files\n"}
[8.330242] (cspc_lidar) StdoutLine: {'line': b'-- Configuring done\n'}
[8.348014] (-) TimerEvent: {}
[8.431687] (cspc_lidar) StdoutLine: {'line': b'-- Generating done\n'}
[8.448203] (-) TimerEvent: {}
[8.452221] (cspc_lidar) StdoutLine: {'line': b'-- Build files have been written to: /home/admin/workspace/host_udp_ws/build/cspc_lidar\n'}
[8.498159] (cspc_lidar) CommandEnded: {'returncode': 0}
[8.503016] (cspc_lidar) JobProgress: {'identifier': 'cspc_lidar', 'progress': 'build'}
[8.503163] (cspc_lidar) Command: {'cmd': ['/usr/bin/cmake', '--build', '/home/admin/workspace/host_udp_ws/build/cspc_lidar', '--', '-j8', '-l8'], 'cwd': '/home/admin/workspace/host_udp_ws/build/cspc_lidar', 'env': OrderedDict([('PYTHON_BASIC_REPL', '1'), ('LESSOPEN', '| /usr/bin/lesspipe %s'), ('UMS_MOUNTPOINT', '/mnt/ums'), ('GST_V4L2_PREFERRED_FOURCC', 'NV12:YU12:NV16:YUY2'), ('LANGUAGE', 'en_US.UTF-8'), ('USER', 'admin'), ('SSH_CLIENT', '192.168.88.243 63795 22'), ('XDG_SESSION_TYPE', 'tty'), ('GIT_ASKPASS', '/home/admin/.vscode-server/cli/servers/Stable-6a49527b96e326fe62fbdb56f60e16877c9aa724/server/extensions/git/dist/askpass.sh'), ('SHLVL', '1'), ('USB_FUNCS', 'adb'), ('LD_LIBRARY_PATH', '/opt/ros/humble/opt/rviz_ogre_vendor/lib:/opt/ros/humble/lib/aarch64-linux-gnu:/opt/ros/humble/lib'), ('BROWSER', '/home/admin/.vscode-server/cli/servers/Stable-6a49527b96e326fe62fbdb56f60e16877c9aa724/server/bin/helpers/browser.sh'), ('MOTD_SHOWN', 'pam'), ('HOME', '/home/admin'), ('OLDPWD', '/home/admin/workspace'), ('TERM_PROGRAM_VERSION', '1.122.0'), ('VSCODE_IPC_HOOK_CLI', '/run/user/1000/vscode-ipc-56a0c44b-29c5-456f-a17e-0cc1c913a2bc.sock'), ('GST_INSPECT_NO_COLORS', '1'), ('GST_MPP_NO_RGA', '1'), ('ROS_PYTHON_VERSION', '3'), ('COGL_DRIVER', 'gles2'), ('VSCODE_GIT_ASKPASS_MAIN', '/home/admin/.vscode-server/cli/servers/Stable-6a49527b96e326fe62fbdb56f60e16877c9aa724/server/extensions/git/dist/askpass-main.js'), ('PS1', '\\[\x1b]633;A\x07\\]\\[\x1b]633;A\x07\\]\\[\\e]0;\\u@\\h: \\w\\a\\]${debian_chroot:+($debian_chroot)}\\[\\033[01;32m\\]\\u@\\h\\[\\033[00m\\]:\\[\\033[01;34m\\]\\w\\[\\033[00m\\]\\$ \\[\x1b]633;B\x07\\]\\[\x1b]633;B\x07\\]'), ('VSCODE_GIT_ASKPASS_NODE', '/home/admin/.vscode-server/cli/servers/Stable-6a49527b96e326fe62fbdb56f60e16877c9aa724/server/node'), ('PYDEVD_DISABLE_FILE_VALIDATION', '1'), ('BUNDLED_DEBUGPY_PATH', '/home/admin/.vscode-server/extensions/ms-python.debugpy-2026.6.0-linux-arm64/bundled/libs/debugpy'), ('VSCODE_PYTHON_AUTOACTIVATE_GUARD', '1'), ('DBUS_SESSION_BUS_ADDRESS', 'unix:path=/run/user/1000/bus'), ('COLORTERM', 'truecolor'), ('COLCON_PREFIX_PATH', '/home/admin/workspace/host_udp_ws/install'), ('GST_V4L2SRC_MAX_RESOLUTION', '3840x2160'), ('ROS_DISTRO', 'humble'), ('LOGNAME', 'admin'), ('_', '/usr/bin/colcon'), ('ROS_VERSION', '2'), ('XDG_SESSION_CLASS', 'user'), ('TERM', 'xterm-256color'), ('GST_GL_API', 'gles2'), ('XDG_SESSION_ID', '6'), ('GST_VIDEO_CONVERT_PREFERRED_FORMAT', 'NV12:NV16:I420:YUY2'), ('GST_V4L2SRC_RK_DEVICES', '_mainpath:_selfpath:_bypass:_scale'), ('ROS_LOCALHOST_ONLY', '1'), ('PATH', '/home/admin/.vscode-server/cli/servers/Stable-6a49527b96e326fe62fbdb56f60e16877c9aa724/server/bin/remote-cli:/home/admin/.local/bin:/opt/ros/humble/bin:/home/admin/.local/bin:/usr/local/sbin:/usr/local/bin:/usr/sbin:/usr/bin:/sbin:/bin:/usr/games:/usr/local/games:/snap/bin:/home/admin/.vscode-server/extensions/ms-python.debugpy-2026.6.0-linux-arm64/bundled/scripts/noConfigScripts'), ('XDG_RUNTIME_DIR', '/run/user/1000'), ('GST_GL_PLATFORM', 'egl'), ('GST_DEBUG_NO_COLOR', '1'), ('GST_V4L2SRC_DEFAULT_DEVICE', '/dev/video-camera0'), ('DISPLAY', ':0'), ('VSCODE_DEBUGPY_ADAPTER_ENDPOINTS', '/home/admin/.vscode-server/extensions/ms-python.debugpy-2026.6.0-linux-arm64/.noConfigDebugAdapterEndpoints/endpoint-c929ce49067852cf.txt'), ('LANG', 'en_US.UTF-8'), ('PYTHONSTARTUP', '/home/admin/.vscode-server/data/User/workspaceStorage/2a4873d7ff7a1bb6e3391ee746fb9efe/ms-python.python/pythonrc.py'), ('LS_COLORS', 'rs=0:di=01;34:ln=01;36:mh=00:pi=40;33:so=01;35:do=01;35:bd=40;33;01:cd=40;33;01:or=40;31;01:mi=00:su=37;41:sg=30;43:ca=30;41:tw=30;42:ow=34;42:st=37;44:ex=01;32:*.tar=01;31:*.tgz=01;31:*.arc=01;31:*.arj=01;31:*.taz=01;31:*.lha=01;31:*.lz4=01;31:*.lzh=01;31:*.lzma=01;31:*.tlz=01;31:*.txz=01;31:*.tzo=01;31:*.t7z=01;31:*.zip=01;31:*.z=01;31:*.dz=01;31:*.gz=01;31:*.lrz=01;31:*.lz=01;31:*.lzo=01;31:*.xz=01;31:*.zst=01;31:*.tzst=01;31:*.bz2=01;31:*.bz=01;31:*.tbz=01;31:*.tbz2=01;31:*.tz=01;31:*.deb=01;31:*.rpm=01;31:*.jar=01;31:*.war=01;31:*.ear=01;31:*.sar=01;31:*.rar=01;31:*.alz=01;31:*.ace=01;31:*.zoo=01;31:*.cpio=01;31:*.7z=01;31:*.rz=01;31:*.cab=01;31:*.wim=01;31:*.swm=01;31:*.dwm=01;31:*.esd=01;31:*.jpg=01;35:*.jpeg=01;35:*.mjpg=01;35:*.mjpeg=01;35:*.gif=01;35:*.bmp=01;35:*.pbm=01;35:*.pgm=01;35:*.ppm=01;35:*.tga=01;35:*.xbm=01;35:*.xpm=01;35:*.tif=01;35:*.tiff=01;35:*.png=01;35:*.svg=01;35:*.svgz=01;35:*.mng=01;35:*.pcx=01;35:*.mov=01;35:*.mpg=01;35:*.mpeg=01;35:*.m2v=01;35:*.mkv=01;35:*.webm=01;35:*.webp=01;35:*.ogm=01;35:*.mp4=01;35:*.m4v=01;35:*.mp4v=01;35:*.vob=01;35:*.qt=01;35:*.nuv=01;35:*.wmv=01;35:*.asf=01;35:*.rm=01;35:*.rmvb=01;35:*.flc=01;35:*.avi=01;35:*.fli=01;35:*.flv=01;35:*.gl=01;35:*.dl=01;35:*.xcf=01;35:*.xwd=01;35:*.yuv=01;35:*.cgm=01;35:*.emf=01;35:*.ogv=01;35:*.ogx=01;35:*.aac=00;36:*.au=00;36:*.flac=00;36:*.m4a=00;36:*.mid=00;36:*.midi=00;36:*.mka=00;36:*.mp3=00;36:*.mpc=00;36:*.ogg=00;36:*.ra=00;36:*.wav=00;36:*.oga=00;36:*.opus=00;36:*.spx=00;36:*.xspf=00;36:'), ('VSCODE_GIT_IPC_HANDLE', '/run/user/1000/vscode-git-de57f957e7.sock'), ('TERM_PROGRAM', 'vscode'), ('GST_V4L2_USE_LIBV4L2', '1'), ('UMS_SIZE', '256M'), ('AMENT_PREFIX_PATH', '/home/admin/workspace/host_udp_ws/install/dog_udp_comm:/home/admin/workspace/host_udp_ws/install/cspc_lidar:/opt/ros/humble'), ('LC_MESSAGES', 'en_US.UTF-8'), ('SHELL', '/bin/bash'), ('UMS_RO', '0'), ('LESSCLOSE', '/usr/bin/lesspipe %s %s'), ('UMS_FSTYPE', 'vfat'), ('VSCODE_GIT_ASKPASS_EXTRA_ARGS', ''), ('PWD', '/home/admin/workspace/host_udp_ws/build/cspc_lidar'), ('LC_ALL', 'en_US.UTF-8'), ('SSH_CONNECTION', '192.168.88.243 63795 192.168.88.181 22'), ('PYTHONPATH', '/opt/ros/humble/lib/python3.10/site-packages:/opt/ros/humble/local/lib/python3.10/dist-packages'), ('UMS_MOUNT', '0'), ('COLCON', '1'), ('CMAKE_PREFIX_PATH', '/home/admin/workspace/host_udp_ws/install/dog_udp_comm:/home/admin/workspace/host_udp_ws/install/cspc_lidar:/opt/ros/humble'), ('UMS_FILE', '/userdata/ums_shared.img')]), 'shell': False}
[8.548367] (-) TimerEvent: {}
[8.649185] (-) TimerEvent: {}
[8.683780] (cspc_lidar) StdoutLine: {'line': b'[ 11%] \x1b[32mBuilding CXX object CMakeFiles/cspc_lidar.dir/sdk/mtime.cpp.o\x1b[0m\n'}
[8.686437] (cspc_lidar) StdoutLine: {'line': b'[ 22%] \x1b[32mBuilding CXX object CMakeFiles/cspc_lidar.dir/sdk/calibration.cpp.o\x1b[0m\n'}
[8.689404] (cspc_lidar) StdoutLine: {'line': b'[ 33%] \x1b[32mBuilding CXX object CMakeFiles/cspc_lidar.dir/sdk/point_cloud_optimize.cpp.o\x1b[0m\n'}
[8.690681] (cspc_lidar) StdoutLine: {'line': b'[ 55%] \x1b[32mBuilding CXX object CMakeFiles/cspc_lidar.dir/sdk/node_lidar.cpp.o\x1b[0m\n'}
[8.691012] (cspc_lidar) StdoutLine: {'line': b'[ 55%] \x1b[32mBuilding CXX object CMakeFiles/cspc_lidar.dir/sdk/serial_port.cpp.o\x1b[0m\n'}
[8.695458] (cspc_lidar) StdoutLine: {'line': b'[ 77%] \x1b[32mBuilding CXX object CMakeFiles/cspc_lidar.dir/sdk/lidar_data_processing.cpp.o\x1b[0m\n'}
[8.699216] (cspc_lidar) StdoutLine: {'line': b'[ 77%] \x1b[32mBuilding CXX object CMakeFiles/cspc_lidar.dir/sdk/timer.cpp.o\x1b[0m\n'}
[8.706510] (cspc_lidar) StdoutLine: {'line': b'[ 88%] \x1b[32mBuilding CXX object CMakeFiles/cspc_lidar.dir/src/node_lidar_ros.cpp.o\x1b[0m\n'}
[8.749298] (-) TimerEvent: {}
[8.849692] (-) TimerEvent: {}
[8.950073] (-) TimerEvent: {}
[9.050516] (-) TimerEvent: {}
[9.151019] (-) TimerEvent: {}
[9.251726] (-) TimerEvent: {}
[9.352747] (-) TimerEvent: {}
[9.453991] (-) TimerEvent: {}
[9.554980] (-) TimerEvent: {}
[9.609274] (cspc_lidar) StderrLine: {'line': b'\x1b[01m\x1b[K/home/admin/workspace/host_udp_ws/src/cspc_lidar_sdk_ros2/sdk/node_lidar.cpp:\x1b[m\x1b[K In function \xe2\x80\x98\x1b[01m\x1b[Kvoid flushSerial()\x1b[m\x1b[K\xe2\x80\x99:\n'}
[9.609619] (cspc_lidar) StderrLine: {'line': b'\x1b[01m\x1b[K/home/admin/workspace/host_udp_ws/src/cspc_lidar_sdk_ros2/sdk/node_lidar.cpp:53:24:\x1b[m\x1b[K \x1b[01;35m\x1b[Kwarning: \x1b[m\x1b[Kunused variable \xe2\x80\x98\x1b[01m\x1b[Kbytes_read\x1b[m\x1b[K\xe2\x80\x99 [\x1b[01;35m\x1b[K\x1b]8;;https://gcc.gnu.org/onlinedocs/gcc/Warning-Options.html#index-Wunused-variable\x07-Wunused-variable\x1b]8;;\x07\x1b[m\x1b[K]\n'}
[9.609797] (cspc_lidar) StderrLine: {'line': b'   53 |                 size_t \x1b[01;35m\x1b[Kbytes_read\x1b[m\x1b[K = node_lidar.serial_port->read_data(buffer, len);\n'}
[9.609885] (cspc_lidar) StderrLine: {'line': b'      |                        \x1b[01;35m\x1b[K^~~~~~~~~~\x1b[m\x1b[K\n'}
[9.610967] (cspc_lidar) StderrLine: {'line': b'\x1b[01m\x1b[K/home/admin/workspace/host_udp_ws/src/cspc_lidar_sdk_ros2/sdk/node_lidar.cpp:\x1b[m\x1b[K In function \xe2\x80\x98\x1b[01m\x1b[Kbool lidar_state_judgment()\x1b[m\x1b[K\xe2\x80\x99:\n'}
[9.611243] (cspc_lidar) StderrLine: {'line': b'\x1b[01m\x1b[K/home/admin/workspace/host_udp_ws/src/cspc_lidar_sdk_ros2/sdk/node_lidar.cpp:86:45:\x1b[m\x1b[K \x1b[01;35m\x1b[Kwarning: \x1b[m\x1b[Kformat \xe2\x80\x98\x1b[01m\x1b[K%lld\x1b[m\x1b[K\xe2\x80\x99 expects argument of type \xe2\x80\x98\x1b[01m\x1b[Klong long int\x1b[m\x1b[K\xe2\x80\x99, but argument 2 has type \xe2\x80\x98\x1b[01m\x1b[Kuint64_t\x1b[m\x1b[K\xe2\x80\x99 {aka \xe2\x80\x98\x1b[01m\x1b[Klong unsigned int\x1b[m\x1b[K\xe2\x80\x99} [\x1b[01;35m\x1b[K\x1b]8;;https://gcc.gnu.org/onlinedocs/gcc/Warning-Options.html#index-Wformat=\x07-Wformat=\x1b]8;;\x07\x1b[m\x1b[K]\n'}
[9.611365] (cspc_lidar) StderrLine: {'line': b'   86 |                 printf("\xe7\x8a\xb6\xe6\x80\x81\xe5\xbc\x82\xe5\xb8\xb8\xe9\x87\x8d\xe6\x96\xb0\xe5\x90\xaf\xe5\x8a\xa8 \x1b[01;35m\x1b[K%lld\x1b[m\x1b[K\\n",\x1b[32m\x1b[Klidar_status_time\x1b[m\x1b[K);\n'}
[9.611445] (cspc_lidar) StderrLine: {'line': b'      |                                          \x1b[01;35m\x1b[K~~~^\x1b[m\x1b[K    \x1b[32m\x1b[K~~~~~~~~~~~~~~~~~\x1b[m\x1b[K\n'}
[9.611518] (cspc_lidar) StderrLine: {'line': b'      |                                             \x1b[01;35m\x1b[K|\x1b[m\x1b[K    \x1b[32m\x1b[K|\x1b[m\x1b[K\n'}
[9.611590] (cspc_lidar) StderrLine: {'line': b'      |                                             \x1b[01;35m\x1b[K|\x1b[m\x1b[K    \x1b[32m\x1b[Kuint64_t {aka long unsigned int}\x1b[m\x1b[K\n'}
[9.611662] (cspc_lidar) StderrLine: {'line': b'      |                                             \x1b[01;35m\x1b[Klong long int\x1b[m\x1b[K\n'}
[9.611730] (cspc_lidar) StderrLine: {'line': b'      |                                          \x1b[32m\x1b[K%ld\x1b[m\x1b[K\n'}
[9.612008] (cspc_lidar) StderrLine: {'line': b'\x1b[01m\x1b[K/home/admin/workspace/host_udp_ws/src/cspc_lidar_sdk_ros2/sdk/node_lidar.cpp:62:21:\x1b[m\x1b[K \x1b[01;35m\x1b[Kwarning: \x1b[m\x1b[Kunused variable \xe2\x80\x98\x1b[01m\x1b[Kstatus_judge\x1b[m\x1b[K\xe2\x80\x99 [\x1b[01;35m\x1b[K\x1b]8;;https://gcc.gnu.org/onlinedocs/gcc/Warning-Options.html#index-Wunused-variable\x07-Wunused-variable\x1b]8;;\x07\x1b[m\x1b[K]\n'}
[9.612639] (cspc_lidar) StderrLine: {'line': b'   62 |         static bool \x1b[01;35m\x1b[Kstatus_judge\x1b[m\x1b[K = false;     //\xe6\x95\xb4\xe4\xbd\x93\xe7\x8a\xb6\xe6\x80\x81\xe5\x88\xa4\xe6\x96\xad\n'}
[9.614098] (cspc_lidar) StderrLine: {'line': b'      |                     \x1b[01;35m\x1b[K^~~~~~~~~~~~\x1b[m\x1b[K\n'}
[9.614975] (cspc_lidar) StderrLine: {'line': b'\x1b[01m\x1b[K/home/admin/workspace/host_udp_ws/src/cspc_lidar_sdk_ros2/sdk/node_lidar.cpp:65:21:\x1b[m\x1b[K \x1b[01;35m\x1b[Kwarning: \x1b[m\x1b[Kvariable \xe2\x80\x98\x1b[01m\x1b[Klidar_start_flag\x1b[m\x1b[K\xe2\x80\x99 set but not used [\x1b[01;35m\x1b[K\x1b]8;;https://gcc.gnu.org/onlinedocs/gcc/Warning-Options.html#index-Wunused-but-set-variable\x07-Wunused-but-set-variable\x1b]8;;\x07\x1b[m\x1b[K]\n'}
[9.615433] (cspc_lidar) StderrLine: {'line': b'   65 |         static bool \x1b[01;35m\x1b[Klidar_start_flag\x1b[m\x1b[K = false; //\xe4\xb8\x8b\xe5\x8f\x91\xe9\x9b\xb7\xe8\xbe\xbe\xe5\x90\xaf\xe5\x8a\xa8\xe6\x8c\x87\xe4\xbb\xa4\xe5\x90\x8e\xe7\x9a\x84\xe9\x9b\xb7\xe8\xbe\xbe\xe5\x8f\x8d\xe9\xa6\x88\xe6\xa0\x87\xe5\xbf\x97\n'}
[9.615879] (cspc_lidar) StderrLine: {'line': b'      |                     \x1b[01;35m\x1b[K^~~~~~~~~~~~~~~~\x1b[m\x1b[K\n'}
[9.616954] (cspc_lidar) StderrLine: {'line': b'\x1b[01m\x1b[K/home/admin/workspace/host_udp_ws/src/cspc_lidar_sdk_ros2/sdk/point_cloud_optimize.cpp:\x1b[m\x1b[K In member function \xe2\x80\x98\x1b[01m\x1b[Kvoid Point_cloud_optimize::PointCloudFilter(LaserScan*)\x1b[m\x1b[K\xe2\x80\x99:\n'}
[9.617494] (cspc_lidar) StderrLine: {'line': b'\x1b[01m\x1b[K/home/admin/workspace/host_udp_ws/src/cspc_lidar_sdk_ros2/sdk/point_cloud_optimize.cpp:25:25:\x1b[m\x1b[K \x1b[01;35m\x1b[Kwarning: \x1b[m\x1b[Kcomparison of integer expressions of different signedness: \xe2\x80\x98\x1b[01m\x1b[Kint\x1b[m\x1b[K\xe2\x80\x99 and \xe2\x80\x98\x1b[01m\x1b[Kstd::vector<LaserPoint>::size_type\x1b[m\x1b[K\xe2\x80\x99 {aka \xe2\x80\x98\x1b[01m\x1b[Klong unsigned int\x1b[m\x1b[K\xe2\x80\x99} [\x1b[01;35m\x1b[K\x1b]8;;https://gcc.gnu.org/onlinedocs/gcc/Warning-Options.html#index-Wsign-compare\x07-Wsign-compare\x1b]8;;\x07\x1b[m\x1b[K]\n'}
[9.618011] (cspc_lidar) StderrLine: {'line': b'   25 |         for (i0 = 0; \x1b[01;35m\x1b[Ki0 < Scan->points.size()\x1b[m\x1b[K; i0++)\n'}
[9.618398] (cspc_lidar) StderrLine: {'line': b'      |                      \x1b[01;35m\x1b[K~~~^~~~~~~~~~~~~~~~~~~~~\x1b[m\x1b[K\n'}
[9.619823] (cspc_lidar) StderrLine: {'line': b'\x1b[01m\x1b[K/home/admin/workspace/host_udp_ws/src/cspc_lidar_sdk_ros2/sdk/point_cloud_optimize.cpp:28:25:\x1b[m\x1b[K \x1b[01;35m\x1b[Kwarning: \x1b[m\x1b[Kcomparison of integer expressions of different signedness: \xe2\x80\x98\x1b[01m\x1b[Kint\x1b[m\x1b[K\xe2\x80\x99 and \xe2\x80\x98\x1b[01m\x1b[Kstd::vector<LaserPoint>::size_type\x1b[m\x1b[K\xe2\x80\x99 {aka \xe2\x80\x98\x1b[01m\x1b[Klong unsigned int\x1b[m\x1b[K\xe2\x80\x99} [\x1b[01;35m\x1b[K\x1b]8;;https://gcc.gnu.org/onlinedocs/gcc/Warning-Options.html#index-Wsign-compare\x07-Wsign-compare\x1b]8;;\x07\x1b[m\x1b[K]\n'}
[9.620403] (cspc_lidar) StderrLine: {'line': b'   28 |                 i1 = \x1b[01;35m\x1b[Ki1 < Scan->points.size()\x1b[m\x1b[K ? i1 : i1 - Scan->points.size();\n'}
[9.621113] (cspc_lidar) StderrLine: {'line': b'      |                      \x1b[01;35m\x1b[K~~~^~~~~~~~~~~~~~~~~~~~~\x1b[m\x1b[K\n'}
[9.621728] (cspc_lidar) StderrLine: {'line': b'\x1b[01m\x1b[K/home/admin/workspace/host_udp_ws/src/cspc_lidar_sdk_ros2/sdk/point_cloud_optimize.cpp:30:25:\x1b[m\x1b[K \x1b[01;35m\x1b[Kwarning: \x1b[m\x1b[Kcomparison of integer expressions of different signedness: \xe2\x80\x98\x1b[01m\x1b[Kint\x1b[m\x1b[K\xe2\x80\x99 and \xe2\x80\x98\x1b[01m\x1b[Kstd::vector<LaserPoint>::size_type\x1b[m\x1b[K\xe2\x80\x99 {aka \xe2\x80\x98\x1b[01m\x1b[Klong unsigned int\x1b[m\x1b[K\xe2\x80\x99} [\x1b[01;35m\x1b[K\x1b]8;;https://gcc.gnu.org/onlinedocs/gcc/Warning-Options.html#index-Wsign-compare\x07-Wsign-compare\x1b]8;;\x07\x1b[m\x1b[K]\n'}
[9.622151] (cspc_lidar) StderrLine: {'line': b'   30 |                 i2 = \x1b[01;35m\x1b[Ki2 < Scan->points.size()\x1b[m\x1b[K ? i2 : i2 - Scan->points.size();\n'}
[9.622964] (cspc_lidar) StderrLine: {'line': b'      |                      \x1b[01;35m\x1b[K~~~^~~~~~~~~~~~~~~~~~~~~\x1b[m\x1b[K\n'}
[9.623360] (cspc_lidar) StderrLine: {'line': b'\x1b[01m\x1b[K/home/admin/workspace/host_udp_ws/src/cspc_lidar_sdk_ros2/sdk/point_cloud_optimize.cpp:32:25:\x1b[m\x1b[K \x1b[01;35m\x1b[Kwarning: \x1b[m\x1b[Kcomparison of integer expressions of different signedness: \xe2\x80\x98\x1b[01m\x1b[Kint\x1b[m\x1b[K\xe2\x80\x99 and \xe2\x80\x98\x1b[01m\x1b[Kstd::vector<LaserPoint>::size_type\x1b[m\x1b[K\xe2\x80\x99 {aka \xe2\x80\x98\x1b[01m\x1b[Klong unsigned int\x1b[m\x1b[K\xe2\x80\x99} [\x1b[01;35m\x1b[K\x1b]8;;https://gcc.gnu.org/onlinedocs/gcc/Warning-Options.html#index-Wsign-compare\x07-Wsign-compare\x1b]8;;\x07\x1b[m\x1b[K]\n'}
[9.623735] (cspc_lidar) StderrLine: {'line': b'   32 |                 i3 = \x1b[01;35m\x1b[Ki3 < Scan->points.size()\x1b[m\x1b[K ? i3 : i3 - Scan->points.size();\n'}
[9.624130] (cspc_lidar) StderrLine: {'line': b'      |                      \x1b[01;35m\x1b[K~~~^~~~~~~~~~~~~~~~~~~~~\x1b[m\x1b[K\n'}
[9.625021] (cspc_lidar) StderrLine: {'line': b'\x1b[01m\x1b[K/home/admin/workspace/host_udp_ws/src/cspc_lidar_sdk_ros2/sdk/node_lidar.cpp:\x1b[m\x1b[K In function \xe2\x80\x98\x1b[01m\x1b[Kint read_forever()\x1b[m\x1b[K\xe2\x80\x99:\n'}
[9.627278] (cspc_lidar) StderrLine: {'line': b'\x1b[01m\x1b[K/home/admin/workspace/host_udp_ws/src/cspc_lidar_sdk_ros2/sdk/node_lidar.cpp:206:82:\x1b[m\x1b[K \x1b[01;35m\x1b[Kwarning: \x1b[m\x1b[Kformat \xe2\x80\x98\x1b[01m\x1b[K%d\x1b[m\x1b[K\xe2\x80\x99 expects argument of type \xe2\x80\x98\x1b[01m\x1b[Kint\x1b[m\x1b[K\xe2\x80\x99, but argument 2 has type \xe2\x80\x98\x1b[01m\x1b[Ksize_t\x1b[m\x1b[K\xe2\x80\x99 {aka \xe2\x80\x98\x1b[01m\x1b[Klong unsigned int\x1b[m\x1b[K\xe2\x80\x99} [\x1b[01;35m\x1b[K\x1b]8;;https://gcc.gnu.org/onlinedocs/gcc/Warning-Options.html#index-Wformat=\x07-Wformat=\x1b]8;;\x07\x1b[m\x1b[K]\n'}
[9.628365] (cspc_lidar) StderrLine: {'line': b'  206 |                                                         printf("full----- count=\x1b[01;35m\x1b[K%d\x1b[m\x1b[K,time=%lld,frequence=%d\\n",\x1b[32m\x1b[Kscan_count\x1b[m\x1b[K,current_times(),local_scan[0].scan_frequence);\n'}
[9.629060] (cspc_lidar) StderrLine: {'line': b'      |                                                                                 \x1b[01;35m\x1b[K~^\x1b[m\x1b[K                           \x1b[32m\x1b[K~~~~~~~~~~\x1b[m\x1b[K\n'}
[9.629594] (cspc_lidar) StderrLine: {'line': b'      |                                                                                  \x1b[01;35m\x1b[K|\x1b[m\x1b[K                           \x1b[32m\x1b[K|\x1b[m\x1b[K\n'}
[9.630023] (cspc_lidar) StderrLine: {'line': b'      |                                                                                  \x1b[01;35m\x1b[Kint\x1b[m\x1b[K                         \x1b[32m\x1b[Ksize_t {aka long unsigned int}\x1b[m\x1b[K\n'}
[9.630441] (cspc_lidar) StderrLine: {'line': b'      |                                                                                 \x1b[32m\x1b[K%ld\x1b[m\x1b[K\n'}
[9.630829] (cspc_lidar) StderrLine: {'line': b'\x1b[01m\x1b[K/home/admin/workspace/host_udp_ws/src/cspc_lidar_sdk_ros2/sdk/node_lidar.cpp:206:92:\x1b[m\x1b[K \x1b[01;35m\x1b[Kwarning: \x1b[m\x1b[Kformat \xe2\x80\x98\x1b[01m\x1b[K%lld\x1b[m\x1b[K\xe2\x80\x99 expects argument of type \xe2\x80\x98\x1b[01m\x1b[Klong long int\x1b[m\x1b[K\xe2\x80\x99, but argument 3 has type \xe2\x80\x98\x1b[01m\x1b[Kint64_t\x1b[m\x1b[K\xe2\x80\x99 {aka \xe2\x80\x98\x1b[01m\x1b[Klong int\x1b[m\x1b[K\xe2\x80\x99} [\x1b[01;35m\x1b[K\x1b]8;;https://gcc.gnu.org/onlinedocs/gcc/Warning-Options.html#index-Wformat=\x07-Wformat=\x1b]8;;\x07\x1b[m\x1b[K]\n'}
[9.631212] (cspc_lidar) StderrLine: {'line': b'  206 |                                                         printf("full----- count=%d,time=\x1b[01;35m\x1b[K%lld\x1b[m\x1b[K,frequence=%d\\n",scan_count,\x1b[32m\x1b[Kcurrent_times()\x1b[m\x1b[K,local_scan[0].scan_frequence);\n'}
[9.631615] (cspc_lidar) StderrLine: {'line': b'      |                                                                                         \x1b[01;35m\x1b[K~~~^\x1b[m\x1b[K                            \x1b[32m\x1b[K~~~~~~~~~~~~~~~\x1b[m\x1b[K\n'}
[9.631971] (cspc_lidar) StderrLine: {'line': b'      |                                                                                            \x1b[01;35m\x1b[K|\x1b[m\x1b[K                                         \x1b[32m\x1b[K|\x1b[m\x1b[K\n'}
[9.632321] (cspc_lidar) StderrLine: {'line': b'      |                                                                                            \x1b[01;35m\x1b[Klong long int\x1b[m\x1b[K                             \x1b[32m\x1b[Kint64_t {aka long int}\x1b[m\x1b[K\n'}
[9.632758] (cspc_lidar) StderrLine: {'line': b'      |                                                                                         \x1b[32m\x1b[K%ld\x1b[m\x1b[K\n'}
[9.633126] (cspc_lidar) StderrLine: {'line': b'\x1b[01m\x1b[K/home/admin/workspace/host_udp_ws/src/cspc_lidar_sdk_ros2/sdk/node_lidar.cpp:\x1b[m\x1b[K In function \xe2\x80\x98\x1b[01m\x1b[Kvoid send_lidar_data(LaserScan&)\x1b[m\x1b[K\xe2\x80\x99:\n'}
[9.633511] (cspc_lidar) StderrLine: {'line': b'\x1b[01m\x1b[K/home/admin/workspace/host_udp_ws/src/cspc_lidar_sdk_ros2/sdk/node_lidar.cpp:312:43:\x1b[m\x1b[K \x1b[01;35m\x1b[Kwarning: \x1b[m\x1b[Kcomparison of integer expressions of different signedness: \xe2\x80\x98\x1b[01m\x1b[Kint\x1b[m\x1b[K\xe2\x80\x99 and \xe2\x80\x98\x1b[01m\x1b[Ksize_t\x1b[m\x1b[K\xe2\x80\x99 {aka \xe2\x80\x98\x1b[01m\x1b[Klong unsigned int\x1b[m\x1b[K\xe2\x80\x99} [\x1b[01;35m\x1b[K\x1b]8;;https://gcc.gnu.org/onlinedocs/gcc/Warning-Options.html#index-Wsign-compare\x07-Wsign-compare\x1b]8;;\x07\x1b[m\x1b[K]\n'}
[9.633878] (cspc_lidar) StderrLine: {'line': b'  312 |                         for (int i = 0; \x1b[01;35m\x1b[Ki < count\x1b[m\x1b[K; i++)\n'}
[9.634226] (cspc_lidar) StderrLine: {'line': b'      |                                         \x1b[01;35m\x1b[K~~^~~~~~~\x1b[m\x1b[K\n'}
[9.634574] (cspc_lidar) StderrLine: {'line': b'\x1b[01m\x1b[K/home/admin/workspace/host_udp_ws/src/cspc_lidar_sdk_ros2/sdk/point_cloud_optimize.cpp:155:25:\x1b[m\x1b[K \x1b[01;35m\x1b[Kwarning: \x1b[m\x1b[Kcomparison of integer expressions of different signedness: \xe2\x80\x98\x1b[01m\x1b[Kint\x1b[m\x1b[K\xe2\x80\x99 and \xe2\x80\x98\x1b[01m\x1b[Kstd::vector<LaserPoint>::size_type\x1b[m\x1b[K\xe2\x80\x99 {aka \xe2\x80\x98\x1b[01m\x1b[Klong unsigned int\x1b[m\x1b[K\xe2\x80\x99} [\x1b[01;35m\x1b[K\x1b]8;;https://gcc.gnu.org/onlinedocs/gcc/Warning-Options.html#index-Wsign-compare\x07-Wsign-compare\x1b]8;;\x07\x1b[m\x1b[K]\n'}
[9.634940] (cspc_lidar) StderrLine: {'line': b'  155 |         for (i0 = 0; \x1b[01;35m\x1b[Ki0 < Scan->points.size()\x1b[m\x1b[K; i0++)\n'}
[9.635289] (cspc_lidar) StderrLine: {'line': b'      |                      \x1b[01;35m\x1b[K~~~^~~~~~~~~~~~~~~~~~~~~\x1b[m\x1b[K\n'}
[9.635636] (cspc_lidar) StderrLine: {'line': b'\x1b[01m\x1b[K/home/admin/workspace/host_udp_ws/src/cspc_lidar_sdk_ros2/sdk/point_cloud_optimize.cpp:158:25:\x1b[m\x1b[K \x1b[01;35m\x1b[Kwarning: \x1b[m\x1b[Kcomparison of integer expressions of different signedness: \xe2\x80\x98\x1b[01m\x1b[Kint\x1b[m\x1b[K\xe2\x80\x99 and \xe2\x80\x98\x1b[01m\x1b[Kstd::vector<LaserPoint>::size_type\x1b[m\x1b[K\xe2\x80\x99 {aka \xe2\x80\x98\x1b[01m\x1b[Klong unsigned int\x1b[m\x1b[K\xe2\x80\x99} [\x1b[01;35m\x1b[K\x1b]8;;https://gcc.gnu.org/onlinedocs/gcc/Warning-Options.html#index-Wsign-compare\x07-Wsign-compare\x1b]8;;\x07\x1b[m\x1b[K]\n'}
[9.636080] (cspc_lidar) StderrLine: {'line': b'  158 |                 i1 = \x1b[01;35m\x1b[Ki1 < Scan->points.size()\x1b[m\x1b[K ? i1 : i1 - Scan->points.size();\n'}
[9.636451] (cspc_lidar) StderrLine: {'line': b'      |                      \x1b[01;35m\x1b[K~~~^~~~~~~~~~~~~~~~~~~~~\x1b[m\x1b[K\n'}
[9.636802] (cspc_lidar) StderrLine: {'line': b'\x1b[01m\x1b[K/home/admin/workspace/host_udp_ws/src/cspc_lidar_sdk_ros2/sdk/point_cloud_optimize.cpp:160:25:\x1b[m\x1b[K \x1b[01;35m\x1b[Kwarning: \x1b[m\x1b[Kcomparison of integer expressions of different signedness: \xe2\x80\x98\x1b[01m\x1b[Kint\x1b[m\x1b[K\xe2\x80\x99 and \xe2\x80\x98\x1b[01m\x1b[Kstd::vector<LaserPoint>::size_type\x1b[m\x1b[K\xe2\x80\x99 {aka \xe2\x80\x98\x1b[01m\x1b[Klong unsigned int\x1b[m\x1b[K\xe2\x80\x99} [\x1b[01;35m\x1b[K\x1b]8;;https://gcc.gnu.org/onlinedocs/gcc/Warning-Options.html#index-Wsign-compare\x07-Wsign-compare\x1b]8;;\x07\x1b[m\x1b[K]\n'}
[9.637168] (cspc_lidar) StderrLine: {'line': b'  160 |                 i2 = \x1b[01;35m\x1b[Ki2 < Scan->points.size()\x1b[m\x1b[K ? i2 : i2 - Scan->points.size();\n'}
[9.637523] (cspc_lidar) StderrLine: {'line': b'      |                      \x1b[01;35m\x1b[K~~~^~~~~~~~~~~~~~~~~~~~~\x1b[m\x1b[K\n'}
[9.637872] (cspc_lidar) StderrLine: {'line': b'\x1b[01m\x1b[K/home/admin/workspace/host_udp_ws/src/cspc_lidar_sdk_ros2/sdk/point_cloud_optimize.cpp:162:25:\x1b[m\x1b[K \x1b[01;35m\x1b[Kwarning: \x1b[m\x1b[Kcomparison of integer expressions of different signedness: \xe2\x80\x98\x1b[01m\x1b[Kint\x1b[m\x1b[K\xe2\x80\x99 and \xe2\x80\x98\x1b[01m\x1b[Kstd::vector<LaserPoint>::size_type\x1b[m\x1b[K\xe2\x80\x99 {aka \xe2\x80\x98\x1b[01m\x1b[Klong unsigned int\x1b[m\x1b[K\xe2\x80\x99} [\x1b[01;35m\x1b[K\x1b]8;;https://gcc.gnu.org/onlinedocs/gcc/Warning-Options.html#index-Wsign-compare\x07-Wsign-compare\x1b]8;;\x07\x1b[m\x1b[K]\n'}
[9.638287] (cspc_lidar) StderrLine: {'line': b'  162 |                 i3 = \x1b[01;35m\x1b[Ki3 < Scan->points.size()\x1b[m\x1b[K ? i3 : i3 - Scan->points.size();\n'}
[9.638687] (cspc_lidar) StderrLine: {'line': b'      |                      \x1b[01;35m\x1b[K~~~^~~~~~~~~~~~~~~~~~~~~\x1b[m\x1b[K\n'}
[9.639044] (cspc_lidar) StderrLine: {'line': b'\x1b[01m\x1b[K/home/admin/workspace/host_udp_ws/src/cspc_lidar_sdk_ros2/sdk/point_cloud_optimize.cpp:164:25:\x1b[m\x1b[K \x1b[01;35m\x1b[Kwarning: \x1b[m\x1b[Kcomparison of integer expressions of different signedness: \xe2\x80\x98\x1b[01m\x1b[Kint\x1b[m\x1b[K\xe2\x80\x99 and \xe2\x80\x98\x1b[01m\x1b[Kstd::vector<LaserPoint>::size_type\x1b[m\x1b[K\xe2\x80\x99 {aka \xe2\x80\x98\x1b[01m\x1b[Klong unsigned int\x1b[m\x1b[K\xe2\x80\x99} [\x1b[01;35m\x1b[K\x1b]8;;https://gcc.gnu.org/onlinedocs/gcc/Warning-Options.html#index-Wsign-compare\x07-Wsign-compare\x1b]8;;\x07\x1b[m\x1b[K]\n'}
[9.639502] (cspc_lidar) StderrLine: {'line': b'  164 |                 i4 = \x1b[01;35m\x1b[Ki4 < Scan->points.size()\x1b[m\x1b[K ? i4 : i4 - Scan->points.size();\n'}
[9.639871] (cspc_lidar) StderrLine: {'line': b'      |                      \x1b[01;35m\x1b[K~~~^~~~~~~~~~~~~~~~~~~~~\x1b[m\x1b[K\n'}
[9.640510] (cspc_lidar) StderrLine: {'line': b'\x1b[01m\x1b[K/home/admin/workspace/host_udp_ws/src/cspc_lidar_sdk_ros2/sdk/point_cloud_optimize.cpp:\x1b[m\x1b[K In member function \xe2\x80\x98\x1b[01m\x1b[Kint Point_cloud_optimize::UltrasonicSimRanging(LaserPoint&)\x1b[m\x1b[K\xe2\x80\x99:\n'}
[9.640917] (cspc_lidar) StderrLine: {'line': b'\x1b[01m\x1b[K/home/admin/workspace/host_udp_ws/src/cspc_lidar_sdk_ros2/sdk/point_cloud_optimize.cpp:228:13:\x1b[m\x1b[K \x1b[01;35m\x1b[Kwarning: \x1b[m\x1b[Kunused variable \xe2\x80\x98\x1b[01m\x1b[Ki\x1b[m\x1b[K\xe2\x80\x99 [\x1b[01;35m\x1b[K\x1b]8;;https://gcc.gnu.org/onlinedocs/gcc/Warning-Options.html#index-Wunused-variable\x07-Wunused-variable\x1b]8;;\x07\x1b[m\x1b[K]\n'}
[9.641290] (cspc_lidar) StderrLine: {'line': b'  228 |         int \x1b[01;35m\x1b[Ki\x1b[m\x1b[K, index;\n'}
[9.641641] (cspc_lidar) StderrLine: {'line': b'      |             \x1b[01;35m\x1b[K^\x1b[m\x1b[K\n'}
[9.641994] (cspc_lidar) StderrLine: {'line': b'\x1b[01m\x1b[K/home/admin/workspace/host_udp_ws/src/cspc_lidar_sdk_ros2/sdk/point_cloud_optimize.cpp:229:15:\x1b[m\x1b[K \x1b[01;35m\x1b[Kwarning: \x1b[m\x1b[Kunused variable \xe2\x80\x98\x1b[01m\x1b[Ktempdep\x1b[m\x1b[K\xe2\x80\x99 [\x1b[01;35m\x1b[K\x1b]8;;https://gcc.gnu.org/onlinedocs/gcc/Warning-Options.html#index-Wunused-variable\x07-Wunused-variable\x1b]8;;\x07\x1b[m\x1b[K]\n'}
[9.642671] (cspc_lidar) StderrLine: {'line': b'  229 |         short \x1b[01;35m\x1b[Ktempdep\x1b[m\x1b[K;\n'}
[9.643062] (cspc_lidar) StderrLine: {'line': b'      |               \x1b[01;35m\x1b[K^~~~~~~\x1b[m\x1b[K\n'}
[9.643418] (cspc_lidar) StderrLine: {'line': b'\x1b[01m\x1b[K/home/admin/workspace/host_udp_ws/src/cspc_lidar_sdk_ros2/sdk/point_cloud_optimize.cpp:253:1:\x1b[m\x1b[K \x1b[01;35m\x1b[Kwarning: \x1b[m\x1b[Kno return statement in function returning non-void [\x1b[01;35m\x1b[K\x1b]8;;https://gcc.gnu.org/onlinedocs/gcc/Warning-Options.html#index-Wreturn-type\x07-Wreturn-type\x1b]8;;\x07\x1b[m\x1b[K]\n'}
[9.645515] (cspc_lidar) StderrLine: {'line': b'  253 | \x1b[01;35m\x1b[K}\x1b[m\x1b[K\n'}
[9.646091] (cspc_lidar) StderrLine: {'line': b'      | \x1b[01;35m\x1b[K^\x1b[m\x1b[K\n'}
[9.646566] (cspc_lidar) StderrLine: {'line': b'\x1b[01m\x1b[K/home/admin/workspace/host_udp_ws/src/cspc_lidar_sdk_ros2/sdk/point_cloud_optimize.cpp:\x1b[m\x1b[K In member function \xe2\x80\x98\x1b[01m\x1b[Kvoid Point_cloud_optimize::lidar_blocked_judge(int)\x1b[m\x1b[K\xe2\x80\x99:\n'}
[9.646985] (cspc_lidar) StderrLine: {'line': b'\x1b[01m\x1b[K/home/admin/workspace/host_udp_ws/src/cspc_lidar_sdk_ros2/sdk/point_cloud_optimize.cpp:341:60:\x1b[m\x1b[K \x1b[01;35m\x1b[Kwarning: \x1b[m\x1b[Kformat \xe2\x80\x98\x1b[01m\x1b[K%d\x1b[m\x1b[K\xe2\x80\x99 expects argument of type \xe2\x80\x98\x1b[01m\x1b[Kint\x1b[m\x1b[K\xe2\x80\x99, but argument 3 has type \xe2\x80\x98\x1b[01m\x1b[Ksize_t\x1b[m\x1b[K\xe2\x80\x99 {aka \xe2\x80\x98\x1b[01m\x1b[Klong unsigned int\x1b[m\x1b[K\xe2\x80\x99} [\x1b[01;35m\x1b[K\x1b]8;;https://gcc.gnu.org/onlinedocs/gcc/Warning-Options.html#index-Wformat=\x07-Wformat=\x1b]8;;\x07\x1b[m\x1b[K]\n'}
[9.647469] (cspc_lidar) StderrLine: {'line': b'  341 |                 printf("lidar \xe9\x9b\xb7\xe8\xbe\xbe\xe8\xa2\xab\xe4\xb8\xa5\xe9\x87\x8d\xe9\x81\xae\xe6\x8c\xa1\xe7\x99\xbe\xe5\x88\x86\xe4\xb9\x8b\xe4\xb8\x83\xe5\x8d\x81 %d,\x1b[01;35m\x1b[K%d\x1b[m\x1b[K\\n",node_lidar.lidar_block.lidar_zero_count,\x1b[32m\x1b[Knode_lidar.scan_node_count\x1b[m\x1b[K);\n'}
[9.647866] (cspc_lidar) StderrLine: {'line': b'      |                                                           \x1b[01;35m\x1b[K~^\x1b[m\x1b[K                                            \x1b[32m\x1b[K~~~~~~~~~~~~~~~~~~~~~~~~~~\x1b[m\x1b[K\n'}
[9.648237] (cspc_lidar) StderrLine: {'line': b'      |                                                            \x1b[01;35m\x1b[K|\x1b[m\x1b[K                                                       \x1b[32m\x1b[K|\x1b[m\x1b[K\n'}
[9.648599] (cspc_lidar) StderrLine: {'line': b'      |                                                            \x1b[01;35m\x1b[Kint\x1b[m\x1b[K                                                     \x1b[32m\x1b[Ksize_t {aka long unsigned int}\x1b[m\x1b[K\n'}
[9.648959] (cspc_lidar) StderrLine: {'line': b'      |                                                           \x1b[32m\x1b[K%ld\x1b[m\x1b[K\n'}
[9.649408] (cspc_lidar) StderrLine: {'line': b'\x1b[01m\x1b[K/home/admin/workspace/host_udp_ws/src/cspc_lidar_sdk_ros2/sdk/point_cloud_optimize.cpp:\x1b[m\x1b[K In member function \xe2\x80\x98\x1b[01m\x1b[Kvoid Point_cloud_optimize::lidar_blocked_init()\x1b[m\x1b[K\xe2\x80\x99:\n'}
[9.650359] (cspc_lidar) StderrLine: {'line': b'\x1b[01m\x1b[K/home/admin/workspace/host_udp_ws/src/cspc_lidar_sdk_ros2/sdk/point_cloud_optimize.cpp:404:69:\x1b[m\x1b[K \x1b[01;35m\x1b[Kwarning: \x1b[m\x1b[Ksuggest parentheses around \xe2\x80\x98\x1b[01m\x1b[K&&\x1b[m\x1b[K\xe2\x80\x99 within \xe2\x80\x98\x1b[01m\x1b[K||\x1b[m\x1b[K\xe2\x80\x99 [\x1b[01;35m\x1b[K\x1b]8;;https://gcc.gnu.org/onlinedocs/gcc/Warning-Options.html#index-Wparentheses\x07-Wparentheses\x1b]8;;\x07\x1b[m\x1b[K]\n'}
[9.650842] (cspc_lidar) StderrLine: {'line': b'  404 |                         if((angle >= 0 && angle < 90)|| \x1b[01;35m\x1b[Kangle > 270 && angle <=360\x1b[m\x1b[K){\n'}
[9.651239] (cspc_lidar) StderrLine: {'line': b'      |                                                         \x1b[01;35m\x1b[K~~~~~~~~~~~~^~~~~~~~~~~~~~\x1b[m\x1b[K\n'}
[9.651604] (cspc_lidar) StderrLine: {'line': b'\x1b[01m\x1b[K/home/admin/workspace/host_udp_ws/src/cspc_lidar_sdk_ros2/sdk/point_cloud_optimize.cpp:375:21:\x1b[m\x1b[K \x1b[01;35m\x1b[Kwarning: \x1b[m\x1b[Kunused variable \xe2\x80\x98\x1b[01m\x1b[Ktemp\x1b[m\x1b[K\xe2\x80\x99 [\x1b[01;35m\x1b[K\x1b]8;;https://gcc.gnu.org/onlinedocs/gcc/Warning-Options.html#index-Wunused-variable\x07-Wunused-variable\x1b]8;;\x07\x1b[m\x1b[K]\n'}
[9.651969] (cspc_lidar) StderrLine: {'line': b'  375 |         float r, d, \x1b[01;35m\x1b[Ktemp\x1b[m\x1b[K;\n'}
[9.652315] (cspc_lidar) StderrLine: {'line': b'      |                     \x1b[01;35m\x1b[K^~~~\x1b[m\x1b[K\n'}
[9.652709] (cspc_lidar) StderrLine: {'line': b'\x1b[01m\x1b[K/home/admin/workspace/host_udp_ws/src/cspc_lidar_sdk_ros2/sdk/lidar_data_processing.cpp:\x1b[m\x1b[K In member function \xe2\x80\x98\x1b[01m\x1b[Kbool Lidar_Data_Processing::wait_start_reply(uint64_t)\x1b[m\x1b[K\xe2\x80\x99:\n'}
[9.653080] (cspc_lidar) StderrLine: {'line': b'\x1b[01m\x1b[K/home/admin/workspace/host_udp_ws/src/cspc_lidar_sdk_ros2/sdk/lidar_data_processing.cpp:107:49:\x1b[m\x1b[K \x1b[01;35m\x1b[Kwarning: \x1b[m\x1b[Kcomparison of integer expressions of different signedness: \xe2\x80\x98\x1b[01m\x1b[Kint64_t\x1b[m\x1b[K\xe2\x80\x99 {aka \xe2\x80\x98\x1b[01m\x1b[Klong int\x1b[m\x1b[K\xe2\x80\x99} and \xe2\x80\x98\x1b[01m\x1b[Kuint64_t\x1b[m\x1b[K\xe2\x80\x99 {aka \xe2\x80\x98\x1b[01m\x1b[Klong unsigned int\x1b[m\x1b[K\xe2\x80\x99} [\x1b[01;35m\x1b[K\x1b]8;;https://gcc.gnu.org/onlinedocs/gcc/Warning-Options.html#index-Wsign-compare\x07-Wsign-compare\x1b]8;;\x07\x1b[m\x1b[K]\n'}
[9.653508] (cspc_lidar) StderrLine: {'line': b'  107 |   while (\x1b[01;35m\x1b[K(waitTime = current_times() - startTs) <= timeout\x1b[m\x1b[K){\n'}
[9.653856] (cspc_lidar) StderrLine: {'line': b'      |          \x1b[01;35m\x1b[K~~~~~~~~~~~~~~~~~~~~~~~~~~~~~~~~~~~~~~~^~~~~~~~~~\x1b[m\x1b[K\n'}
[9.654204] (cspc_lidar) StderrLine: {'line': b'\x1b[01m\x1b[K/home/admin/workspace/host_udp_ws/src/cspc_lidar_sdk_ros2/sdk/lidar_data_processing.cpp:\x1b[m\x1b[K In member function \xe2\x80\x98\x1b[01m\x1b[Kresult_t Lidar_Data_Processing::waitSpeedRight(uint8_t, uint64_t)\x1b[m\x1b[K\xe2\x80\x99:\n'}
[9.654556] (cspc_lidar) StderrLine: {'line': b'\x1b[01m\x1b[K/home/admin/workspace/host_udp_ws/src/cspc_lidar_sdk_ros2/sdk/lidar_data_processing.cpp:209:56:\x1b[m\x1b[K \x1b[01;35m\x1b[Kwarning: \x1b[m\x1b[Kunused parameter \xe2\x80\x98\x1b[01m\x1b[Kcmd\x1b[m\x1b[K\xe2\x80\x99 [\x1b[01;35m\x1b[K\x1b]8;;https://gcc.gnu.org/onlinedocs/gcc/Warning-Options.html#index-Wunused-parameter\x07-Wunused-parameter\x1b]8;;\x07\x1b[m\x1b[K]\n'}
[9.654900] (-) TimerEvent: {}
[9.655788] (cspc_lidar) StderrLine: {'line': b'  209 | result_t Lidar_Data_Processing::waitSpeedRight(\x1b[01;35m\x1b[Kuint8_t cmd\x1b[m\x1b[K,uint64_t timeout)\n'}
[9.656300] (cspc_lidar) StderrLine: {'line': b'      |                                                \x1b[01;35m\x1b[K~~~~~~~~^~~\x1b[m\x1b[K\n'}
[9.656707] (cspc_lidar) StderrLine: {'line': b'\x1b[01m\x1b[K/home/admin/workspace/host_udp_ws/src/cspc_lidar_sdk_ros2/sdk/lidar_data_processing.cpp:\x1b[m\x1b[K In member function \xe2\x80\x98\x1b[01m\x1b[Kresult_t Lidar_Data_Processing::waitResponseHeader(uint8_t, uint64_t)\x1b[m\x1b[K\xe2\x80\x99:\n'}
[9.657424] (cspc_lidar) StderrLine: {'line': b'\x1b[01m\x1b[K/home/admin/workspace/host_udp_ws/src/cspc_lidar_sdk_ros2/sdk/lidar_data_processing.cpp:481:28:\x1b[m\x1b[K \x1b[01;35m\x1b[Kwarning: \x1b[m\x1b[Kformat \xe2\x80\x98\x1b[01m\x1b[K%d\x1b[m\x1b[K\xe2\x80\x99 expects argument of type \xe2\x80\x98\x1b[01m\x1b[Kint\x1b[m\x1b[K\xe2\x80\x99, but argument 4 has type \xe2\x80\x98\x1b[01m\x1b[Ksize_t\x1b[m\x1b[K\xe2\x80\x99 {aka \xe2\x80\x98\x1b[01m\x1b[Klong unsigned int\x1b[m\x1b[K\xe2\x80\x99} [\x1b[01;35m\x1b[K\x1b]8;;https://gcc.gnu.org/onlinedocs/gcc/Warning-Options.html#index-Wformat=\x07-Wformat=\x1b]8;;\x07\x1b[m\x1b[K]\n'}
[9.657895] (cspc_lidar) StderrLine: {'line': b'  481 |       printf("data**%d,%d,\x1b[01;35m\x1b[K%d\x1b[m\x1b[K\\n",check_sum_cal,recvBuffer[remainSize-1],\x1b[32m\x1b[KremainSize\x1b[m\x1b[K);\n'}
[9.658383] (cspc_lidar) StderrLine: {'line': b'      |                           \x1b[01;35m\x1b[K~^\x1b[m\x1b[K                                           \x1b[32m\x1b[K~~~~~~~~~~\x1b[m\x1b[K\n'}
[9.658856] (cspc_lidar) StderrLine: {'line': b'      |                            \x1b[01;35m\x1b[K|\x1b[m\x1b[K                                           \x1b[32m\x1b[K|\x1b[m\x1b[K\n'}
[9.659327] (cspc_lidar) StderrLine: {'line': b'      |                            \x1b[01;35m\x1b[Kint\x1b[m\x1b[K                                         \x1b[32m\x1b[Ksize_t {aka long unsigned int}\x1b[m\x1b[K\n'}
[9.659827] (cspc_lidar) StderrLine: {'line': b'      |                           \x1b[32m\x1b[K%ld\x1b[m\x1b[K\n'}
[9.661389] (cspc_lidar) StderrLine: {'line': b'\x1b[01m\x1b[K/home/admin/workspace/host_udp_ws/src/cspc_lidar_sdk_ros2/sdk/lidar_data_processing.cpp:\x1b[m\x1b[K In member function \xe2\x80\x98\x1b[01m\x1b[Kresult_t Lidar_Data_Processing::waitPackage_coin(node_info*, uint32_t)\x1b[m\x1b[K\xe2\x80\x99:\n'}
[9.663115] (cspc_lidar) StderrLine: {'line': b'\x1b[01m\x1b[K/home/admin/workspace/host_udp_ws/src/cspc_lidar_sdk_ros2/sdk/lidar_data_processing.cpp:973:9:\x1b[m\x1b[K \x1b[01;35m\x1b[Kwarning: \x1b[m\x1b[Kunused variable \xe2\x80\x98\x1b[01m\x1b[Kk\x1b[m\x1b[K\xe2\x80\x99 [\x1b[01;35m\x1b[K\x1b]8;;https://gcc.gnu.org/onlinedocs/gcc/Warning-Options.html#index-Wunused-variable\x07-Wunused-variable\x1b]8;;\x07\x1b[m\x1b[K]\n'}
[9.663851] (cspc_lidar) StderrLine: {'line': b'  973 |     int \x1b[01;35m\x1b[Kk\x1b[m\x1b[K;\n'}
[9.664370] (cspc_lidar) StderrLine: {'line': b'      |         \x1b[01;35m\x1b[K^\x1b[m\x1b[K\n'}
[9.664795] (cspc_lidar) StderrLine: {'line': b'\x1b[01m\x1b[K/home/admin/workspace/host_udp_ws/src/cspc_lidar_sdk_ros2/sdk/lidar_data_processing.cpp:873:11:\x1b[m\x1b[K \x1b[01;35m\x1b[Kwarning: \x1b[m\x1b[Kvariable \xe2\x80\x98\x1b[01m\x1b[KAngleCorrectForDistance\x1b[m\x1b[K\xe2\x80\x99 set but not used [\x1b[01;35m\x1b[K\x1b]8;;https://gcc.gnu.org/onlinedocs/gcc/Warning-Options.html#index-Wunused-but-set-variable\x07-Wunused-but-set-variable\x1b]8;;\x07\x1b[m\x1b[K]\n'}
[9.665201] (cspc_lidar) StderrLine: {'line': b'  873 |   int32_t \x1b[01;35m\x1b[KAngleCorrectForDistance\x1b[m\x1b[K = 0;\n'}
[9.665566] (cspc_lidar) StderrLine: {'line': b'      |           \x1b[01;35m\x1b[K^~~~~~~~~~~~~~~~~~~~~~~\x1b[m\x1b[K\n'}
[9.666033] (cspc_lidar) StderrLine: {'line': b'\x1b[01m\x1b[K/home/admin/workspace/host_udp_ws/src/cspc_lidar_sdk_ros2/sdk/lidar_data_processing.cpp:875:11:\x1b[m\x1b[K \x1b[01;35m\x1b[Kwarning: \x1b[m\x1b[Kunused variable \xe2\x80\x98\x1b[01m\x1b[Kpackage_type\x1b[m\x1b[K\xe2\x80\x99 [\x1b[01;35m\x1b[K\x1b]8;;https://gcc.gnu.org/onlinedocs/gcc/Warning-Options.html#index-Wunused-variable\x07-Wunused-variable\x1b]8;;\x07\x1b[m\x1b[K]\n'}
[9.666439] (cspc_lidar) StderrLine: {'line': b'  875 |   uint8_t \x1b[01;35m\x1b[Kpackage_type\x1b[m\x1b[K = 0;\n'}
[9.666805] (cspc_lidar) StderrLine: {'line': b'      |           \x1b[01;35m\x1b[K^~~~~~~~~~~~\x1b[m\x1b[K\n'}
[9.667166] (cspc_lidar) StderrLine: {'line': b'\x1b[01m\x1b[K/home/admin/workspace/host_udp_ws/src/cspc_lidar_sdk_ros2/sdk/lidar_data_processing.cpp:877:12:\x1b[m\x1b[K \x1b[01;35m\x1b[Kwarning: \x1b[m\x1b[Kunused variable \xe2\x80\x98\x1b[01m\x1b[Kstart\x1b[m\x1b[K\xe2\x80\x99 [\x1b[01;35m\x1b[K\x1b]8;;https://gcc.gnu.org/onlinedocs/gcc/Warning-Options.html#index-Wunused-variable\x07-Wunused-variable\x1b]8;;\x07\x1b[m\x1b[K]\n'}
[9.667583] (cspc_lidar) StderrLine: {'line': b'  877 |   uint16_t \x1b[01;35m\x1b[Kstart\x1b[m\x1b[K;\n'}
[9.667931] (cspc_lidar) StderrLine: {'line': b'      |            \x1b[01;35m\x1b[K^~~~~\x1b[m\x1b[K\n'}
[9.668283] (cspc_lidar) StderrLine: {'line': b'\x1b[01m\x1b[K/home/admin/workspace/host_udp_ws/src/cspc_lidar_sdk_ros2/sdk/lidar_data_processing.cpp:878:12:\x1b[m\x1b[K \x1b[01;35m\x1b[Kwarning: \x1b[m\x1b[Kunused variable \xe2\x80\x98\x1b[01m\x1b[Kstop\x1b[m\x1b[K\xe2\x80\x99 [\x1b[01;35m\x1b[K\x1b]8;;https://gcc.gnu.org/onlinedocs/gcc/Warning-Options.html#index-Wunused-variable\x07-Wunused-variable\x1b]8;;\x07\x1b[m\x1b[K]\n'}
[9.668650] (cspc_lidar) StderrLine: {'line': b'  878 |   uint16_t \x1b[01;35m\x1b[Kstop\x1b[m\x1b[K;\n'}
[9.669013] (cspc_lidar) StderrLine: {'line': b'      |            \x1b[01;35m\x1b[K^~~~\x1b[m\x1b[K\n'}
[9.755206] (-) TimerEvent: {}
[9.797510] (cspc_lidar) StderrLine: {'line': b'\x1b[01m\x1b[K/home/admin/workspace/host_udp_ws/src/cspc_lidar_sdk_ros2/sdk/node_lidar.cpp:\x1b[m\x1b[K At global scope:\n'}
[9.798356] (cspc_lidar) StderrLine: {'line': b'\x1b[01m\x1b[K/home/admin/workspace/host_udp_ws/src/cspc_lidar_sdk_ros2/sdk/node_lidar.cpp:62:21:\x1b[m\x1b[K \x1b[01;35m\x1b[Kwarning: \x1b[m\x1b[K\xe2\x80\x98\x1b[01m\x1b[Kstatus_judge\x1b[m\x1b[K\xe2\x80\x99 defined but not used [\x1b[01;35m\x1b[K\x1b]8;;https://gcc.gnu.org/onlinedocs/gcc/Warning-Options.html#index-Wunused-variable\x07-Wunused-variable\x1b]8;;\x07\x1b[m\x1b[K]\n'}
[9.798888] (cspc_lidar) StderrLine: {'line': b'   62 |         static bool \x1b[01;35m\x1b[Kstatus_judge\x1b[m\x1b[K = false;     //\xe6\x95\xb4\xe4\xbd\x93\xe7\x8a\xb6\xe6\x80\x81\xe5\x88\xa4\xe6\x96\xad\n'}
[9.799416] (cspc_lidar) StderrLine: {'line': b'      |                     \x1b[01;35m\x1b[K^~~~~~~~~~~~\x1b[m\x1b[K\n'}
[9.856098] (-) TimerEvent: {}
[9.901663] (cspc_lidar) StderrLine: {'line': b'\x1b[01m\x1b[K/home/admin/workspace/host_udp_ws/src/cspc_lidar_sdk_ros2/sdk/calibration.cpp:\x1b[m\x1b[K In function \xe2\x80\x98\x1b[01m\x1b[Kvoid pcloud_build_by_scan(LaserScan&, pcloud_t&)\x1b[m\x1b[K\xe2\x80\x99:\n'}
[9.902571] (cspc_lidar) StderrLine: {'line': b'\x1b[01m\x1b[K/home/admin/workspace/host_udp_ws/src/cspc_lidar_sdk_ros2/sdk/calibration.cpp:44:21:\x1b[m\x1b[K \x1b[01;35m\x1b[Kwarning: \x1b[m\x1b[Kcomparison of integer expressions of different signedness: \xe2\x80\x98\x1b[01m\x1b[Kint\x1b[m\x1b[K\xe2\x80\x99 and \xe2\x80\x98\x1b[01m\x1b[Kstd::vector<LaserPoint>::size_type\x1b[m\x1b[K\xe2\x80\x99 {aka \xe2\x80\x98\x1b[01m\x1b[Klong unsigned int\x1b[m\x1b[K\xe2\x80\x99} [\x1b[01;35m\x1b[K\x1b]8;;https://gcc.gnu.org/onlinedocs/gcc/Warning-Options.html#index-Wsign-compare\x07-Wsign-compare\x1b]8;;\x07\x1b[m\x1b[K]\n'}
[9.903146] (cspc_lidar) StderrLine: {'line': b'   44 |   for (int i = 0; \x1b[01;35m\x1b[Ki < outscan.points.size()\x1b[m\x1b[K; i++)\n'}
[9.903664] (cspc_lidar) StderrLine: {'line': b'      |                   \x1b[01;35m\x1b[K~~^~~~~~~~~~~~~~~~~~~~~~~\x1b[m\x1b[K\n'}
[9.904219] (cspc_lidar) StderrLine: {'line': b'\x1b[01m\x1b[K/home/admin/workspace/host_udp_ws/src/cspc_lidar_sdk_ros2/sdk/calibration.cpp:46:11:\x1b[m\x1b[K \x1b[01;35m\x1b[Kwarning: \x1b[m\x1b[K\xe2\x80\x98\x1b[01m\x1b[Kvoid* memset(void*, int, size_t)\x1b[m\x1b[K\xe2\x80\x99 clearing an object of non-trivial type \xe2\x80\x98\x1b[01m\x1b[Kpoint_t\x1b[m\x1b[K\xe2\x80\x99 {aka \xe2\x80\x98\x1b[01m\x1b[Kstruct _point_\x1b[m\x1b[K\xe2\x80\x99}; use assignment or value-initialization instead [\x1b[01;35m\x1b[K\x1b]8;;https://gcc.gnu.org/onlinedocs/gcc/Warning-Options.html#index-Wclass-memaccess\x07-Wclass-memaccess\x1b]8;;\x07\x1b[m\x1b[K]\n'}
[9.904596] (cspc_lidar) StderrLine: {'line': b'   46 |     \x1b[01;35m\x1b[Kmemset(&point, 0, sizeof(point_t))\x1b[m\x1b[K;\n'}
[9.904943] (cspc_lidar) StderrLine: {'line': b'      |     \x1b[01;35m\x1b[K~~~~~~^~~~~~~~~~~~~~~~~~~~~~~~~~~~\x1b[m\x1b[K\n'}
[9.905286] (cspc_lidar) StderrLine: {'line': b'In file included from \x1b[01m\x1b[K/home/admin/workspace/host_udp_ws/src/cspc_lidar_sdk_ros2/sdk/calibration.cpp:8\x1b[m\x1b[K:\n'}
[9.905633] (cspc_lidar) StderrLine: {'line': b'\x1b[01m\x1b[K/home/admin/workspace/host_udp_ws/src/cspc_lidar_sdk_ros2/sdk/calibration.h:52:16:\x1b[m\x1b[K \x1b[01;36m\x1b[Knote: \x1b[m\x1b[K\xe2\x80\x98\x1b[01m\x1b[Kpoint_t\x1b[m\x1b[K\xe2\x80\x99 {aka \xe2\x80\x98\x1b[01m\x1b[Kstruct _point_\x1b[m\x1b[K\xe2\x80\x99} declared here\n'}
[9.906357] (cspc_lidar) StderrLine: {'line': b'   52 | typedef struct \x1b[01;36m\x1b[K_point_\x1b[m\x1b[K\n'}
[9.906750] (cspc_lidar) StderrLine: {'line': b'      |                \x1b[01;36m\x1b[K^~~~~~~\x1b[m\x1b[K\n'}
[9.907099] (cspc_lidar) StderrLine: {'line': b'\x1b[01m\x1b[K/home/admin/workspace/host_udp_ws/src/cspc_lidar_sdk_ros2/sdk/calibration.cpp:\x1b[m\x1b[K In function \xe2\x80\x98\x1b[01m\x1b[Kint find_index(point_t, pcloud_t&)\x1b[m\x1b[K\xe2\x80\x99:\n'}
[9.907447] (cspc_lidar) StderrLine: {'line': b'\x1b[01m\x1b[K/home/admin/workspace/host_udp_ws/src/cspc_lidar_sdk_ros2/sdk/calibration.cpp:105:9:\x1b[m\x1b[K \x1b[01;35m\x1b[Kwarning: \x1b[m\x1b[K\xe2\x80\x98\x1b[01m\x1b[Kvoid* memset(void*, int, size_t)\x1b[m\x1b[K\xe2\x80\x99 clearing an object of non-trivial type \xe2\x80\x98\x1b[01m\x1b[Kpoint_t\x1b[m\x1b[K\xe2\x80\x99 {aka \xe2\x80\x98\x1b[01m\x1b[Kstruct _point_\x1b[m\x1b[K\xe2\x80\x99}; use assignment or value-initialization instead [\x1b[01;35m\x1b[K\x1b]8;;https://gcc.gnu.org/onlinedocs/gcc/Warning-Options.html#index-Wclass-memaccess\x07-Wclass-memaccess\x1b]8;;\x07\x1b[m\x1b[K]\n'}
[9.907806] (cspc_lidar) StderrLine: {'line': b'  105 |   \x1b[01;35m\x1b[Kmemset(&point_min, 0, sizeof(point_t))\x1b[m\x1b[K;\n'}
[9.908174] (cspc_lidar) StderrLine: {'line': b'      |   \x1b[01;35m\x1b[K~~~~~~^~~~~~~~~~~~~~~~~~~~~~~~~~~~~~~~\x1b[m\x1b[K\n'}
[9.908566] (cspc_lidar) StderrLine: {'line': b'In file included from \x1b[01m\x1b[K/home/admin/workspace/host_udp_ws/src/cspc_lidar_sdk_ros2/sdk/calibration.cpp:8\x1b[m\x1b[K:\n'}
[9.908996] (cspc_lidar) StderrLine: {'line': b'\x1b[01m\x1b[K/home/admin/workspace/host_udp_ws/src/cspc_lidar_sdk_ros2/sdk/calibration.h:52:16:\x1b[m\x1b[K \x1b[01;36m\x1b[Knote: \x1b[m\x1b[K\xe2\x80\x98\x1b[01m\x1b[Kpoint_t\x1b[m\x1b[K\xe2\x80\x99 {aka \xe2\x80\x98\x1b[01m\x1b[Kstruct _point_\x1b[m\x1b[K\xe2\x80\x99} declared here\n'}
[9.911855] (cspc_lidar) StderrLine: {'line': b'   52 | typedef struct \x1b[01;36m\x1b[K_point_\x1b[m\x1b[K\n'}
[9.914667] (cspc_lidar) StderrLine: {'line': b'      |                \x1b[01;36m\x1b[K^~~~~~~\x1b[m\x1b[K\n'}
[9.915112] (cspc_lidar) StderrLine: {'line': b'\x1b[01m\x1b[K/home/admin/workspace/host_udp_ws/src/cspc_lidar_sdk_ros2/sdk/calibration.cpp:124:23:\x1b[m\x1b[K \x1b[01;35m\x1b[Kwarning: \x1b[m\x1b[Kcomparison of integer expressions of different signedness: \xe2\x80\x98\x1b[01m\x1b[Kint\x1b[m\x1b[K\xe2\x80\x99 and \xe2\x80\x98\x1b[01m\x1b[Kstd::vector<_point_>::size_type\x1b[m\x1b[K\xe2\x80\x99 {aka \xe2\x80\x98\x1b[01m\x1b[Klong unsigned int\x1b[m\x1b[K\xe2\x80\x99} [\x1b[01;35m\x1b[K\x1b]8;;https://gcc.gnu.org/onlinedocs/gcc/Warning-Options.html#index-Wsign-compare\x07-Wsign-compare\x1b]8;;\x07\x1b[m\x1b[K]\n'}
[9.915569] (cspc_lidar) StderrLine: {'line': b'  124 |   if (\x1b[01;35m\x1b[Kpoint_min.index > pcloud.data.size()\x1b[m\x1b[K)\n'}
[9.915977] (cspc_lidar) StderrLine: {'line': b'      |       \x1b[01;35m\x1b[K~~~~~~~~~~~~~~~~^~~~~~~~~~~~~~~~~~~~\x1b[m\x1b[K\n'}
[9.916378] (cspc_lidar) StderrLine: {'line': b'\x1b[01m\x1b[K/home/admin/workspace/host_udp_ws/src/cspc_lidar_sdk_ros2/sdk/calibration.cpp:\x1b[m\x1b[K In function \xe2\x80\x98\x1b[01m\x1b[Kbool intersect(LineSegment, LineSegment, Vector2D&)\x1b[m\x1b[K\xe2\x80\x99:\n'}
[9.916761] (cspc_lidar) StderrLine: {'line': b'\x1b[01m\x1b[K/home/admin/workspace/host_udp_ws/src/cspc_lidar_sdk_ros2/sdk/calibration.cpp:167:10:\x1b[m\x1b[K \x1b[01;35m\x1b[Kwarning: \x1b[m\x1b[Kunused variable \xe2\x80\x98\x1b[01m\x1b[Kcross1\x1b[m\x1b[K\xe2\x80\x99 [\x1b[01;35m\x1b[K\x1b]8;;https://gcc.gnu.org/onlinedocs/gcc/Warning-Options.html#index-Wunused-variable\x07-Wunused-variable\x1b]8;;\x07\x1b[m\x1b[K]\n'}
[9.918126] (cspc_lidar) StderrLine: {'line': b'  167 |   double \x1b[01;35m\x1b[Kcross1\x1b[m\x1b[K = position1.x * direction1.y - position1.y * direction1.x;\n'}
[9.918890] (cspc_lidar) StderrLine: {'line': b'      |          \x1b[01;35m\x1b[K^~~~~~\x1b[m\x1b[K\n'}
[9.919668] (cspc_lidar) StderrLine: {'line': b'\x1b[01m\x1b[K/home/admin/workspace/host_udp_ws/src/cspc_lidar_sdk_ros2/sdk/calibration.cpp:\x1b[m\x1b[K In function \xe2\x80\x98\x1b[01m\x1b[Kdouble pointToLineDist(point_t, double, double)\x1b[m\x1b[K\xe2\x80\x99:\n'}
[9.920174] (cspc_lidar) StderrLine: {'line': b'\x1b[01m\x1b[K/home/admin/workspace/host_udp_ws/src/cspc_lidar_sdk_ros2/sdk/calibration.cpp:439:10:\x1b[m\x1b[K \x1b[01;35m\x1b[Kwarning: \x1b[m\x1b[Kunused variable \xe2\x80\x98\x1b[01m\x1b[Ky0\x1b[m\x1b[K\xe2\x80\x99 [\x1b[01;35m\x1b[K\x1b]8;;https://gcc.gnu.org/onlinedocs/gcc/Warning-Options.html#index-Wunused-variable\x07-Wunused-variable\x1b]8;;\x07\x1b[m\x1b[K]\n'}
[9.920663] (cspc_lidar) StderrLine: {'line': b'  439 |   double \x1b[01;35m\x1b[Ky0\x1b[m\x1b[K = k * x0 + b;\n'}
[9.921042] (cspc_lidar) StderrLine: {'line': b'      |          \x1b[01;35m\x1b[K^~\x1b[m\x1b[K\n'}
[9.921658] (cspc_lidar) StderrLine: {'line': b'\x1b[01m\x1b[K/home/admin/workspace/host_udp_ws/src/cspc_lidar_sdk_ros2/sdk/calibration.cpp:\x1b[m\x1b[K In function \xe2\x80\x98\x1b[01m\x1b[Kbool line_judgment(std::vector<_point_>, point_t)\x1b[m\x1b[K\xe2\x80\x99:\n'}
[9.922258] (cspc_lidar) StderrLine: {'line': b'\x1b[01m\x1b[K/home/admin/workspace/host_udp_ws/src/cspc_lidar_sdk_ros2/sdk/calibration.cpp:462:19:\x1b[m\x1b[K \x1b[01;35m\x1b[Kwarning: \x1b[m\x1b[Kcomparison of integer expressions of different signedness: \xe2\x80\x98\x1b[01m\x1b[Kstd::vector<_point_>::size_type\x1b[m\x1b[K\xe2\x80\x99 {aka \xe2\x80\x98\x1b[01m\x1b[Klong unsigned int\x1b[m\x1b[K\xe2\x80\x99} and \xe2\x80\x98\x1b[01m\x1b[Kint\x1b[m\x1b[K\xe2\x80\x99 [\x1b[01;35m\x1b[K\x1b]8;;https://gcc.gnu.org/onlinedocs/gcc/Warning-Options.html#index-Wsign-compare\x07-Wsign-compare\x1b]8;;\x07\x1b[m\x1b[K]\n'}
[9.922753] (cspc_lidar) StderrLine: {'line': b'  462 |   if (\x1b[01;35m\x1b[Kline.size() <= reference\x1b[m\x1b[K)\n'}
[9.923146] (cspc_lidar) StderrLine: {'line': b'      |       \x1b[01;35m\x1b[K~~~~~~~~~~~~^~~~~~~~~~~~\x1b[m\x1b[K\n'}
[9.923510] (cspc_lidar) StderrLine: {'line': b'\x1b[01m\x1b[K/home/admin/workspace/host_udp_ws/src/cspc_lidar_sdk_ros2/sdk/calibration.cpp:467:19:\x1b[m\x1b[K \x1b[01;35m\x1b[Kwarning: \x1b[m\x1b[Kcomparison of integer expressions of different signedness: \xe2\x80\x98\x1b[01m\x1b[Kstd::vector<_point_>::size_type\x1b[m\x1b[K\xe2\x80\x99 {aka \xe2\x80\x98\x1b[01m\x1b[Klong unsigned int\x1b[m\x1b[K\xe2\x80\x99} and \xe2\x80\x98\x1b[01m\x1b[Kint\x1b[m\x1b[K\xe2\x80\x99 [\x1b[01;35m\x1b[K\x1b]8;;https://gcc.gnu.org/onlinedocs/gcc/Warning-Options.html#index-Wsign-compare\x07-Wsign-compare\x1b]8;;\x07\x1b[m\x1b[K]\n'}
[9.923925] (cspc_lidar) StderrLine: {'line': b'  467 |   if (\x1b[01;35m\x1b[Kline.size() <= reference\x1b[m\x1b[K)\n'}
[9.924292] (cspc_lidar) StderrLine: {'line': b'      |       \x1b[01;35m\x1b[K~~~~~~~~~~~~^~~~~~~~~~~~\x1b[m\x1b[K\n'}
[9.924652] (cspc_lidar) StderrLine: {'line': b'\x1b[01m\x1b[K/home/admin/workspace/host_udp_ws/src/cspc_lidar_sdk_ros2/sdk/calibration.cpp:471:23:\x1b[m\x1b[K \x1b[01;35m\x1b[Kwarning: \x1b[m\x1b[Kcomparison of integer expressions of different signedness: \xe2\x80\x98\x1b[01m\x1b[Kint\x1b[m\x1b[K\xe2\x80\x99 and \xe2\x80\x98\x1b[01m\x1b[Kstd::vector<_point_>::size_type\x1b[m\x1b[K\xe2\x80\x99 {aka \xe2\x80\x98\x1b[01m\x1b[Klong unsigned int\x1b[m\x1b[K\xe2\x80\x99} [\x1b[01;35m\x1b[K\x1b]8;;https://gcc.gnu.org/onlinedocs/gcc/Warning-Options.html#index-Wsign-compare\x07-Wsign-compare\x1b]8;;\x07\x1b[m\x1b[K]\n'}
[9.925029] (cspc_lidar) StderrLine: {'line': b'  471 |     for (int i = 1; \x1b[01;35m\x1b[Ki < line.size() - 1\x1b[m\x1b[K; i++)\n'}
[9.925401] (cspc_lidar) StderrLine: {'line': b'      |                     \x1b[01;35m\x1b[K~~^~~~~~~~~~~~~~~~~\x1b[m\x1b[K\n'}
[9.925767] (cspc_lidar) StderrLine: {'line': b'\x1b[01m\x1b[K/home/admin/workspace/host_udp_ws/src/cspc_lidar_sdk_ros2/sdk/calibration.cpp:\x1b[m\x1b[K In function \xe2\x80\x98\x1b[01m\x1b[Kvoid fitting_line(pcloud_t&)\x1b[m\x1b[K\xe2\x80\x99:\n'}
[9.926184] (cspc_lidar) StderrLine: {'line': b'\x1b[01m\x1b[K/home/admin/workspace/host_udp_ws/src/cspc_lidar_sdk_ros2/sdk/calibration.cpp:542:25:\x1b[m\x1b[K \x1b[01;35m\x1b[Kwarning: \x1b[m\x1b[Kcomparison of integer expressions of different signedness: \xe2\x80\x98\x1b[01m\x1b[Kstd::vector<_point_>::size_type\x1b[m\x1b[K\xe2\x80\x99 {aka \xe2\x80\x98\x1b[01m\x1b[Klong unsigned int\x1b[m\x1b[K\xe2\x80\x99} and \xe2\x80\x98\x1b[01m\x1b[Kint\x1b[m\x1b[K\xe2\x80\x99 [\x1b[01;35m\x1b[K\x1b]8;;https://gcc.gnu.org/onlinedocs/gcc/Warning-Options.html#index-Wsign-compare\x07-Wsign-compare\x1b]8;;\x07\x1b[m\x1b[K]\n'}
[9.926614] (cspc_lidar) StderrLine: {'line': b'  542 |         if (\x1b[01;35m\x1b[Kline.size() >= calibration_params.line_judgment_point_num\x1b[m\x1b[K)\n'}
[9.926977] (cspc_lidar) StderrLine: {'line': b'      |             \x1b[01;35m\x1b[K~~~~~~~~~~~~^~~~~~~~~~~~~~~~~~~~~~~~~~~~~~~~~~~~~~~~~~~~~\x1b[m\x1b[K\n'}
[9.927341] (cspc_lidar) StderrLine: {'line': b'\x1b[01m\x1b[K/home/admin/workspace/host_udp_ws/src/cspc_lidar_sdk_ros2/sdk/calibration.cpp:560:63:\x1b[m\x1b[K \x1b[01;35m\x1b[Kwarning: \x1b[m\x1b[Kcomparison of integer expressions of different signedness: \xe2\x80\x98\x1b[01m\x1b[Kstd::vector<_point_>::size_type\x1b[m\x1b[K\xe2\x80\x99 {aka \xe2\x80\x98\x1b[01m\x1b[Klong unsigned int\x1b[m\x1b[K\xe2\x80\x99} and \xe2\x80\x98\x1b[01m\x1b[Kint\x1b[m\x1b[K\xe2\x80\x99 [\x1b[01;35m\x1b[K\x1b]8;;https://gcc.gnu.org/onlinedocs/gcc/Warning-Options.html#index-Wsign-compare\x07-Wsign-compare\x1b]8;;\x07\x1b[m\x1b[K]\n'}
[9.927735] (cspc_lidar) StderrLine: {'line': b'  560 |         if(point.index == point_last_one.index && \x1b[01;35m\x1b[Kline.size() >= calibration_params.line_judgment_point_num\x1b[m\x1b[K)\n'}
[9.928130] (cspc_lidar) StderrLine: {'line': b'      |                                                   \x1b[01;35m\x1b[K~~~~~~~~~~~~^~~~~~~~~~~~~~~~~~~~~~~~~~~~~~~~~~~~~~~~~~~~~\x1b[m\x1b[K\n'}
[9.928489] (cspc_lidar) StderrLine: {'line': b'\x1b[01m\x1b[K/home/admin/workspace/host_udp_ws/src/cspc_lidar_sdk_ros2/sdk/calibration.cpp:571:26:\x1b[m\x1b[K \x1b[01;35m\x1b[Kwarning: \x1b[m\x1b[Kcomparison of integer expressions of different signedness: \xe2\x80\x98\x1b[01m\x1b[Kint\x1b[m\x1b[K\xe2\x80\x99 and \xe2\x80\x98\x1b[01m\x1b[Kstd::vector<_point_>::size_type\x1b[m\x1b[K\xe2\x80\x99 {aka \xe2\x80\x98\x1b[01m\x1b[Klong unsigned int\x1b[m\x1b[K\xe2\x80\x99} [\x1b[01;35m\x1b[K\x1b]8;;https://gcc.gnu.org/onlinedocs/gcc/Warning-Options.html#index-Wsign-compare\x07-Wsign-compare\x1b]8;;\x07\x1b[m\x1b[K]\n'}
[9.928864] (cspc_lidar) StderrLine: {'line': b'  571 |   if(\x1b[01;35m\x1b[Kpoint_record2.index < pcloud.data.size()\x1b[m\x1b[K\n'}
[9.929225] (cspc_lidar) StderrLine: {'line': b'      |      \x1b[01;35m\x1b[K~~~~~~~~~~~~~~~~~~~~^~~~~~~~~~~~~~~~~~~~\x1b[m\x1b[K\n'}
[9.929818] (cspc_lidar) StderrLine: {'line': b'\x1b[01m\x1b[K/home/admin/workspace/host_udp_ws/src/cspc_lidar_sdk_ros2/sdk/calibration.cpp:572:28:\x1b[m\x1b[K \x1b[01;35m\x1b[Kwarning: \x1b[m\x1b[Kcomparison of integer expressions of different signedness: \xe2\x80\x98\x1b[01m\x1b[Kint\x1b[m\x1b[K\xe2\x80\x99 and \xe2\x80\x98\x1b[01m\x1b[Kstd::vector<_point_>::size_type\x1b[m\x1b[K\xe2\x80\x99 {aka \xe2\x80\x98\x1b[01m\x1b[Klong unsigned int\x1b[m\x1b[K\xe2\x80\x99} [\x1b[01;35m\x1b[K\x1b]8;;https://gcc.gnu.org/onlinedocs/gcc/Warning-Options.html#index-Wsign-compare\x07-Wsign-compare\x1b]8;;\x07\x1b[m\x1b[K]\n'}
[9.930239] (cspc_lidar) StderrLine: {'line': b'  572 |   &&  \x1b[01;35m\x1b[Kpoint_last_one.index < pcloud.data.size()\x1b[m\x1b[K\n'}
[9.930619] (cspc_lidar) StderrLine: {'line': b'      |       \x1b[01;35m\x1b[K~~~~~~~~~~~~~~~~~~~~~^~~~~~~~~~~~~~~~~~~~\x1b[m\x1b[K\n'}
[9.931050] (cspc_lidar) StderrLine: {'line': b'\x1b[01m\x1b[K/home/admin/workspace/host_udp_ws/src/cspc_lidar_sdk_ros2/sdk/calibration.cpp:573:27:\x1b[m\x1b[K \x1b[01;35m\x1b[Kwarning: \x1b[m\x1b[Kcomparison of integer expressions of different signedness: \xe2\x80\x98\x1b[01m\x1b[Kint\x1b[m\x1b[K\xe2\x80\x99 and \xe2\x80\x98\x1b[01m\x1b[Kstd::vector<_point_>::size_type\x1b[m\x1b[K\xe2\x80\x99 {aka \xe2\x80\x98\x1b[01m\x1b[Klong unsigned int\x1b[m\x1b[K\xe2\x80\x99} [\x1b[01;35m\x1b[K\x1b]8;;https://gcc.gnu.org/onlinedocs/gcc/Warning-Options.html#index-Wsign-compare\x07-Wsign-compare\x1b]8;;\x07\x1b[m\x1b[K]\n'}
[9.931521] (cspc_lidar) StderrLine: {'line': b'  573 |   &&  \x1b[01;35m\x1b[Kpoint_record1.index < pcloud.data.size()\x1b[m\x1b[K)\n'}
[9.933069] (cspc_lidar) StderrLine: {'line': b'      |       \x1b[01;35m\x1b[K~~~~~~~~~~~~~~~~~~~~^~~~~~~~~~~~~~~~~~~~\x1b[m\x1b[K\n'}
[9.933657] (cspc_lidar) StderrLine: {'line': b'\x1b[01m\x1b[K/home/admin/workspace/host_udp_ws/src/cspc_lidar_sdk_ros2/sdk/calibration.cpp:597:28:\x1b[m\x1b[K \x1b[01;35m\x1b[Kwarning: \x1b[m\x1b[Kcomparison of integer expressions of different signedness: \xe2\x80\x98\x1b[01m\x1b[Kstd::vector<_point_>::size_type\x1b[m\x1b[K\xe2\x80\x99 {aka \xe2\x80\x98\x1b[01m\x1b[Klong unsigned int\x1b[m\x1b[K\xe2\x80\x99} and \xe2\x80\x98\x1b[01m\x1b[Kint\x1b[m\x1b[K\xe2\x80\x99 [\x1b[01;35m\x1b[K\x1b]8;;https://gcc.gnu.org/onlinedocs/gcc/Warning-Options.html#index-Wsign-compare\x07-Wsign-compare\x1b]8;;\x07\x1b[m\x1b[K]\n'}
[9.934194] (cspc_lidar) StderrLine: {'line': b'  597 |     if (\x1b[01;35m\x1b[Kline_append.size() >= calibration_params.line_judgment_point_num\x1b[m\x1b[K)\n'}
[9.934685] (cspc_lidar) StderrLine: {'line': b'      |         \x1b[01;35m\x1b[K~~~~~~~~~~~~~~~~~~~^~~~~~~~~~~~~~~~~~~~~~~~~~~~~~~~~~~~~~~~~~~~~\x1b[m\x1b[K\n'}
[9.935127] (cspc_lidar) StderrLine: {'line': b'\x1b[01m\x1b[K/home/admin/workspace/host_udp_ws/src/cspc_lidar_sdk_ros2/sdk/calibration.cpp:606:29:\x1b[m\x1b[K \x1b[01;35m\x1b[Kwarning: \x1b[m\x1b[Kcomparison of integer expressions of different signedness: \xe2\x80\x98\x1b[01m\x1b[Kstd::vector<_point_>::size_type\x1b[m\x1b[K\xe2\x80\x99 {aka \xe2\x80\x98\x1b[01m\x1b[Klong unsigned int\x1b[m\x1b[K\xe2\x80\x99} and \xe2\x80\x98\x1b[01m\x1b[Kint\x1b[m\x1b[K\xe2\x80\x99 [\x1b[01;35m\x1b[K\x1b]8;;https://gcc.gnu.org/onlinedocs/gcc/Warning-Options.html#index-Wsign-compare\x07-Wsign-compare\x1b]8;;\x07\x1b[m\x1b[K]\n'}
[9.935621] (cspc_lidar) StderrLine: {'line': b'  606 |             if (\x1b[01;35m\x1b[Kline.size() >= calibration_params.line_judgment_point_num\x1b[m\x1b[K)\n'}
[9.936902] (cspc_lidar) StderrLine: {'line': b'      |                 \x1b[01;35m\x1b[K~~~~~~~~~~~~^~~~~~~~~~~~~~~~~~~~~~~~~~~~~~~~~~~~~~~~~~~~~\x1b[m\x1b[K\n'}
[9.937449] (cspc_lidar) StderrLine: {'line': b'\x1b[01m\x1b[K/home/admin/workspace/host_udp_ws/src/cspc_lidar_sdk_ros2/sdk/calibration.cpp:617:68:\x1b[m\x1b[K \x1b[01;35m\x1b[Kwarning: \x1b[m\x1b[Kcomparison of integer expressions of different signedness: \xe2\x80\x98\x1b[01m\x1b[Kstd::vector<_point_>::size_type\x1b[m\x1b[K\xe2\x80\x99 {aka \xe2\x80\x98\x1b[01m\x1b[Klong unsigned int\x1b[m\x1b[K\xe2\x80\x99} and \xe2\x80\x98\x1b[01m\x1b[Kint\x1b[m\x1b[K\xe2\x80\x99 [\x1b[01;35m\x1b[K\x1b]8;;https://gcc.gnu.org/onlinedocs/gcc/Warning-Options.html#index-Wsign-compare\x07-Wsign-compare\x1b]8;;\x07\x1b[m\x1b[K]\n'}
[9.937976] (cspc_lidar) StderrLine: {'line': b'  617 |           if(point.index == point_append_last.index && \x1b[01;35m\x1b[Kline.size() >= calibration_params.line_judgment_point_num\x1b[m\x1b[K)\n'}
[9.938438] (cspc_lidar) StderrLine: {'line': b'      |                                                        \x1b[01;35m\x1b[K~~~~~~~~~~~~^~~~~~~~~~~~~~~~~~~~~~~~~~~~~~~~~~~~~~~~~~~~~\x1b[m\x1b[K\n'}
[9.938858] (cspc_lidar) StderrLine: {'line': b'\x1b[01m\x1b[K/home/admin/workspace/host_udp_ws/src/cspc_lidar_sdk_ros2/sdk/calibration.cpp:632:23:\x1b[m\x1b[K \x1b[01;35m\x1b[Kwarning: \x1b[m\x1b[Kcomparison of integer expressions of different signedness: \xe2\x80\x98\x1b[01m\x1b[Kint\x1b[m\x1b[K\xe2\x80\x99 and \xe2\x80\x98\x1b[01m\x1b[Kstd::vector<std::vector<_point_> >::size_type\x1b[m\x1b[K\xe2\x80\x99 {aka \xe2\x80\x98\x1b[01m\x1b[Klong unsigned int\x1b[m\x1b[K\xe2\x80\x99} [\x1b[01;35m\x1b[K\x1b]8;;https://gcc.gnu.org/onlinedocs/gcc/Warning-Options.html#index-Wsign-compare\x07-Wsign-compare\x1b]8;;\x07\x1b[m\x1b[K]\n'}
[9.939306] (cspc_lidar) StderrLine: {'line': b'  632 |     for (int i = 0; \x1b[01;35m\x1b[Ki < lines.size() - 1\x1b[m\x1b[K; i++)\n'}
[9.939785] (cspc_lidar) StderrLine: {'line': b'      |                     \x1b[01;35m\x1b[K~~^~~~~~~~~~~~~~~~~~\x1b[m\x1b[K\n'}
[9.940201] (cspc_lidar) StderrLine: {'line': b'\x1b[01m\x1b[K/home/admin/workspace/host_udp_ws/src/cspc_lidar_sdk_ros2/sdk/calibration.cpp:\x1b[m\x1b[K In function \xe2\x80\x98\x1b[01m\x1b[Kvoid lidar_calibration(LaserScan&)\x1b[m\x1b[K\xe2\x80\x99:\n'}
[9.940691] (cspc_lidar) StderrLine: {'line': b'\x1b[01m\x1b[K/home/admin/workspace/host_udp_ws/src/cspc_lidar_sdk_ros2/sdk/calibration.cpp:662:11:\x1b[m\x1b[K \x1b[01;35m\x1b[Kwarning: \x1b[m\x1b[K\xe2\x80\x98\x1b[01m\x1b[Kvoid* memset(void*, int, size_t)\x1b[m\x1b[K\xe2\x80\x99 clearing an object of type \xe2\x80\x98\x1b[01m\x1b[Kstruct LaserPoint\x1b[m\x1b[K\xe2\x80\x99 with no trivial copy-assignment; use assignment or value-initialization instead [\x1b[01;35m\x1b[K\x1b]8;;https://gcc.gnu.org/onlinedocs/gcc/Warning-Options.html#index-Wclass-memaccess\x07-Wclass-memaccess\x1b]8;;\x07\x1b[m\x1b[K]\n'}
[9.941444] (cspc_lidar) StderrLine: {'line': b'  662 |     \x1b[01;35m\x1b[Kmemset(&outscan_point, 0, sizeof(LaserPoint))\x1b[m\x1b[K;\n'}
[9.941957] (cspc_lidar) StderrLine: {'line': b'      |     \x1b[01;35m\x1b[K~~~~~~^~~~~~~~~~~~~~~~~~~~~~~~~~~~~~~~~~~~~~~\x1b[m\x1b[K\n'}
[9.942528] (cspc_lidar) StderrLine: {'line': b'In file included from \x1b[01m\x1b[K/home/admin/workspace/host_udp_ws/src/cspc_lidar_sdk_ros2/sdk/calibration.h:4\x1b[m\x1b[K,\n'}
[9.943171] (cspc_lidar) StderrLine: {'line': b'                 from \x1b[01m\x1b[K/home/admin/workspace/host_udp_ws/src/cspc_lidar_sdk_ros2/sdk/calibration.cpp:8\x1b[m\x1b[K:\n'}
[9.943667] (cspc_lidar) StderrLine: {'line': b'\x1b[01m\x1b[K/home/admin/workspace/host_udp_ws/src/cspc_lidar_sdk_ros2/sdk/lidar_information.h:210:8:\x1b[m\x1b[K \x1b[01;36m\x1b[Knote: \x1b[m\x1b[K\xe2\x80\x98\x1b[01m\x1b[Kstruct LaserPoint\x1b[m\x1b[K\xe2\x80\x99 declared here\n'}
[9.944135] (cspc_lidar) StderrLine: {'line': b'  210 | struct \x1b[01;36m\x1b[KLaserPoint\x1b[m\x1b[K\n'}
[9.944580] (cspc_lidar) StderrLine: {'line': b'      |        \x1b[01;36m\x1b[K^~~~~~~~~~\x1b[m\x1b[K\n'}
[9.956325] (-) TimerEvent: {}
[10.056961] (-) TimerEvent: {}
[10.112920] (cspc_lidar) StderrLine: {'line': b'In file included from \x1b[01m\x1b[K/home/admin/workspace/host_udp_ws/src/cspc_lidar_sdk_ros2/sdk/serial_port.cpp:12\x1b[m\x1b[K:\n'}
[10.113710] (cspc_lidar) StderrLine: {'line': b'\x1b[01m\x1b[K/home/admin/workspace/host_udp_ws/src/cspc_lidar_sdk_ros2/sdk/serial_port.h:\x1b[m\x1b[K In constructor \xe2\x80\x98\x1b[01m\x1b[KSerial_Port::Serial_Port(const string&, uint32_t, Timeout, bytesize_t, parity_t, stopbits_t, flowcontrol_t)\x1b[m\x1b[K\xe2\x80\x99:\n'}
[10.114295] (cspc_lidar) StderrLine: {'line': b'\x1b[01m\x1b[K/home/admin/workspace/host_udp_ws/src/cspc_lidar_sdk_ros2/sdk/serial_port.h:102:14:\x1b[m\x1b[K \x1b[01;35m\x1b[Kwarning: \x1b[m\x1b[K\xe2\x80\x98\x1b[01m\x1b[KSerial_Port::bytesize_\x1b[m\x1b[K\xe2\x80\x99 will be initialized after [\x1b[01;35m\x1b[K\x1b]8;;https://gcc.gnu.org/onlinedocs/gcc/Warning-Options.html#index-Wreorder\x07-Wreorder\x1b]8;;\x07\x1b[m\x1b[K]\n'}
[10.114705] (cspc_lidar) StderrLine: {'line': b'  102 |   bytesize_t \x1b[01;35m\x1b[Kbytesize_\x1b[m\x1b[K;       // Size of the bytes\n'}
[10.115060] (cspc_lidar) StderrLine: {'line': b'      |              \x1b[01;35m\x1b[K^~~~~~~~~\x1b[m\x1b[K\n'}
[10.115404] (cspc_lidar) StderrLine: {'line': b'\x1b[01m\x1b[K/home/admin/workspace/host_udp_ws/src/cspc_lidar_sdk_ros2/sdk/serial_port.h:101:12:\x1b[m\x1b[K \x1b[01;35m\x1b[Kwarning: \x1b[m\x1b[K  \xe2\x80\x98\x1b[01m\x1b[Kparity_t Serial_Port::parity_\x1b[m\x1b[K\xe2\x80\x99 [\x1b[01;35m\x1b[K\x1b]8;;https://gcc.gnu.org/onlinedocs/gcc/Warning-Options.html#index-Wreorder\x07-Wreorder\x1b]8;;\x07\x1b[m\x1b[K]\n'}
[10.115760] (cspc_lidar) StderrLine: {'line': b'  101 |   parity_t \x1b[01;35m\x1b[Kparity_\x1b[m\x1b[K;           // Parity\n'}
[10.116192] (cspc_lidar) StderrLine: {'line': b'      |            \x1b[01;35m\x1b[K^~~~~~~\x1b[m\x1b[K\n'}
[10.116663] (cspc_lidar) StderrLine: {'line': b'\x1b[01m\x1b[K/home/admin/workspace/host_udp_ws/src/cspc_lidar_sdk_ros2/sdk/serial_port.cpp:31:1:\x1b[m\x1b[K \x1b[01;35m\x1b[Kwarning: \x1b[m\x1b[K  when initialized here [\x1b[01;35m\x1b[K\x1b]8;;https://gcc.gnu.org/onlinedocs/gcc/Warning-Options.html#index-Wreorder\x07-Wreorder\x1b]8;;\x07\x1b[m\x1b[K]\n'}
[10.117049] (cspc_lidar) StderrLine: {'line': b'   31 | \x1b[01;35m\x1b[KSerial_Port\x1b[m\x1b[K::Serial_Port(const string &port, uint32_t baudrate, Timeout timeout,\n'}
[10.117409] (cspc_lidar) StderrLine: {'line': b'      | \x1b[01;35m\x1b[K^~~~~~~~~~~\x1b[m\x1b[K\n'}
[10.118569] (cspc_lidar) StderrLine: {'line': b'\x1b[01m\x1b[K/home/admin/workspace/host_udp_ws/src/cspc_lidar_sdk_ros2/sdk/serial_port.cpp:\x1b[m\x1b[K In member function \xe2\x80\x98\x1b[01m\x1b[Kbool Serial_Port::setBaudrate(long unsigned int)\x1b[m\x1b[K\xe2\x80\x99:\n'}
[10.119021] (cspc_lidar) StderrLine: {'line': b'\x1b[01m\x1b[K/home/admin/workspace/host_udp_ws/src/cspc_lidar_sdk_ros2/sdk/serial_port.cpp:578:11:\x1b[m\x1b[K \x1b[01;35m\x1b[Kwarning: \x1b[m\x1b[Kunused variable \xe2\x80\x98\x1b[01m\x1b[Knew_baud\x1b[m\x1b[K\xe2\x80\x99 [\x1b[01;35m\x1b[K\x1b]8;;https://gcc.gnu.org/onlinedocs/gcc/Warning-Options.html#index-Wunused-variable\x07-Wunused-variable\x1b]8;;\x07\x1b[m\x1b[K]\n'}
[10.119427] (cspc_lidar) StderrLine: {'line': b'  578 |   speed_t \x1b[01;35m\x1b[Knew_baud\x1b[m\x1b[K = static_cast<speed_t>(baudrate);\n'}
[10.119788] (cspc_lidar) StderrLine: {'line': b'      |           \x1b[01;35m\x1b[K^~~~~~~~\x1b[m\x1b[K\n'}
[10.157274] (-) TimerEvent: {}
[10.187968] (cspc_lidar) StderrLine: {'line': b'\x1b[01m\x1b[K/home/admin/workspace/host_udp_ws/src/cspc_lidar_sdk_ros2/sdk/serial_port.cpp:\x1b[m\x1b[K In member function \xe2\x80\x98\x1b[01m\x1b[Kbool Serial_Port::setCustomBaudRate(long unsigned int)\x1b[m\x1b[K\xe2\x80\x99:\n'}
[10.188839] (cspc_lidar) StderrLine: {'line': b'\x1b[01m\x1b[K/home/admin/workspace/host_udp_ws/src/cspc_lidar_sdk_ros2/sdk/serial_port.cpp:571:1:\x1b[m\x1b[K \x1b[01;35m\x1b[Kwarning: \x1b[m\x1b[Kcontrol reaches end of non-void function [\x1b[01;35m\x1b[K\x1b]8;;https://gcc.gnu.org/onlinedocs/gcc/Warning-Options.html#index-Wreturn-type\x07-Wreturn-type\x1b]8;;\x07\x1b[m\x1b[K]\n'}
[10.189413] (cspc_lidar) StderrLine: {'line': b'  571 | \x1b[01;35m\x1b[K}\x1b[m\x1b[K\n'}
[10.189850] (cspc_lidar) StderrLine: {'line': b'      | \x1b[01;35m\x1b[K^\x1b[m\x1b[K\n'}
[10.257437] (-) TimerEvent: {}
[10.358283] (-) TimerEvent: {}
[10.459736] (-) TimerEvent: {}
[10.560544] (-) TimerEvent: {}
[10.661438] (-) TimerEvent: {}
[10.762438] (-) TimerEvent: {}
[10.863852] (-) TimerEvent: {}
[10.965123] (-) TimerEvent: {}
[11.066180] (-) TimerEvent: {}
[11.167414] (-) TimerEvent: {}
[11.268566] (-) TimerEvent: {}
[11.369667] (-) TimerEvent: {}
[11.470298] (-) TimerEvent: {}
[11.570808] (-) TimerEvent: {}
[11.671280] (-) TimerEvent: {}
[11.771647] (-) TimerEvent: {}
[11.872392] (-) TimerEvent: {}
[11.973408] (-) TimerEvent: {}
[12.073929] (-) TimerEvent: {}
[12.174357] (-) TimerEvent: {}
[12.274804] (-) TimerEvent: {}
[12.375223] (-) TimerEvent: {}
[12.475680] (-) TimerEvent: {}
[12.576212] (-) TimerEvent: {}
[12.676671] (-) TimerEvent: {}
[12.777264] (-) TimerEvent: {}
[12.877909] (-) TimerEvent: {}
[12.978245] (-) TimerEvent: {}
[13.078691] (-) TimerEvent: {}
[13.179372] (-) TimerEvent: {}
[13.279852] (-) TimerEvent: {}
[13.380648] (-) TimerEvent: {}
[13.481554] (-) TimerEvent: {}
[13.582287] (-) TimerEvent: {}
[13.683150] (-) TimerEvent: {}
[13.784855] (-) TimerEvent: {}
[13.885800] (-) TimerEvent: {}
[13.986506] (-) TimerEvent: {}
[14.087322] (-) TimerEvent: {}
[14.188371] (-) TimerEvent: {}
[14.289515] (-) TimerEvent: {}
[14.390230] (-) TimerEvent: {}
[14.490808] (-) TimerEvent: {}
[14.591616] (-) TimerEvent: {}
[14.692747] (-) TimerEvent: {}
[14.793442] (-) TimerEvent: {}
[14.894184] (-) TimerEvent: {}
[14.994695] (-) TimerEvent: {}
[15.095483] (-) TimerEvent: {}
[15.196157] (-) TimerEvent: {}
[15.296888] (-) TimerEvent: {}
[15.397689] (-) TimerEvent: {}
[15.498392] (-) TimerEvent: {}
[15.599181] (-) TimerEvent: {}
[15.699879] (-) TimerEvent: {}
[15.800537] (-) TimerEvent: {}
[15.901638] (-) TimerEvent: {}
[16.002896] (-) TimerEvent: {}
[16.103657] (-) TimerEvent: {}
[16.204331] (-) TimerEvent: {}
[16.304855] (-) TimerEvent: {}
[16.405266] (-) TimerEvent: {}
[16.505872] (-) TimerEvent: {}
[16.606609] (-) TimerEvent: {}
[16.707281] (-) TimerEvent: {}
[16.808138] (-) TimerEvent: {}
[16.908904] (-) TimerEvent: {}
[17.009682] (-) TimerEvent: {}
[17.110345] (-) TimerEvent: {}
[17.211146] (-) TimerEvent: {}
[17.312114] (-) TimerEvent: {}
[17.413055] (-) TimerEvent: {}
[17.514614] (-) TimerEvent: {}
[17.615671] (-) TimerEvent: {}
[17.716798] (-) TimerEvent: {}
[17.818051] (-) TimerEvent: {}
[17.918940] (-) TimerEvent: {}
[18.019615] (-) TimerEvent: {}
[18.120354] (-) TimerEvent: {}
[18.221192] (-) TimerEvent: {}
[18.322136] (-) TimerEvent: {}
[18.422857] (-) TimerEvent: {}
[18.523644] (-) TimerEvent: {}
[18.589683] (cspc_lidar) StderrLine: {'line': b'\x1b[01m\x1b[K/home/admin/workspace/host_udp_ws/src/cspc_lidar_sdk_ros2/src/node_lidar_ros.cpp:\x1b[m\x1b[K In function \xe2\x80\x98\x1b[01m\x1b[Kvoid Scan_to_PointCloud(LaserScan&, sensor_msgs::msg::PointCloud2&)\x1b[m\x1b[K\xe2\x80\x99:\n'}
[18.590176] (cspc_lidar) StderrLine: {'line': b'\x1b[01m\x1b[K/home/admin/workspace/host_udp_ws/src/cspc_lidar_sdk_ros2/src/node_lidar_ros.cpp:85:24:\x1b[m\x1b[K \x1b[01;35m\x1b[Kwarning: \x1b[m\x1b[Kcomparison of integer expressions of different signedness: \xe2\x80\x98\x1b[01m\x1b[Kint\x1b[m\x1b[K\xe2\x80\x99 and \xe2\x80\x98\x1b[01m\x1b[Kstd::vector<LaserPoint>::size_type\x1b[m\x1b[K\xe2\x80\x99 {aka \xe2\x80\x98\x1b[01m\x1b[Klong unsigned int\x1b[m\x1b[K\xe2\x80\x99} [\x1b[01;35m\x1b[K\x1b]8;;https://gcc.gnu.org/onlinedocs/gcc/Warning-Options.html#index-Wsign-compare\x07-Wsign-compare\x1b]8;;\x07\x1b[m\x1b[K]\n'}
[18.590443] (cspc_lidar) StderrLine: {'line': b'   85 |         for(int i = 0;\x1b[01;35m\x1b[Ki<scan.points.size()\x1b[m\x1b[K;i++)\n'}
[18.590600] (cspc_lidar) StderrLine: {'line': b'      |                       \x1b[01;35m\x1b[K~^~~~~~~~~~~~~~~~~~~\x1b[m\x1b[K\n'}
[18.623726] (-) TimerEvent: {}
[18.628946] (cspc_lidar) StderrLine: {'line': b'\x1b[01m\x1b[K/home/admin/workspace/host_udp_ws/src/cspc_lidar_sdk_ros2/src/node_lidar_ros.cpp:\x1b[m\x1b[K In function \xe2\x80\x98\x1b[01m\x1b[Kint main(int, char**)\x1b[m\x1b[K\xe2\x80\x99:\n'}
[18.630525] (cspc_lidar) StderrLine: {'line': b'\x1b[01m\x1b[K/home/admin/workspace/host_udp_ws/src/cspc_lidar_sdk_ros2/src/node_lidar_ros.cpp:181:40:\x1b[m\x1b[K \x1b[01;35m\x1b[Kwarning: \x1b[m\x1b[Kcomparison of integer expressions of different signedness: \xe2\x80\x98\x1b[01m\x1b[Kint\x1b[m\x1b[K\xe2\x80\x99 and \xe2\x80\x98\x1b[01m\x1b[Kstd::vector<LaserPoint>::size_type\x1b[m\x1b[K\xe2\x80\x99 {aka \xe2\x80\x98\x1b[01m\x1b[Klong unsigned int\x1b[m\x1b[K\xe2\x80\x99} [\x1b[01;35m\x1b[K\x1b]8;;https://gcc.gnu.org/onlinedocs/gcc/Warning-Options.html#index-Wsign-compare\x07-Wsign-compare\x1b]8;;\x07\x1b[m\x1b[K]\n'}
[18.631183] (cspc_lidar) StderrLine: {'line': b'  181 |                         for(int i=0; \x1b[01;35m\x1b[Ki < scan.points.size()\x1b[m\x1b[K; i++) {\n'}
[18.631661] (cspc_lidar) StderrLine: {'line': b'      |                                      \x1b[01;35m\x1b[K~~^~~~~~~~~~~~~~~~~~~~\x1b[m\x1b[K\n'}
[18.723997] (-) TimerEvent: {}
[18.825491] (-) TimerEvent: {}
[18.926365] (-) TimerEvent: {}
[19.027146] (-) TimerEvent: {}
[19.127840] (-) TimerEvent: {}
[19.228616] (-) TimerEvent: {}
[19.329919] (-) TimerEvent: {}
[19.430543] (-) TimerEvent: {}
[19.530920] (-) TimerEvent: {}
[19.631263] (-) TimerEvent: {}
[19.732033] (-) TimerEvent: {}
[19.833432] (-) TimerEvent: {}
[19.934627] (-) TimerEvent: {}
[20.035734] (-) TimerEvent: {}
[20.136591] (-) TimerEvent: {}
[20.237594] (-) TimerEvent: {}
[20.338305] (-) TimerEvent: {}
[20.438982] (-) TimerEvent: {}
[20.539641] (-) TimerEvent: {}
[20.640332] (-) TimerEvent: {}
[20.741031] (-) TimerEvent: {}
[20.841679] (-) TimerEvent: {}
[20.942428] (-) TimerEvent: {}
[21.043100] (-) TimerEvent: {}
[21.144073] (-) TimerEvent: {}
[21.245493] (-) TimerEvent: {}
[21.346330] (-) TimerEvent: {}
[21.447138] (-) TimerEvent: {}
[21.548031] (-) TimerEvent: {}
[21.648700] (-) TimerEvent: {}
[21.749297] (-) TimerEvent: {}
[21.849676] (-) TimerEvent: {}
[21.950219] (-) TimerEvent: {}
[22.050916] (-) TimerEvent: {}
[22.151653] (-) TimerEvent: {}
[22.252344] (-) TimerEvent: {}
[22.353269] (-) TimerEvent: {}
[22.454084] (-) TimerEvent: {}
[22.554831] (-) TimerEvent: {}
[22.655680] (-) TimerEvent: {}
[22.756355] (-) TimerEvent: {}
[22.857011] (-) TimerEvent: {}
[22.957669] (-) TimerEvent: {}
[23.058524] (-) TimerEvent: {}
[23.159508] (-) TimerEvent: {}
[23.260163] (-) TimerEvent: {}
[23.360838] (-) TimerEvent: {}
[23.461554] (-) TimerEvent: {}
[23.562828] (-) TimerEvent: {}
[23.663598] (-) TimerEvent: {}
[23.764240] (-) TimerEvent: {}
[23.864955] (-) TimerEvent: {}
[23.965859] (-) TimerEvent: {}
[24.067074] (-) TimerEvent: {}
[24.167747] (-) TimerEvent: {}
[24.268977] (-) TimerEvent: {}
[24.370142] (-) TimerEvent: {}
[24.470816] (-) TimerEvent: {}
[24.571501] (-) TimerEvent: {}
[24.672209] (-) TimerEvent: {}
[24.773075] (-) TimerEvent: {}
[24.874135] (-) TimerEvent: {}
[24.974530] (-) TimerEvent: {}
[25.074929] (-) TimerEvent: {}
[25.175421] (-) TimerEvent: {}
[25.276073] (-) TimerEvent: {}
[25.376470] (-) TimerEvent: {}
[25.476852] (-) TimerEvent: {}
[25.577523] (-) TimerEvent: {}
[25.678600] (-) TimerEvent: {}
[25.780422] (-) TimerEvent: {}
[25.881820] (-) TimerEvent: {}
[25.982712] (-) TimerEvent: {}
[26.083521] (-) TimerEvent: {}
[26.184788] (-) TimerEvent: {}
[26.285969] (-) TimerEvent: {}
[26.386897] (-) TimerEvent: {}
[26.487739] (-) TimerEvent: {}
[26.588456] (-) TimerEvent: {}
[26.689537] (-) TimerEvent: {}
[26.790636] (-) TimerEvent: {}
[26.891317] (-) TimerEvent: {}
[26.992020] (-) TimerEvent: {}
[27.092885] (-) TimerEvent: {}
[27.193852] (-) TimerEvent: {}
[27.294889] (-) TimerEvent: {}
[27.396317] (-) TimerEvent: {}
[27.497270] (-) TimerEvent: {}
[27.598089] (-) TimerEvent: {}
[27.699140] (-) TimerEvent: {}
[27.799985] (-) TimerEvent: {}
[27.900995] (-) TimerEvent: {}
[28.001719] (-) TimerEvent: {}
[28.102453] (-) TimerEvent: {}
[28.203163] (-) TimerEvent: {}
[28.304083] (-) TimerEvent: {}
[28.404818] (-) TimerEvent: {}
[28.506012] (-) TimerEvent: {}
[28.606949] (-) TimerEvent: {}
[28.708097] (-) TimerEvent: {}
[28.809286] (-) TimerEvent: {}
[28.911433] (-) TimerEvent: {}
[29.012528] (-) TimerEvent: {}
[29.113987] (-) TimerEvent: {}
[29.214787] (-) TimerEvent: {}
[29.316121] (-) TimerEvent: {}
[29.417359] (-) TimerEvent: {}
[29.518243] (-) TimerEvent: {}
[29.618914] (-) TimerEvent: {}
[29.719447] (-) TimerEvent: {}
[29.819945] (-) TimerEvent: {}
[29.920367] (-) TimerEvent: {}
[30.020719] (-) TimerEvent: {}
[30.121143] (-) TimerEvent: {}
[30.221792] (-) TimerEvent: {}
[30.322644] (-) TimerEvent: {}
[30.423382] (-) TimerEvent: {}
[30.524041] (-) TimerEvent: {}
[30.625074] (-) TimerEvent: {}
[30.726020] (-) TimerEvent: {}
[30.798939] (cspc_lidar) StdoutLine: {'line': b'[100%] \x1b[32m\x1b[1mLinking CXX executable cspc_lidar\x1b[0m\n'}
[30.826140] (-) TimerEvent: {}
[30.927491] (-) TimerEvent: {}
[31.028705] (-) TimerEvent: {}
[31.129786] (-) TimerEvent: {}
[31.230698] (-) TimerEvent: {}
[31.331202] (-) TimerEvent: {}
[31.431923] (-) TimerEvent: {}
[31.532291] (-) TimerEvent: {}
[31.632665] (-) TimerEvent: {}
[31.733056] (-) TimerEvent: {}
[31.833415] (-) TimerEvent: {}
[31.933921] (-) TimerEvent: {}
[32.034605] (-) TimerEvent: {}
[32.135005] (-) TimerEvent: {}
[32.235377] (-) TimerEvent: {}
[32.335779] (-) TimerEvent: {}
[32.436446] (-) TimerEvent: {}
[32.536942] (-) TimerEvent: {}
[32.637561] (-) TimerEvent: {}
[32.738171] (-) TimerEvent: {}
[32.838899] (-) TimerEvent: {}
[32.939672] (-) TimerEvent: {}
[33.005032] (cspc_lidar) StdoutLine: {'line': b'[100%] Built target cspc_lidar\n'}
[33.029122] (cspc_lidar) CommandEnded: {'returncode': 0}
[33.032812] (cspc_lidar) JobProgress: {'identifier': 'cspc_lidar', 'progress': 'install'}
[33.039854] (-) TimerEvent: {}
[33.062170] (cspc_lidar) Command: {'cmd': ['/usr/bin/cmake', '--install', '/home/admin/workspace/host_udp_ws/build/cspc_lidar'], 'cwd': '/home/admin/workspace/host_udp_ws/build/cspc_lidar', 'env': OrderedDict([('PYTHON_BASIC_REPL', '1'), ('LESSOPEN', '| /usr/bin/lesspipe %s'), ('UMS_MOUNTPOINT', '/mnt/ums'), ('GST_V4L2_PREFERRED_FOURCC', 'NV12:YU12:NV16:YUY2'), ('LANGUAGE', 'en_US.UTF-8'), ('USER', 'admin'), ('SSH_CLIENT', '192.168.88.243 63795 22'), ('XDG_SESSION_TYPE', 'tty'), ('GIT_ASKPASS', '/home/admin/.vscode-server/cli/servers/Stable-6a49527b96e326fe62fbdb56f60e16877c9aa724/server/extensions/git/dist/askpass.sh'), ('SHLVL', '1'), ('USB_FUNCS', 'adb'), ('LD_LIBRARY_PATH', '/opt/ros/humble/opt/rviz_ogre_vendor/lib:/opt/ros/humble/lib/aarch64-linux-gnu:/opt/ros/humble/lib'), ('BROWSER', '/home/admin/.vscode-server/cli/servers/Stable-6a49527b96e326fe62fbdb56f60e16877c9aa724/server/bin/helpers/browser.sh'), ('MOTD_SHOWN', 'pam'), ('HOME', '/home/admin'), ('OLDPWD', '/home/admin/workspace'), ('TERM_PROGRAM_VERSION', '1.122.0'), ('VSCODE_IPC_HOOK_CLI', '/run/user/1000/vscode-ipc-56a0c44b-29c5-456f-a17e-0cc1c913a2bc.sock'), ('GST_INSPECT_NO_COLORS', '1'), ('GST_MPP_NO_RGA', '1'), ('ROS_PYTHON_VERSION', '3'), ('COGL_DRIVER', 'gles2'), ('VSCODE_GIT_ASKPASS_MAIN', '/home/admin/.vscode-server/cli/servers/Stable-6a49527b96e326fe62fbdb56f60e16877c9aa724/server/extensions/git/dist/askpass-main.js'), ('PS1', '\\[\x1b]633;A\x07\\]\\[\x1b]633;A\x07\\]\\[\\e]0;\\u@\\h: \\w\\a\\]${debian_chroot:+($debian_chroot)}\\[\\033[01;32m\\]\\u@\\h\\[\\033[00m\\]:\\[\\033[01;34m\\]\\w\\[\\033[00m\\]\\$ \\[\x1b]633;B\x07\\]\\[\x1b]633;B\x07\\]'), ('VSCODE_GIT_ASKPASS_NODE', '/home/admin/.vscode-server/cli/servers/Stable-6a49527b96e326fe62fbdb56f60e16877c9aa724/server/node'), ('PYDEVD_DISABLE_FILE_VALIDATION', '1'), ('BUNDLED_DEBUGPY_PATH', '/home/admin/.vscode-server/extensions/ms-python.debugpy-2026.6.0-linux-arm64/bundled/libs/debugpy'), ('VSCODE_PYTHON_AUTOACTIVATE_GUARD', '1'), ('DBUS_SESSION_BUS_ADDRESS', 'unix:path=/run/user/1000/bus'), ('COLORTERM', 'truecolor'), ('COLCON_PREFIX_PATH', '/home/admin/workspace/host_udp_ws/install'), ('GST_V4L2SRC_MAX_RESOLUTION', '3840x2160'), ('ROS_DISTRO', 'humble'), ('LOGNAME', 'admin'), ('_', '/usr/bin/colcon'), ('ROS_VERSION', '2'), ('XDG_SESSION_CLASS', 'user'), ('TERM', 'xterm-256color'), ('GST_GL_API', 'gles2'), ('XDG_SESSION_ID', '6'), ('GST_VIDEO_CONVERT_PREFERRED_FORMAT', 'NV12:NV16:I420:YUY2'), ('GST_V4L2SRC_RK_DEVICES', '_mainpath:_selfpath:_bypass:_scale'), ('ROS_LOCALHOST_ONLY', '1'), ('PATH', '/home/admin/.vscode-server/cli/servers/Stable-6a49527b96e326fe62fbdb56f60e16877c9aa724/server/bin/remote-cli:/home/admin/.local/bin:/opt/ros/humble/bin:/home/admin/.local/bin:/usr/local/sbin:/usr/local/bin:/usr/sbin:/usr/bin:/sbin:/bin:/usr/games:/usr/local/games:/snap/bin:/home/admin/.vscode-server/extensions/ms-python.debugpy-2026.6.0-linux-arm64/bundled/scripts/noConfigScripts'), ('XDG_RUNTIME_DIR', '/run/user/1000'), ('GST_GL_PLATFORM', 'egl'), ('GST_DEBUG_NO_COLOR', '1'), ('GST_V4L2SRC_DEFAULT_DEVICE', '/dev/video-camera0'), ('DISPLAY', ':0'), ('VSCODE_DEBUGPY_ADAPTER_ENDPOINTS', '/home/admin/.vscode-server/extensions/ms-python.debugpy-2026.6.0-linux-arm64/.noConfigDebugAdapterEndpoints/endpoint-c929ce49067852cf.txt'), ('LANG', 'en_US.UTF-8'), ('PYTHONSTARTUP', '/home/admin/.vscode-server/data/User/workspaceStorage/2a4873d7ff7a1bb6e3391ee746fb9efe/ms-python.python/pythonrc.py'), ('LS_COLORS', 'rs=0:di=01;34:ln=01;36:mh=00:pi=40;33:so=01;35:do=01;35:bd=40;33;01:cd=40;33;01:or=40;31;01:mi=00:su=37;41:sg=30;43:ca=30;41:tw=30;42:ow=34;42:st=37;44:ex=01;32:*.tar=01;31:*.tgz=01;31:*.arc=01;31:*.arj=01;31:*.taz=01;31:*.lha=01;31:*.lz4=01;31:*.lzh=01;31:*.lzma=01;31:*.tlz=01;31:*.txz=01;31:*.tzo=01;31:*.t7z=01;31:*.zip=01;31:*.z=01;31:*.dz=01;31:*.gz=01;31:*.lrz=01;31:*.lz=01;31:*.lzo=01;31:*.xz=01;31:*.zst=01;31:*.tzst=01;31:*.bz2=01;31:*.bz=01;31:*.tbz=01;31:*.tbz2=01;31:*.tz=01;31:*.deb=01;31:*.rpm=01;31:*.jar=01;31:*.war=01;31:*.ear=01;31:*.sar=01;31:*.rar=01;31:*.alz=01;31:*.ace=01;31:*.zoo=01;31:*.cpio=01;31:*.7z=01;31:*.rz=01;31:*.cab=01;31:*.wim=01;31:*.swm=01;31:*.dwm=01;31:*.esd=01;31:*.jpg=01;35:*.jpeg=01;35:*.mjpg=01;35:*.mjpeg=01;35:*.gif=01;35:*.bmp=01;35:*.pbm=01;35:*.pgm=01;35:*.ppm=01;35:*.tga=01;35:*.xbm=01;35:*.xpm=01;35:*.tif=01;35:*.tiff=01;35:*.png=01;35:*.svg=01;35:*.svgz=01;35:*.mng=01;35:*.pcx=01;35:*.mov=01;35:*.mpg=01;35:*.mpeg=01;35:*.m2v=01;35:*.mkv=01;35:*.webm=01;35:*.webp=01;35:*.ogm=01;35:*.mp4=01;35:*.m4v=01;35:*.mp4v=01;35:*.vob=01;35:*.qt=01;35:*.nuv=01;35:*.wmv=01;35:*.asf=01;35:*.rm=01;35:*.rmvb=01;35:*.flc=01;35:*.avi=01;35:*.fli=01;35:*.flv=01;35:*.gl=01;35:*.dl=01;35:*.xcf=01;35:*.xwd=01;35:*.yuv=01;35:*.cgm=01;35:*.emf=01;35:*.ogv=01;35:*.ogx=01;35:*.aac=00;36:*.au=00;36:*.flac=00;36:*.m4a=00;36:*.mid=00;36:*.midi=00;36:*.mka=00;36:*.mp3=00;36:*.mpc=00;36:*.ogg=00;36:*.ra=00;36:*.wav=00;36:*.oga=00;36:*.opus=00;36:*.spx=00;36:*.xspf=00;36:'), ('VSCODE_GIT_IPC_HANDLE', '/run/user/1000/vscode-git-de57f957e7.sock'), ('TERM_PROGRAM', 'vscode'), ('GST_V4L2_USE_LIBV4L2', '1'), ('UMS_SIZE', '256M'), ('AMENT_PREFIX_PATH', '/home/admin/workspace/host_udp_ws/install/dog_udp_comm:/home/admin/workspace/host_udp_ws/install/cspc_lidar:/opt/ros/humble'), ('LC_MESSAGES', 'en_US.UTF-8'), ('SHELL', '/bin/bash'), ('UMS_RO', '0'), ('LESSCLOSE', '/usr/bin/lesspipe %s %s'), ('UMS_FSTYPE', 'vfat'), ('VSCODE_GIT_ASKPASS_EXTRA_ARGS', ''), ('PWD', '/home/admin/workspace/host_udp_ws/build/cspc_lidar'), ('LC_ALL', 'en_US.UTF-8'), ('SSH_CONNECTION', '192.168.88.243 63795 192.168.88.181 22'), ('PYTHONPATH', '/opt/ros/humble/lib/python3.10/site-packages:/opt/ros/humble/local/lib/python3.10/dist-packages'), ('UMS_MOUNT', '0'), ('COLCON', '1'), ('CMAKE_PREFIX_PATH', '/home/admin/workspace/host_udp_ws/install/dog_udp_comm:/home/admin/workspace/host_udp_ws/install/cspc_lidar:/opt/ros/humble'), ('UMS_FILE', '/userdata/ums_shared.img')]), 'shell': False}
[33.086011] (cspc_lidar) StdoutLine: {'line': b'-- Install configuration: ""\n'}
[33.086961] (cspc_lidar) StdoutLine: {'line': b'-- Installing: /home/admin/workspace/host_udp_ws/install/cspc_lidar/lib/cspc_lidar/cspc_lidar\n'}
[33.106130] (cspc_lidar) StdoutLine: {'line': b'-- Set runtime path of "/home/admin/workspace/host_udp_ws/install/cspc_lidar/lib/cspc_lidar/cspc_lidar" to ""\n'}
[33.106824] (cspc_lidar) StdoutLine: {'line': b'-- Installing: /home/admin/workspace/host_udp_ws/install/cspc_lidar/lib/cspc_lidar/front_distance_tester.py\n'}
[33.107396] (cspc_lidar) StdoutLine: {'line': b'-- Installing: /home/admin/workspace/host_udp_ws/install/cspc_lidar/share/cspc_lidar/launch\n'}
[33.108142] (cspc_lidar) StdoutLine: {'line': b'-- Installing: /home/admin/workspace/host_udp_ws/install/cspc_lidar/share/cspc_lidar/launch/lidar_launch.py\n'}
[33.108746] (cspc_lidar) StdoutLine: {'line': b'-- Installing: /home/admin/workspace/host_udp_ws/install/cspc_lidar/share/cspc_lidar/launch/lidar_rviz.py\n'}
[33.109202] (cspc_lidar) StdoutLine: {'line': b'-- Installing: /home/admin/workspace/host_udp_ws/install/cspc_lidar/share/cspc_lidar/params\n'}
[33.110092] (cspc_lidar) StdoutLine: {'line': b'-- Installing: /home/admin/workspace/host_udp_ws/install/cspc_lidar/share/cspc_lidar/params/cspc_lidar.yaml\n'}
[33.112258] (cspc_lidar) StdoutLine: {'line': b'-- Installing: /home/admin/workspace/host_udp_ws/install/cspc_lidar/share/ament_index/resource_index/package_run_dependencies/cspc_lidar\n'}
[33.113522] (cspc_lidar) StdoutLine: {'line': b'-- Installing: /home/admin/workspace/host_udp_ws/install/cspc_lidar/share/ament_index/resource_index/parent_prefix_path/cspc_lidar\n'}
[33.115708] (cspc_lidar) StdoutLine: {'line': b'-- Installing: /home/admin/workspace/host_udp_ws/install/cspc_lidar/share/cspc_lidar/environment/ament_prefix_path.sh\n'}
[33.116909] (cspc_lidar) StdoutLine: {'line': b'-- Installing: /home/admin/workspace/host_udp_ws/install/cspc_lidar/share/cspc_lidar/environment/ament_prefix_path.dsv\n'}
[33.118527] (cspc_lidar) StdoutLine: {'line': b'-- Installing: /home/admin/workspace/host_udp_ws/install/cspc_lidar/share/cspc_lidar/environment/path.sh\n'}
[33.119115] (cspc_lidar) StdoutLine: {'line': b'-- Installing: /home/admin/workspace/host_udp_ws/install/cspc_lidar/share/cspc_lidar/environment/path.dsv\n'}
[33.119929] (cspc_lidar) StdoutLine: {'line': b'-- Installing: /home/admin/workspace/host_udp_ws/install/cspc_lidar/share/cspc_lidar/local_setup.bash\n'}
[33.121102] (cspc_lidar) StdoutLine: {'line': b'-- Installing: /home/admin/workspace/host_udp_ws/install/cspc_lidar/share/cspc_lidar/local_setup.sh\n'}
[33.121652] (cspc_lidar) StdoutLine: {'line': b'-- Installing: /home/admin/workspace/host_udp_ws/install/cspc_lidar/share/cspc_lidar/local_setup.zsh\n'}
[33.122074] (cspc_lidar) StdoutLine: {'line': b'-- Installing: /home/admin/workspace/host_udp_ws/install/cspc_lidar/share/cspc_lidar/local_setup.dsv\n'}
[33.123084] (cspc_lidar) StdoutLine: {'line': b'-- Installing: /home/admin/workspace/host_udp_ws/install/cspc_lidar/share/cspc_lidar/package.dsv\n'}
[33.125739] (cspc_lidar) StdoutLine: {'line': b'-- Installing: /home/admin/workspace/host_udp_ws/install/cspc_lidar/share/ament_index/resource_index/packages/cspc_lidar\n'}
[33.127547] (cspc_lidar) StdoutLine: {'line': b'-- Installing: /home/admin/workspace/host_udp_ws/install/cspc_lidar/share/cspc_lidar/cmake/cspc_lidarConfig.cmake\n'}
[33.128861] (cspc_lidar) StdoutLine: {'line': b'-- Installing: /home/admin/workspace/host_udp_ws/install/cspc_lidar/share/cspc_lidar/cmake/cspc_lidarConfig-version.cmake\n'}
[33.129874] (cspc_lidar) StdoutLine: {'line': b'-- Installing: /home/admin/workspace/host_udp_ws/install/cspc_lidar/share/cspc_lidar/package.xml\n'}
[33.131144] (cspc_lidar) CommandEnded: {'returncode': 0}
[33.140054] (-) TimerEvent: {}
[33.201380] (cspc_lidar) JobEnded: {'identifier': 'cspc_lidar', 'rc': 0}
[33.206048] (dog_udp_comm) JobStarted: {'identifier': 'dog_udp_comm'}
[33.217864] (dog_udp_comm) JobProgress: {'identifier': 'dog_udp_comm', 'progress': 'cmake'}
[33.218879] (dog_udp_comm) Command: {'cmd': ['/usr/bin/cmake', '/home/admin/workspace/host_udp_ws/src/dog_udp_comm', '-DCMAKE_INSTALL_PREFIX=/home/admin/workspace/host_udp_ws/install/dog_udp_comm'], 'cwd': '/home/admin/workspace/host_udp_ws/build/dog_udp_comm', 'env': OrderedDict([('PYTHON_BASIC_REPL', '1'), ('LESSOPEN', '| /usr/bin/lesspipe %s'), ('UMS_MOUNTPOINT', '/mnt/ums'), ('GST_V4L2_PREFERRED_FOURCC', 'NV12:YU12:NV16:YUY2'), ('LANGUAGE', 'en_US.UTF-8'), ('USER', 'admin'), ('SSH_CLIENT', '192.168.88.243 63795 22'), ('XDG_SESSION_TYPE', 'tty'), ('GIT_ASKPASS', '/home/admin/.vscode-server/cli/servers/Stable-6a49527b96e326fe62fbdb56f60e16877c9aa724/server/extensions/git/dist/askpass.sh'), ('SHLVL', '1'), ('USB_FUNCS', 'adb'), ('LD_LIBRARY_PATH', '/opt/ros/humble/opt/rviz_ogre_vendor/lib:/opt/ros/humble/lib/aarch64-linux-gnu:/opt/ros/humble/lib'), ('BROWSER', '/home/admin/.vscode-server/cli/servers/Stable-6a49527b96e326fe62fbdb56f60e16877c9aa724/server/bin/helpers/browser.sh'), ('MOTD_SHOWN', 'pam'), ('HOME', '/home/admin'), ('OLDPWD', '/home/admin/workspace'), ('TERM_PROGRAM_VERSION', '1.122.0'), ('VSCODE_IPC_HOOK_CLI', '/run/user/1000/vscode-ipc-56a0c44b-29c5-456f-a17e-0cc1c913a2bc.sock'), ('GST_INSPECT_NO_COLORS', '1'), ('GST_MPP_NO_RGA', '1'), ('ROS_PYTHON_VERSION', '3'), ('COGL_DRIVER', 'gles2'), ('VSCODE_GIT_ASKPASS_MAIN', '/home/admin/.vscode-server/cli/servers/Stable-6a49527b96e326fe62fbdb56f60e16877c9aa724/server/extensions/git/dist/askpass-main.js'), ('PS1', '\\[\x1b]633;A\x07\\]\\[\x1b]633;A\x07\\]\\[\\e]0;\\u@\\h: \\w\\a\\]${debian_chroot:+($debian_chroot)}\\[\\033[01;32m\\]\\u@\\h\\[\\033[00m\\]:\\[\\033[01;34m\\]\\w\\[\\033[00m\\]\\$ \\[\x1b]633;B\x07\\]\\[\x1b]633;B\x07\\]'), ('VSCODE_GIT_ASKPASS_NODE', '/home/admin/.vscode-server/cli/servers/Stable-6a49527b96e326fe62fbdb56f60e16877c9aa724/server/node'), ('PYDEVD_DISABLE_FILE_VALIDATION', '1'), ('BUNDLED_DEBUGPY_PATH', '/home/admin/.vscode-server/extensions/ms-python.debugpy-2026.6.0-linux-arm64/bundled/libs/debugpy'), ('VSCODE_PYTHON_AUTOACTIVATE_GUARD', '1'), ('DBUS_SESSION_BUS_ADDRESS', 'unix:path=/run/user/1000/bus'), ('COLORTERM', 'truecolor'), ('COLCON_PREFIX_PATH', '/home/admin/workspace/host_udp_ws/install'), ('GST_V4L2SRC_MAX_RESOLUTION', '3840x2160'), ('ROS_DISTRO', 'humble'), ('LOGNAME', 'admin'), ('_', '/usr/bin/colcon'), ('ROS_VERSION', '2'), ('XDG_SESSION_CLASS', 'user'), ('TERM', 'xterm-256color'), ('GST_GL_API', 'gles2'), ('XDG_SESSION_ID', '6'), ('GST_VIDEO_CONVERT_PREFERRED_FORMAT', 'NV12:NV16:I420:YUY2'), ('GST_V4L2SRC_RK_DEVICES', '_mainpath:_selfpath:_bypass:_scale'), ('ROS_LOCALHOST_ONLY', '1'), ('PATH', '/home/admin/.vscode-server/cli/servers/Stable-6a49527b96e326fe62fbdb56f60e16877c9aa724/server/bin/remote-cli:/home/admin/.local/bin:/opt/ros/humble/bin:/home/admin/.local/bin:/usr/local/sbin:/usr/local/bin:/usr/sbin:/usr/bin:/sbin:/bin:/usr/games:/usr/local/games:/snap/bin:/home/admin/.vscode-server/extensions/ms-python.debugpy-2026.6.0-linux-arm64/bundled/scripts/noConfigScripts'), ('XDG_RUNTIME_DIR', '/run/user/1000'), ('GST_GL_PLATFORM', 'egl'), ('GST_DEBUG_NO_COLOR', '1'), ('GST_V4L2SRC_DEFAULT_DEVICE', '/dev/video-camera0'), ('DISPLAY', ':0'), ('VSCODE_DEBUGPY_ADAPTER_ENDPOINTS', '/home/admin/.vscode-server/extensions/ms-python.debugpy-2026.6.0-linux-arm64/.noConfigDebugAdapterEndpoints/endpoint-c929ce49067852cf.txt'), ('LANG', 'en_US.UTF-8'), ('PYTHONSTARTUP', '/home/admin/.vscode-server/data/User/workspaceStorage/2a4873d7ff7a1bb6e3391ee746fb9efe/ms-python.python/pythonrc.py'), ('LS_COLORS', 'rs=0:di=01;34:ln=01;36:mh=00:pi=40;33:so=01;35:do=01;35:bd=40;33;01:cd=40;33;01:or=40;31;01:mi=00:su=37;41:sg=30;43:ca=30;41:tw=30;42:ow=34;42:st=37;44:ex=01;32:*.tar=01;31:*.tgz=01;31:*.arc=01;31:*.arj=01;31:*.taz=01;31:*.lha=01;31:*.lz4=01;31:*.lzh=01;31:*.lzma=01;31:*.tlz=01;31:*.txz=01;31:*.tzo=01;31:*.t7z=01;31:*.zip=01;31:*.z=01;31:*.dz=01;31:*.gz=01;31:*.lrz=01;31:*.lz=01;31:*.lzo=01;31:*.xz=01;31:*.zst=01;31:*.tzst=01;31:*.bz2=01;31:*.bz=01;31:*.tbz=01;31:*.tbz2=01;31:*.tz=01;31:*.deb=01;31:*.rpm=01;31:*.jar=01;31:*.war=01;31:*.ear=01;31:*.sar=01;31:*.rar=01;31:*.alz=01;31:*.ace=01;31:*.zoo=01;31:*.cpio=01;31:*.7z=01;31:*.rz=01;31:*.cab=01;31:*.wim=01;31:*.swm=01;31:*.dwm=01;31:*.esd=01;31:*.jpg=01;35:*.jpeg=01;35:*.mjpg=01;35:*.mjpeg=01;35:*.gif=01;35:*.bmp=01;35:*.pbm=01;35:*.pgm=01;35:*.ppm=01;35:*.tga=01;35:*.xbm=01;35:*.xpm=01;35:*.tif=01;35:*.tiff=01;35:*.png=01;35:*.svg=01;35:*.svgz=01;35:*.mng=01;35:*.pcx=01;35:*.mov=01;35:*.mpg=01;35:*.mpeg=01;35:*.m2v=01;35:*.mkv=01;35:*.webm=01;35:*.webp=01;35:*.ogm=01;35:*.mp4=01;35:*.m4v=01;35:*.mp4v=01;35:*.vob=01;35:*.qt=01;35:*.nuv=01;35:*.wmv=01;35:*.asf=01;35:*.rm=01;35:*.rmvb=01;35:*.flc=01;35:*.avi=01;35:*.fli=01;35:*.flv=01;35:*.gl=01;35:*.dl=01;35:*.xcf=01;35:*.xwd=01;35:*.yuv=01;35:*.cgm=01;35:*.emf=01;35:*.ogv=01;35:*.ogx=01;35:*.aac=00;36:*.au=00;36:*.flac=00;36:*.m4a=00;36:*.mid=00;36:*.midi=00;36:*.mka=00;36:*.mp3=00;36:*.mpc=00;36:*.ogg=00;36:*.ra=00;36:*.wav=00;36:*.oga=00;36:*.opus=00;36:*.spx=00;36:*.xspf=00;36:'), ('VSCODE_GIT_IPC_HANDLE', '/run/user/1000/vscode-git-de57f957e7.sock'), ('TERM_PROGRAM', 'vscode'), ('GST_V4L2_USE_LIBV4L2', '1'), ('UMS_SIZE', '256M'), ('AMENT_PREFIX_PATH', '/home/admin/workspace/host_udp_ws/install/dog_udp_comm:/home/admin/workspace/host_udp_ws/install/cspc_lidar:/opt/ros/humble'), ('LC_MESSAGES', 'en_US.UTF-8'), ('SHELL', '/bin/bash'), ('UMS_RO', '0'), ('LESSCLOSE', '/usr/bin/lesspipe %s %s'), ('UMS_FSTYPE', 'vfat'), ('VSCODE_GIT_ASKPASS_EXTRA_ARGS', ''), ('PWD', '/home/admin/workspace/host_udp_ws/build/dog_udp_comm'), ('LC_ALL', 'en_US.UTF-8'), ('SSH_CONNECTION', '192.168.88.243 63795 192.168.88.181 22'), ('PYTHONPATH', '/opt/ros/humble/lib/python3.10/site-packages:/opt/ros/humble/local/lib/python3.10/dist-packages'), ('UMS_MOUNT', '0'), ('COLCON', '1'), ('CMAKE_PREFIX_PATH', '/home/admin/workspace/host_udp_ws/install/cspc_lidar:/home/admin/workspace/host_udp_ws/install/dog_udp_comm:/opt/ros/humble'), ('UMS_FILE', '/userdata/ums_shared.img')]), 'shell': False}
[33.240146] (-) TimerEvent: {}
[33.340498] (-) TimerEvent: {}
[33.352488] (dog_udp_comm) StdoutLine: {'line': b'-- The C compiler identification is GNU 11.4.0\n'}
[33.440669] (-) TimerEvent: {}
[33.464727] (dog_udp_comm) StdoutLine: {'line': b'-- The CXX compiler identification is GNU 11.4.0\n'}
[33.492389] (dog_udp_comm) StdoutLine: {'line': b'-- Detecting C compiler ABI info\n'}
[33.540808] (-) TimerEvent: {}
[33.641300] (-) TimerEvent: {}
[33.738505] (dog_udp_comm) StdoutLine: {'line': b'-- Detecting C compiler ABI info - done\n'}
[33.741361] (-) TimerEvent: {}
[33.750065] (dog_udp_comm) StdoutLine: {'line': b'-- Check for working C compiler: /usr/bin/cc - skipped\n'}
[33.750478] (dog_udp_comm) StdoutLine: {'line': b'-- Detecting C compile features\n'}
[33.750983] (dog_udp_comm) StdoutLine: {'line': b'-- Detecting C compile features - done\n'}
[33.755993] (dog_udp_comm) StdoutLine: {'line': b'-- Detecting CXX compiler ABI info\n'}
[33.841622] (-) TimerEvent: {}
[33.942285] (-) TimerEvent: {}
[33.974989] (dog_udp_comm) StdoutLine: {'line': b'-- Detecting CXX compiler ABI info - done\n'}
[33.989536] (dog_udp_comm) StdoutLine: {'line': b'-- Check for working CXX compiler: /usr/bin/c++ - skipped\n'}
[33.989957] (dog_udp_comm) StdoutLine: {'line': b'-- Detecting CXX compile features\n'}
[33.990505] (dog_udp_comm) StdoutLine: {'line': b'-- Detecting CXX compile features - done\n'}
[33.993885] (dog_udp_comm) StdoutLine: {'line': b'-- Found ament_cmake: 1.3.14 (/opt/ros/humble/share/ament_cmake/cmake)\n'}
[34.042450] (-) TimerEvent: {}
[34.143299] (-) TimerEvent: {}
[34.244382] (-) TimerEvent: {}
[34.345176] (-) TimerEvent: {}
[34.391799] (dog_udp_comm) StdoutLine: {'line': b'-- Found Python3: /usr/bin/python3 (found version "3.10.12") found components: Interpreter \n'}
[34.445358] (-) TimerEvent: {}
[34.546158] (-) TimerEvent: {}
[34.587940] (dog_udp_comm) StdoutLine: {'line': b'-- Found rclcpp: 16.0.19 (/opt/ros/humble/share/rclcpp/cmake)\n'}
[34.646406] (-) TimerEvent: {}
[34.652047] (dog_udp_comm) StdoutLine: {'line': b'-- Found rosidl_generator_c: 3.1.8 (/opt/ros/humble/share/rosidl_generator_c/cmake)\n'}
[34.659720] (dog_udp_comm) StdoutLine: {'line': b'-- Found rosidl_adapter: 3.1.8 (/opt/ros/humble/share/rosidl_adapter/cmake)\n'}
[34.671927] (dog_udp_comm) StdoutLine: {'line': b'-- Found rosidl_generator_cpp: 3.1.8 (/opt/ros/humble/share/rosidl_generator_cpp/cmake)\n'}
[34.690273] (dog_udp_comm) StdoutLine: {'line': b'-- Using all available rosidl_typesupport_c: rosidl_typesupport_fastrtps_c;rosidl_typesupport_introspection_c\n'}
[34.715840] (dog_udp_comm) StdoutLine: {'line': b'-- Using all available rosidl_typesupport_cpp: rosidl_typesupport_fastrtps_cpp;rosidl_typesupport_introspection_cpp\n'}
[34.747142] (-) TimerEvent: {}
[34.781457] (dog_udp_comm) StdoutLine: {'line': b'-- Found rmw_implementation_cmake: 6.1.2 (/opt/ros/humble/share/rmw_implementation_cmake/cmake)\n'}
[34.784664] (dog_udp_comm) StdoutLine: {'line': b'-- Found rmw_fastrtps_cpp: 6.2.10 (/opt/ros/humble/share/rmw_fastrtps_cpp/cmake)\n'}
[34.847286] (-) TimerEvent: {}
[34.949224] (-) TimerEvent: {}
[34.975631] (dog_udp_comm) StdoutLine: {'line': b'-- Found OpenSSL: /usr/lib/aarch64-linux-gnu/libcrypto.so (found version "3.0.2")  \n'}
[35.031695] (dog_udp_comm) StdoutLine: {'line': b'-- Found FastRTPS: /opt/ros/humble/include  \n'}
[35.049434] (-) TimerEvent: {}
[35.108392] (dog_udp_comm) StdoutLine: {'line': b"-- Using RMW implementation 'rmw_fastrtps_cpp' as default\n"}
[35.121677] (dog_udp_comm) StdoutLine: {'line': b'-- Looking for pthread.h\n'}
[35.149804] (-) TimerEvent: {}
[35.250730] (-) TimerEvent: {}
[35.338885] (dog_udp_comm) StdoutLine: {'line': b'-- Looking for pthread.h - found\n'}
[35.341562] (dog_udp_comm) StdoutLine: {'line': b'-- Performing Test CMAKE_HAVE_LIBC_PTHREAD\n'}
[35.350914] (-) TimerEvent: {}
[35.452039] (-) TimerEvent: {}
[35.553095] (-) TimerEvent: {}
[35.576527] (dog_udp_comm) StdoutLine: {'line': b'-- Performing Test CMAKE_HAVE_LIBC_PTHREAD - Success\n'}
[35.577863] (dog_udp_comm) StdoutLine: {'line': b'-- Found Threads: TRUE  \n'}
[35.653203] (-) TimerEvent: {}
[35.661805] (dog_udp_comm) StdoutLine: {'line': b'-- Found rclpy: 3.3.21 (/opt/ros/humble/share/rclpy/cmake)\n'}
[35.663578] (dog_udp_comm) StdoutLine: {'line': b'-- Found geometry_msgs: 4.9.1 (/opt/ros/humble/share/geometry_msgs/cmake)\n'}
[35.683776] (dog_udp_comm) StdoutLine: {'line': b'-- Found sensor_msgs: 4.9.1 (/opt/ros/humble/share/sensor_msgs/cmake)\n'}
[35.714724] (dog_udp_comm) StdoutLine: {'line': b'-- Found std_srvs: 4.9.1 (/opt/ros/humble/share/std_srvs/cmake)\n'}
[35.753411] (-) TimerEvent: {}
[35.854158] (-) TimerEvent: {}
[35.878611] (dog_udp_comm) StdoutLine: {'line': b'-- Configuring done\n'}
[35.894542] (dog_udp_comm) StdoutLine: {'line': b'-- Generating done\n'}
[35.901739] (dog_udp_comm) StdoutLine: {'line': b'-- Build files have been written to: /home/admin/workspace/host_udp_ws/build/dog_udp_comm\n'}
[35.921580] (dog_udp_comm) CommandEnded: {'returncode': 0}
[35.925971] (dog_udp_comm) JobProgress: {'identifier': 'dog_udp_comm', 'progress': 'build'}
[35.926194] (dog_udp_comm) Command: {'cmd': ['/usr/bin/cmake', '--build', '/home/admin/workspace/host_udp_ws/build/dog_udp_comm', '--', '-j8', '-l8'], 'cwd': '/home/admin/workspace/host_udp_ws/build/dog_udp_comm', 'env': OrderedDict([('PYTHON_BASIC_REPL', '1'), ('LESSOPEN', '| /usr/bin/lesspipe %s'), ('UMS_MOUNTPOINT', '/mnt/ums'), ('GST_V4L2_PREFERRED_FOURCC', 'NV12:YU12:NV16:YUY2'), ('LANGUAGE', 'en_US.UTF-8'), ('USER', 'admin'), ('SSH_CLIENT', '192.168.88.243 63795 22'), ('XDG_SESSION_TYPE', 'tty'), ('GIT_ASKPASS', '/home/admin/.vscode-server/cli/servers/Stable-6a49527b96e326fe62fbdb56f60e16877c9aa724/server/extensions/git/dist/askpass.sh'), ('SHLVL', '1'), ('USB_FUNCS', 'adb'), ('LD_LIBRARY_PATH', '/opt/ros/humble/opt/rviz_ogre_vendor/lib:/opt/ros/humble/lib/aarch64-linux-gnu:/opt/ros/humble/lib'), ('BROWSER', '/home/admin/.vscode-server/cli/servers/Stable-6a49527b96e326fe62fbdb56f60e16877c9aa724/server/bin/helpers/browser.sh'), ('MOTD_SHOWN', 'pam'), ('HOME', '/home/admin'), ('OLDPWD', '/home/admin/workspace'), ('TERM_PROGRAM_VERSION', '1.122.0'), ('VSCODE_IPC_HOOK_CLI', '/run/user/1000/vscode-ipc-56a0c44b-29c5-456f-a17e-0cc1c913a2bc.sock'), ('GST_INSPECT_NO_COLORS', '1'), ('GST_MPP_NO_RGA', '1'), ('ROS_PYTHON_VERSION', '3'), ('COGL_DRIVER', 'gles2'), ('VSCODE_GIT_ASKPASS_MAIN', '/home/admin/.vscode-server/cli/servers/Stable-6a49527b96e326fe62fbdb56f60e16877c9aa724/server/extensions/git/dist/askpass-main.js'), ('PS1', '\\[\x1b]633;A\x07\\]\\[\x1b]633;A\x07\\]\\[\\e]0;\\u@\\h: \\w\\a\\]${debian_chroot:+($debian_chroot)}\\[\\033[01;32m\\]\\u@\\h\\[\\033[00m\\]:\\[\\033[01;34m\\]\\w\\[\\033[00m\\]\\$ \\[\x1b]633;B\x07\\]\\[\x1b]633;B\x07\\]'), ('VSCODE_GIT_ASKPASS_NODE', '/home/admin/.vscode-server/cli/servers/Stable-6a49527b96e326fe62fbdb56f60e16877c9aa724/server/node'), ('PYDEVD_DISABLE_FILE_VALIDATION', '1'), ('BUNDLED_DEBUGPY_PATH', '/home/admin/.vscode-server/extensions/ms-python.debugpy-2026.6.0-linux-arm64/bundled/libs/debugpy'), ('VSCODE_PYTHON_AUTOACTIVATE_GUARD', '1'), ('DBUS_SESSION_BUS_ADDRESS', 'unix:path=/run/user/1000/bus'), ('COLORTERM', 'truecolor'), ('COLCON_PREFIX_PATH', '/home/admin/workspace/host_udp_ws/install'), ('GST_V4L2SRC_MAX_RESOLUTION', '3840x2160'), ('ROS_DISTRO', 'humble'), ('LOGNAME', 'admin'), ('_', '/usr/bin/colcon'), ('ROS_VERSION', '2'), ('XDG_SESSION_CLASS', 'user'), ('TERM', 'xterm-256color'), ('GST_GL_API', 'gles2'), ('XDG_SESSION_ID', '6'), ('GST_VIDEO_CONVERT_PREFERRED_FORMAT', 'NV12:NV16:I420:YUY2'), ('GST_V4L2SRC_RK_DEVICES', '_mainpath:_selfpath:_bypass:_scale'), ('ROS_LOCALHOST_ONLY', '1'), ('PATH', '/home/admin/.vscode-server/cli/servers/Stable-6a49527b96e326fe62fbdb56f60e16877c9aa724/server/bin/remote-cli:/home/admin/.local/bin:/opt/ros/humble/bin:/home/admin/.local/bin:/usr/local/sbin:/usr/local/bin:/usr/sbin:/usr/bin:/sbin:/bin:/usr/games:/usr/local/games:/snap/bin:/home/admin/.vscode-server/extensions/ms-python.debugpy-2026.6.0-linux-arm64/bundled/scripts/noConfigScripts'), ('XDG_RUNTIME_DIR', '/run/user/1000'), ('GST_GL_PLATFORM', 'egl'), ('GST_DEBUG_NO_COLOR', '1'), ('GST_V4L2SRC_DEFAULT_DEVICE', '/dev/video-camera0'), ('DISPLAY', ':0'), ('VSCODE_DEBUGPY_ADAPTER_ENDPOINTS', '/home/admin/.vscode-server/extensions/ms-python.debugpy-2026.6.0-linux-arm64/.noConfigDebugAdapterEndpoints/endpoint-c929ce49067852cf.txt'), ('LANG', 'en_US.UTF-8'), ('PYTHONSTARTUP', '/home/admin/.vscode-server/data/User/workspaceStorage/2a4873d7ff7a1bb6e3391ee746fb9efe/ms-python.python/pythonrc.py'), ('LS_COLORS', 'rs=0:di=01;34:ln=01;36:mh=00:pi=40;33:so=01;35:do=01;35:bd=40;33;01:cd=40;33;01:or=40;31;01:mi=00:su=37;41:sg=30;43:ca=30;41:tw=30;42:ow=34;42:st=37;44:ex=01;32:*.tar=01;31:*.tgz=01;31:*.arc=01;31:*.arj=01;31:*.taz=01;31:*.lha=01;31:*.lz4=01;31:*.lzh=01;31:*.lzma=01;31:*.tlz=01;31:*.txz=01;31:*.tzo=01;31:*.t7z=01;31:*.zip=01;31:*.z=01;31:*.dz=01;31:*.gz=01;31:*.lrz=01;31:*.lz=01;31:*.lzo=01;31:*.xz=01;31:*.zst=01;31:*.tzst=01;31:*.bz2=01;31:*.bz=01;31:*.tbz=01;31:*.tbz2=01;31:*.tz=01;31:*.deb=01;31:*.rpm=01;31:*.jar=01;31:*.war=01;31:*.ear=01;31:*.sar=01;31:*.rar=01;31:*.alz=01;31:*.ace=01;31:*.zoo=01;31:*.cpio=01;31:*.7z=01;31:*.rz=01;31:*.cab=01;31:*.wim=01;31:*.swm=01;31:*.dwm=01;31:*.esd=01;31:*.jpg=01;35:*.jpeg=01;35:*.mjpg=01;35:*.mjpeg=01;35:*.gif=01;35:*.bmp=01;35:*.pbm=01;35:*.pgm=01;35:*.ppm=01;35:*.tga=01;35:*.xbm=01;35:*.xpm=01;35:*.tif=01;35:*.tiff=01;35:*.png=01;35:*.svg=01;35:*.svgz=01;35:*.mng=01;35:*.pcx=01;35:*.mov=01;35:*.mpg=01;35:*.mpeg=01;35:*.m2v=01;35:*.mkv=01;35:*.webm=01;35:*.webp=01;35:*.ogm=01;35:*.mp4=01;35:*.m4v=01;35:*.mp4v=01;35:*.vob=01;35:*.qt=01;35:*.nuv=01;35:*.wmv=01;35:*.asf=01;35:*.rm=01;35:*.rmvb=01;35:*.flc=01;35:*.avi=01;35:*.fli=01;35:*.flv=01;35:*.gl=01;35:*.dl=01;35:*.xcf=01;35:*.xwd=01;35:*.yuv=01;35:*.cgm=01;35:*.emf=01;35:*.ogv=01;35:*.ogx=01;35:*.aac=00;36:*.au=00;36:*.flac=00;36:*.m4a=00;36:*.mid=00;36:*.midi=00;36:*.mka=00;36:*.mp3=00;36:*.mpc=00;36:*.ogg=00;36:*.ra=00;36:*.wav=00;36:*.oga=00;36:*.opus=00;36:*.spx=00;36:*.xspf=00;36:'), ('VSCODE_GIT_IPC_HANDLE', '/run/user/1000/vscode-git-de57f957e7.sock'), ('TERM_PROGRAM', 'vscode'), ('GST_V4L2_USE_LIBV4L2', '1'), ('UMS_SIZE', '256M'), ('AMENT_PREFIX_PATH', '/home/admin/workspace/host_udp_ws/install/dog_udp_comm:/home/admin/workspace/host_udp_ws/install/cspc_lidar:/opt/ros/humble'), ('LC_MESSAGES', 'en_US.UTF-8'), ('SHELL', '/bin/bash'), ('UMS_RO', '0'), ('LESSCLOSE', '/usr/bin/lesspipe %s %s'), ('UMS_FSTYPE', 'vfat'), ('VSCODE_GIT_ASKPASS_EXTRA_ARGS', ''), ('PWD', '/home/admin/workspace/host_udp_ws/build/dog_udp_comm'), ('LC_ALL', 'en_US.UTF-8'), ('SSH_CONNECTION', '192.168.88.243 63795 192.168.88.181 22'), ('PYTHONPATH', '/opt/ros/humble/lib/python3.10/site-packages:/opt/ros/humble/local/lib/python3.10/dist-packages'), ('UMS_MOUNT', '0'), ('COLCON', '1'), ('CMAKE_PREFIX_PATH', '/home/admin/workspace/host_udp_ws/install/cspc_lidar:/home/admin/workspace/host_udp_ws/install/dog_udp_comm:/opt/ros/humble'), ('UMS_FILE', '/userdata/ums_shared.img')]), 'shell': False}
[35.954364] (-) TimerEvent: {}
[36.055711] (-) TimerEvent: {}
[36.092999] (dog_udp_comm) StdoutLine: {'line': b'[ 50%] \x1b[32mBuilding CXX object CMakeFiles/sender_node.dir/src/sender_node.cpp.o\x1b[0m\n'}
[36.155879] (-) TimerEvent: {}
[36.256662] (-) TimerEvent: {}
[36.357602] (-) TimerEvent: {}
[36.459064] (-) TimerEvent: {}
[36.559857] (-) TimerEvent: {}
[36.660770] (-) TimerEvent: {}
[36.761355] (-) TimerEvent: {}
[36.861887] (-) TimerEvent: {}
[36.962861] (-) TimerEvent: {}
[37.063815] (-) TimerEvent: {}
[37.164642] (-) TimerEvent: {}
[37.265346] (-) TimerEvent: {}
[37.365989] (-) TimerEvent: {}
[37.466709] (-) TimerEvent: {}
[37.567369] (-) TimerEvent: {}
[37.667992] (-) TimerEvent: {}
[37.768711] (-) TimerEvent: {}
[37.870130] (-) TimerEvent: {}
[37.971055] (-) TimerEvent: {}
[38.072047] (-) TimerEvent: {}
[38.173013] (-) TimerEvent: {}
[38.273741] (-) TimerEvent: {}
[38.374506] (-) TimerEvent: {}
[38.475577] (-) TimerEvent: {}
[38.576774] (-) TimerEvent: {}
[38.677332] (-) TimerEvent: {}
[38.777831] (-) TimerEvent: {}
[38.878521] (-) TimerEvent: {}
[38.979978] (-) TimerEvent: {}
[39.080710] (-) TimerEvent: {}
[39.181609] (-) TimerEvent: {}
[39.282414] (-) TimerEvent: {}
[39.383990] (-) TimerEvent: {}
[39.484641] (-) TimerEvent: {}
[39.585295] (-) TimerEvent: {}
[39.686048] (-) TimerEvent: {}
[39.787132] (-) TimerEvent: {}
[39.887883] (-) TimerEvent: {}
[39.988524] (-) TimerEvent: {}
[40.089447] (-) TimerEvent: {}
[40.190446] (-) TimerEvent: {}
[40.291218] (-) TimerEvent: {}
[40.392302] (-) TimerEvent: {}
[40.493585] (-) TimerEvent: {}
[40.594548] (-) TimerEvent: {}
[40.695189] (-) TimerEvent: {}
[40.795579] (-) TimerEvent: {}
[40.895926] (-) TimerEvent: {}
[40.996291] (-) TimerEvent: {}
[41.096646] (-) TimerEvent: {}
[41.197113] (-) TimerEvent: {}
[41.298124] (-) TimerEvent: {}
[41.399119] (-) TimerEvent: {}
[41.500250] (-) TimerEvent: {}
[41.600896] (-) TimerEvent: {}
[41.701561] (-) TimerEvent: {}
[41.802247] (-) TimerEvent: {}
[41.903238] (-) TimerEvent: {}
[42.004175] (-) TimerEvent: {}
[42.104977] (-) TimerEvent: {}
[42.205835] (-) TimerEvent: {}
[42.308012] (-) TimerEvent: {}
[42.408826] (-) TimerEvent: {}
[42.509721] (-) TimerEvent: {}
[42.610429] (-) TimerEvent: {}
[42.711334] (-) TimerEvent: {}
[42.811988] (-) TimerEvent: {}
[42.912779] (-) TimerEvent: {}
[43.014325] (-) TimerEvent: {}
[43.115448] (-) TimerEvent: {}
[43.216815] (-) TimerEvent: {}
[43.318182] (-) TimerEvent: {}
[43.418975] (-) TimerEvent: {}
[43.520156] (-) TimerEvent: {}
[43.620791] (-) TimerEvent: {}
[43.721336] (-) TimerEvent: {}
[43.821699] (-) TimerEvent: {}
[43.922032] (-) TimerEvent: {}
[44.022387] (-) TimerEvent: {}
[44.122993] (-) TimerEvent: {}
[44.224050] (-) TimerEvent: {}
[44.324781] (-) TimerEvent: {}
[44.425753] (-) TimerEvent: {}
[44.527383] (-) TimerEvent: {}
[44.628448] (-) TimerEvent: {}
[44.729151] (-) TimerEvent: {}
[44.830007] (-) TimerEvent: {}
[44.930897] (-) TimerEvent: {}
[45.031731] (-) TimerEvent: {}
[45.132690] (-) TimerEvent: {}
[45.233697] (-) TimerEvent: {}
[45.334540] (-) TimerEvent: {}
[45.435344] (-) TimerEvent: {}
[45.536726] (-) TimerEvent: {}
[45.638362] (-) TimerEvent: {}
[45.739364] (-) TimerEvent: {}
[45.840004] (-) TimerEvent: {}
[45.940636] (-) TimerEvent: {}
[46.041292] (-) TimerEvent: {}
[46.142313] (-) TimerEvent: {}
[46.243743] (-) TimerEvent: {}
[46.344450] (-) TimerEvent: {}
[46.445345] (-) TimerEvent: {}
[46.546450] (-) TimerEvent: {}
[46.647286] (-) TimerEvent: {}
[46.748944] (-) TimerEvent: {}
[46.849811] (-) TimerEvent: {}
[46.951118] (-) TimerEvent: {}
[47.051948] (-) TimerEvent: {}
[47.152677] (-) TimerEvent: {}
[47.253374] (-) TimerEvent: {}
[47.354035] (-) TimerEvent: {}
[47.454730] (-) TimerEvent: {}
[47.555599] (-) TimerEvent: {}
[47.656772] (-) TimerEvent: {}
[47.757371] (-) TimerEvent: {}
[47.857986] (-) TimerEvent: {}
[47.958646] (-) TimerEvent: {}
[48.059462] (-) TimerEvent: {}
[48.160452] (-) TimerEvent: {}
[48.261551] (-) TimerEvent: {}
[48.362492] (-) TimerEvent: {}
[48.463581] (-) TimerEvent: {}
[48.564368] (-) TimerEvent: {}
[48.665226] (-) TimerEvent: {}
[48.766797] (-) TimerEvent: {}
[48.867628] (-) TimerEvent: {}
[48.968658] (-) TimerEvent: {}
[49.069220] (-) TimerEvent: {}
[49.169930] (-) TimerEvent: {}
[49.270589] (-) TimerEvent: {}
[49.371277] (-) TimerEvent: {}
[49.472057] (-) TimerEvent: {}
[49.572832] (-) TimerEvent: {}
[49.673519] (-) TimerEvent: {}
[49.774194] (-) TimerEvent: {}
[49.874924] (-) TimerEvent: {}
[49.975643] (-) TimerEvent: {}
[50.076397] (-) TimerEvent: {}
[50.177511] (-) TimerEvent: {}
[50.278779] (-) TimerEvent: {}
[50.379735] (-) TimerEvent: {}
[50.480884] (-) TimerEvent: {}
[50.581810] (-) TimerEvent: {}
[50.682272] (-) TimerEvent: {}
[50.783039] (-) TimerEvent: {}
[50.814536] (dog_udp_comm) StdoutLine: {'line': b'[100%] \x1b[32m\x1b[1mLinking CXX executable sender_node\x1b[0m\n'}
[50.883207] (-) TimerEvent: {}
[50.984034] (-) TimerEvent: {}
[51.084497] (-) TimerEvent: {}
[51.184942] (-) TimerEvent: {}
[51.285544] (-) TimerEvent: {}
[51.386291] (-) TimerEvent: {}
[51.487027] (-) TimerEvent: {}
[51.587747] (-) TimerEvent: {}
[51.688603] (-) TimerEvent: {}
[51.789742] (-) TimerEvent: {}
[51.809457] (dog_udp_comm) StdoutLine: {'line': b'[100%] Built target sender_node\n'}
[51.844905] (dog_udp_comm) CommandEnded: {'returncode': 0}
[51.850448] (dog_udp_comm) JobProgress: {'identifier': 'dog_udp_comm', 'progress': 'install'}
[51.851947] (dog_udp_comm) Command: {'cmd': ['/usr/bin/cmake', '--install', '/home/admin/workspace/host_udp_ws/build/dog_udp_comm'], 'cwd': '/home/admin/workspace/host_udp_ws/build/dog_udp_comm', 'env': OrderedDict([('PYTHON_BASIC_REPL', '1'), ('LESSOPEN', '| /usr/bin/lesspipe %s'), ('UMS_MOUNTPOINT', '/mnt/ums'), ('GST_V4L2_PREFERRED_FOURCC', 'NV12:YU12:NV16:YUY2'), ('LANGUAGE', 'en_US.UTF-8'), ('USER', 'admin'), ('SSH_CLIENT', '192.168.88.243 63795 22'), ('XDG_SESSION_TYPE', 'tty'), ('GIT_ASKPASS', '/home/admin/.vscode-server/cli/servers/Stable-6a49527b96e326fe62fbdb56f60e16877c9aa724/server/extensions/git/dist/askpass.sh'), ('SHLVL', '1'), ('USB_FUNCS', 'adb'), ('LD_LIBRARY_PATH', '/opt/ros/humble/opt/rviz_ogre_vendor/lib:/opt/ros/humble/lib/aarch64-linux-gnu:/opt/ros/humble/lib'), ('BROWSER', '/home/admin/.vscode-server/cli/servers/Stable-6a49527b96e326fe62fbdb56f60e16877c9aa724/server/bin/helpers/browser.sh'), ('MOTD_SHOWN', 'pam'), ('HOME', '/home/admin'), ('OLDPWD', '/home/admin/workspace'), ('TERM_PROGRAM_VERSION', '1.122.0'), ('VSCODE_IPC_HOOK_CLI', '/run/user/1000/vscode-ipc-56a0c44b-29c5-456f-a17e-0cc1c913a2bc.sock'), ('GST_INSPECT_NO_COLORS', '1'), ('GST_MPP_NO_RGA', '1'), ('ROS_PYTHON_VERSION', '3'), ('COGL_DRIVER', 'gles2'), ('VSCODE_GIT_ASKPASS_MAIN', '/home/admin/.vscode-server/cli/servers/Stable-6a49527b96e326fe62fbdb56f60e16877c9aa724/server/extensions/git/dist/askpass-main.js'), ('PS1', '\\[\x1b]633;A\x07\\]\\[\x1b]633;A\x07\\]\\[\\e]0;\\u@\\h: \\w\\a\\]${debian_chroot:+($debian_chroot)}\\[\\033[01;32m\\]\\u@\\h\\[\\033[00m\\]:\\[\\033[01;34m\\]\\w\\[\\033[00m\\]\\$ \\[\x1b]633;B\x07\\]\\[\x1b]633;B\x07\\]'), ('VSCODE_GIT_ASKPASS_NODE', '/home/admin/.vscode-server/cli/servers/Stable-6a49527b96e326fe62fbdb56f60e16877c9aa724/server/node'), ('PYDEVD_DISABLE_FILE_VALIDATION', '1'), ('BUNDLED_DEBUGPY_PATH', '/home/admin/.vscode-server/extensions/ms-python.debugpy-2026.6.0-linux-arm64/bundled/libs/debugpy'), ('VSCODE_PYTHON_AUTOACTIVATE_GUARD', '1'), ('DBUS_SESSION_BUS_ADDRESS', 'unix:path=/run/user/1000/bus'), ('COLORTERM', 'truecolor'), ('COLCON_PREFIX_PATH', '/home/admin/workspace/host_udp_ws/install'), ('GST_V4L2SRC_MAX_RESOLUTION', '3840x2160'), ('ROS_DISTRO', 'humble'), ('LOGNAME', 'admin'), ('_', '/usr/bin/colcon'), ('ROS_VERSION', '2'), ('XDG_SESSION_CLASS', 'user'), ('TERM', 'xterm-256color'), ('GST_GL_API', 'gles2'), ('XDG_SESSION_ID', '6'), ('GST_VIDEO_CONVERT_PREFERRED_FORMAT', 'NV12:NV16:I420:YUY2'), ('GST_V4L2SRC_RK_DEVICES', '_mainpath:_selfpath:_bypass:_scale'), ('ROS_LOCALHOST_ONLY', '1'), ('PATH', '/home/admin/.vscode-server/cli/servers/Stable-6a49527b96e326fe62fbdb56f60e16877c9aa724/server/bin/remote-cli:/home/admin/.local/bin:/opt/ros/humble/bin:/home/admin/.local/bin:/usr/local/sbin:/usr/local/bin:/usr/sbin:/usr/bin:/sbin:/bin:/usr/games:/usr/local/games:/snap/bin:/home/admin/.vscode-server/extensions/ms-python.debugpy-2026.6.0-linux-arm64/bundled/scripts/noConfigScripts'), ('XDG_RUNTIME_DIR', '/run/user/1000'), ('GST_GL_PLATFORM', 'egl'), ('GST_DEBUG_NO_COLOR', '1'), ('GST_V4L2SRC_DEFAULT_DEVICE', '/dev/video-camera0'), ('DISPLAY', ':0'), ('VSCODE_DEBUGPY_ADAPTER_ENDPOINTS', '/home/admin/.vscode-server/extensions/ms-python.debugpy-2026.6.0-linux-arm64/.noConfigDebugAdapterEndpoints/endpoint-c929ce49067852cf.txt'), ('LANG', 'en_US.UTF-8'), ('PYTHONSTARTUP', '/home/admin/.vscode-server/data/User/workspaceStorage/2a4873d7ff7a1bb6e3391ee746fb9efe/ms-python.python/pythonrc.py'), ('LS_COLORS', 'rs=0:di=01;34:ln=01;36:mh=00:pi=40;33:so=01;35:do=01;35:bd=40;33;01:cd=40;33;01:or=40;31;01:mi=00:su=37;41:sg=30;43:ca=30;41:tw=30;42:ow=34;42:st=37;44:ex=01;32:*.tar=01;31:*.tgz=01;31:*.arc=01;31:*.arj=01;31:*.taz=01;31:*.lha=01;31:*.lz4=01;31:*.lzh=01;31:*.lzma=01;31:*.tlz=01;31:*.txz=01;31:*.tzo=01;31:*.t7z=01;31:*.zip=01;31:*.z=01;31:*.dz=01;31:*.gz=01;31:*.lrz=01;31:*.lz=01;31:*.lzo=01;31:*.xz=01;31:*.zst=01;31:*.tzst=01;31:*.bz2=01;31:*.bz=01;31:*.tbz=01;31:*.tbz2=01;31:*.tz=01;31:*.deb=01;31:*.rpm=01;31:*.jar=01;31:*.war=01;31:*.ear=01;31:*.sar=01;31:*.rar=01;31:*.alz=01;31:*.ace=01;31:*.zoo=01;31:*.cpio=01;31:*.7z=01;31:*.rz=01;31:*.cab=01;31:*.wim=01;31:*.swm=01;31:*.dwm=01;31:*.esd=01;31:*.jpg=01;35:*.jpeg=01;35:*.mjpg=01;35:*.mjpeg=01;35:*.gif=01;35:*.bmp=01;35:*.pbm=01;35:*.pgm=01;35:*.ppm=01;35:*.tga=01;35:*.xbm=01;35:*.xpm=01;35:*.tif=01;35:*.tiff=01;35:*.png=01;35:*.svg=01;35:*.svgz=01;35:*.mng=01;35:*.pcx=01;35:*.mov=01;35:*.mpg=01;35:*.mpeg=01;35:*.m2v=01;35:*.mkv=01;35:*.webm=01;35:*.webp=01;35:*.ogm=01;35:*.mp4=01;35:*.m4v=01;35:*.mp4v=01;35:*.vob=01;35:*.qt=01;35:*.nuv=01;35:*.wmv=01;35:*.asf=01;35:*.rm=01;35:*.rmvb=01;35:*.flc=01;35:*.avi=01;35:*.fli=01;35:*.flv=01;35:*.gl=01;35:*.dl=01;35:*.xcf=01;35:*.xwd=01;35:*.yuv=01;35:*.cgm=01;35:*.emf=01;35:*.ogv=01;35:*.ogx=01;35:*.aac=00;36:*.au=00;36:*.flac=00;36:*.m4a=00;36:*.mid=00;36:*.midi=00;36:*.mka=00;36:*.mp3=00;36:*.mpc=00;36:*.ogg=00;36:*.ra=00;36:*.wav=00;36:*.oga=00;36:*.opus=00;36:*.spx=00;36:*.xspf=00;36:'), ('VSCODE_GIT_IPC_HANDLE', '/run/user/1000/vscode-git-de57f957e7.sock'), ('TERM_PROGRAM', 'vscode'), ('GST_V4L2_USE_LIBV4L2', '1'), ('UMS_SIZE', '256M'), ('AMENT_PREFIX_PATH', '/home/admin/workspace/host_udp_ws/install/dog_udp_comm:/home/admin/workspace/host_udp_ws/install/cspc_lidar:/opt/ros/humble'), ('LC_MESSAGES', 'en_US.UTF-8'), ('SHELL', '/bin/bash'), ('UMS_RO', '0'), ('LESSCLOSE', '/usr/bin/lesspipe %s %s'), ('UMS_FSTYPE', 'vfat'), ('VSCODE_GIT_ASKPASS_EXTRA_ARGS', ''), ('PWD', '/home/admin/workspace/host_udp_ws/build/dog_udp_comm'), ('LC_ALL', 'en_US.UTF-8'), ('SSH_CONNECTION', '192.168.88.243 63795 192.168.88.181 22'), ('PYTHONPATH', '/opt/ros/humble/lib/python3.10/site-packages:/opt/ros/humble/local/lib/python3.10/dist-packages'), ('UMS_MOUNT', '0'), ('COLCON', '1'), ('CMAKE_PREFIX_PATH', '/home/admin/workspace/host_udp_ws/install/cspc_lidar:/home/admin/workspace/host_udp_ws/install/dog_udp_comm:/opt/ros/humble'), ('UMS_FILE', '/userdata/ums_shared.img')]), 'shell': False}
[51.877960] (dog_udp_comm) StdoutLine: {'line': b'-- Install configuration: ""\n'}
[51.880129] (dog_udp_comm) StdoutLine: {'line': b'-- Installing: /home/admin/workspace/host_udp_ws/install/dog_udp_comm/lib/dog_udp_comm/sender_node\n'}
[51.889898] (-) TimerEvent: {}
[51.892846] (dog_udp_comm) StdoutLine: {'line': b'-- Set runtime path of "/home/admin/workspace/host_udp_ws/install/dog_udp_comm/lib/dog_udp_comm/sender_node" to ""\n'}
[51.896134] (dog_udp_comm) StdoutLine: {'line': b'-- Installing: /home/admin/workspace/host_udp_ws/install/dog_udp_comm/lib/dog_udp_comm/keyboard_teleop.py\n'}
[51.898271] (dog_udp_comm) StdoutLine: {'line': b'-- Installing: /home/admin/workspace/host_udp_ws/install/dog_udp_comm/lib/dog_udp_comm/host_mpc_controller.py\n'}
[51.899074] (dog_udp_comm) StdoutLine: {'line': b'-- Installing: /home/admin/workspace/host_udp_ws/install/dog_udp_comm/lib/dog_udp_comm/pixel_to_scan_polar.py\n'}
[51.899943] (dog_udp_comm) StdoutLine: {'line': b'-- Installing: /home/admin/workspace/host_udp_ws/install/dog_udp_comm/lib/dog_udp_comm/tracking_string_bridge.py\n'}
[51.900481] (dog_udp_comm) StdoutLine: {'line': b'-- Installing: /home/admin/workspace/host_udp_ws/install/dog_udp_comm/lib/dog_udp_comm/tracking_center_tester.py\n'}
[51.900946] (dog_udp_comm) StdoutLine: {'line': b'-- Installing: /home/admin/workspace/host_udp_ws/install/dog_udp_comm/lib/dog_udp_comm/analyze_tracking_cmd_bag.py\n'}
[51.901295] (dog_udp_comm) StdoutLine: {'line': b'-- Installing: /home/admin/workspace/host_udp_ws/install/dog_udp_comm/share/dog_udp_comm/launch\n'}
[51.901649] (dog_udp_comm) StdoutLine: {'line': b'-- Installing: /home/admin/workspace/host_udp_ws/install/dog_udp_comm/share/dog_udp_comm/launch/__pycache__\n'}
[51.902002] (dog_udp_comm) StdoutLine: {'line': b'-- Installing: /home/admin/workspace/host_udp_ws/install/dog_udp_comm/share/dog_udp_comm/launch/__pycache__/sender_launch.cpython-313.pyc\n'}
[51.902359] (dog_udp_comm) StdoutLine: {'line': b'-- Installing: /home/admin/workspace/host_udp_ws/install/dog_udp_comm/share/dog_udp_comm/launch/__pycache__/person_follow_udp_launch.cpython-313.pyc\n'}
[51.902770] (dog_udp_comm) StdoutLine: {'line': b'-- Installing: /home/admin/workspace/host_udp_ws/install/dog_udp_comm/share/dog_udp_comm/launch/person_follow_udp_launch.py\n'}
[51.903194] (dog_udp_comm) StdoutLine: {'line': b'-- Installing: /home/admin/workspace/host_udp_ws/install/dog_udp_comm/share/dog_udp_comm/launch/sender_launch.py\n'}
[51.917168] (dog_udp_comm) StdoutLine: {'line': b'-- Installing: /home/admin/workspace/host_udp_ws/install/dog_udp_comm/share/dog_udp_comm/params\n'}
[51.917963] (dog_udp_comm) StdoutLine: {'line': b'-- Installing: /home/admin/workspace/host_udp_ws/install/dog_udp_comm/share/dog_udp_comm/params/person_follow_params.yaml\n'}
[51.918575] (dog_udp_comm) StdoutLine: {'line': b'-- Installing: /home/admin/workspace/host_udp_ws/install/dog_udp_comm/share/ament_index/resource_index/package_run_dependencies/dog_udp_comm\n'}
[51.918933] (dog_udp_comm) StdoutLine: {'line': b'-- Installing: /home/admin/workspace/host_udp_ws/install/dog_udp_comm/share/ament_index/resource_index/parent_prefix_path/dog_udp_comm\n'}
[51.919312] (dog_udp_comm) StdoutLine: {'line': b'-- Installing: /home/admin/workspace/host_udp_ws/install/dog_udp_comm/share/dog_udp_comm/environment/ament_prefix_path.sh\n'}
[51.919987] (dog_udp_comm) StdoutLine: {'line': b'-- Installing: /home/admin/workspace/host_udp_ws/install/dog_udp_comm/share/dog_udp_comm/environment/ament_prefix_path.dsv\n'}
[51.920337] (dog_udp_comm) StdoutLine: {'line': b'-- Installing: /home/admin/workspace/host_udp_ws/install/dog_udp_comm/share/dog_udp_comm/environment/path.sh\n'}
[51.920688] (dog_udp_comm) StdoutLine: {'line': b'-- Installing: /home/admin/workspace/host_udp_ws/install/dog_udp_comm/share/dog_udp_comm/environment/path.dsv\n'}
[51.921038] (dog_udp_comm) StdoutLine: {'line': b'-- Installing: /home/admin/workspace/host_udp_ws/install/dog_udp_comm/share/dog_udp_comm/local_setup.bash\n'}
[51.921413] (dog_udp_comm) StdoutLine: {'line': b'-- Installing: /home/admin/workspace/host_udp_ws/install/dog_udp_comm/share/dog_udp_comm/local_setup.sh\n'}
[51.921753] (dog_udp_comm) StdoutLine: {'line': b'-- Installing: /home/admin/workspace/host_udp_ws/install/dog_udp_comm/share/dog_udp_comm/local_setup.zsh\n'}
[51.937334] (dog_udp_comm) StdoutLine: {'line': b'-- Installing: /home/admin/workspace/host_udp_ws/install/dog_udp_comm/share/dog_udp_comm/local_setup.dsv\n'}
[51.939723] (dog_udp_comm) StdoutLine: {'line': b'-- Installing: /home/admin/workspace/host_udp_ws/install/dog_udp_comm/share/dog_udp_comm/package.dsv\n'}
[51.940772] (dog_udp_comm) StdoutLine: {'line': b'-- Installing: /home/admin/workspace/host_udp_ws/install/dog_udp_comm/share/ament_index/resource_index/packages/dog_udp_comm\n'}
[51.942051] (dog_udp_comm) StdoutLine: {'line': b'-- Installing: /home/admin/workspace/host_udp_ws/install/dog_udp_comm/share/dog_udp_comm/cmake/dog_udp_commConfig.cmake\n'}
[51.942625] (dog_udp_comm) StdoutLine: {'line': b'-- Installing: /home/admin/workspace/host_udp_ws/install/dog_udp_comm/share/dog_udp_comm/cmake/dog_udp_commConfig-version.cmake\n'}
[51.944405] (dog_udp_comm) StdoutLine: {'line': b'-- Installing: /home/admin/workspace/host_udp_ws/install/dog_udp_comm/share/dog_udp_comm/package.xml\n'}
[51.945053] (dog_udp_comm) CommandEnded: {'returncode': 0}
[51.985359] (dog_udp_comm) JobEnded: {'identifier': 'dog_udp_comm', 'rc': 0}
[51.987558] (-) EventReactorShutdown: {}
========
[0.000913] (cspc_lidar) JobQueued: {'identifier': 'cspc_lidar', 'dependencies': OrderedDict()}
[0.001197] (dog_udp_comm) JobQueued: {'identifier': 'dog_udp_comm', 'dependencies': OrderedDict([('cspc_lidar', '/home/admin/workspace/host_udp_ws/install/cspc_lidar')])}
[0.001272] (cspc_lidar) JobStarted: {'identifier': 'cspc_lidar'}
[0.014927] (cspc_lidar) JobProgress: {'identifier': 'cspc_lidar', 'progress': 'cmake'}
[0.015703] (cspc_lidar) Command: {'cmd': ['/usr/bin/cmake', '/home/admin/workspace/host_udp_ws/src/cspc_lidar_sdk_ros2', '-DCMAKE_INSTALL_PREFIX=/home/admin/workspace/host_udp_ws/install/cspc_lidar'], 'cwd': '/home/admin/workspace/host_udp_ws/build/cspc_lidar', 'env': OrderedDict([('PYTHON_BASIC_REPL', '1'), ('LESSOPEN', '| /usr/bin/lesspipe %s'), ('UMS_MOUNTPOINT', '/mnt/ums'), ('GST_V4L2_PREFERRED_FOURCC', 'NV12:YU12:NV16:YUY2'), ('LANGUAGE', 'en_US.UTF-8'), ('USER', 'admin'), ('SSH_CLIENT', '192.168.88.243 63795 22'), ('XDG_SESSION_TYPE', 'tty'), ('GIT_ASKPASS', '/home/admin/.vscode-server/cli/servers/Stable-6a49527b96e326fe62fbdb56f60e16877c9aa724/server/extensions/git/dist/askpass.sh'), ('SHLVL', '1'), ('USB_FUNCS', 'adb'), ('LD_LIBRARY_PATH', '/opt/ros/humble/opt/rviz_ogre_vendor/lib:/opt/ros/humble/lib/aarch64-linux-gnu:/opt/ros/humble/lib'), ('BROWSER', '/home/admin/.vscode-server/cli/servers/Stable-6a49527b96e326fe62fbdb56f60e16877c9aa724/server/bin/helpers/browser.sh'), ('MOTD_SHOWN', 'pam'), ('HOME', '/home/admin'), ('OLDPWD', '/home/admin/workspace'), ('TERM_PROGRAM_VERSION', '1.122.0'), ('VSCODE_IPC_HOOK_CLI', '/run/user/1000/vscode-ipc-56a0c44b-29c5-456f-a17e-0cc1c913a2bc.sock'), ('GST_INSPECT_NO_COLORS', '1'), ('GST_MPP_NO_RGA', '1'), ('ROS_PYTHON_VERSION', '3'), ('COGL_DRIVER', 'gles2'), ('VSCODE_GIT_ASKPASS_MAIN', '/home/admin/.vscode-server/cli/servers/Stable-6a49527b96e326fe62fbdb56f60e16877c9aa724/server/extensions/git/dist/askpass-main.js'), ('PS1', '\\[\x1b]633;A\x07\\]\\[\x1b]633;A\x07\\]\\[\\e]0;\\u@\\h: \\w\\a\\]${debian_chroot:+($debian_chroot)}\\[\\033[01;32m\\]\\u@\\h\\[\\033[00m\\]:\\[\\033[01;34m\\]\\w\\[\\033[00m\\]\\$ \\[\x1b]633;B\x07\\]\\[\x1b]633;B\x07\\]'), ('VSCODE_GIT_ASKPASS_NODE', '/home/admin/.vscode-server/cli/servers/Stable-6a49527b96e326fe62fbdb56f60e16877c9aa724/server/node'), ('PYDEVD_DISABLE_FILE_VALIDATION', '1'), ('BUNDLED_DEBUGPY_PATH', '/home/admin/.vscode-server/extensions/ms-python.debugpy-2026.6.0-linux-arm64/bundled/libs/debugpy'), ('VSCODE_PYTHON_AUTOACTIVATE_GUARD', '1'), ('DBUS_SESSION_BUS_ADDRESS', 'unix:path=/run/user/1000/bus'), ('COLORTERM', 'truecolor'), ('COLCON_PREFIX_PATH', '/home/admin/workspace/host_udp_ws/install'), ('GST_V4L2SRC_MAX_RESOLUTION', '3840x2160'), ('ROS_DISTRO', 'humble'), ('LOGNAME', 'admin'), ('_', '/usr/bin/colcon'), ('ROS_VERSION', '2'), ('XDG_SESSION_CLASS', 'user'), ('TERM', 'xterm-256color'), ('GST_GL_API', 'gles2'), ('XDG_SESSION_ID', '6'), ('GST_VIDEO_CONVERT_PREFERRED_FORMAT', 'NV12:NV16:I420:YUY2'), ('GST_V4L2SRC_RK_DEVICES', '_mainpath:_selfpath:_bypass:_scale'), ('ROS_LOCALHOST_ONLY', '1'), ('PATH', '/home/admin/.vscode-server/cli/servers/Stable-6a49527b96e326fe62fbdb56f60e16877c9aa724/server/bin/remote-cli:/home/admin/.local/bin:/opt/ros/humble/bin:/home/admin/.local/bin:/usr/local/sbin:/usr/local/bin:/usr/sbin:/usr/bin:/sbin:/bin:/usr/games:/usr/local/games:/snap/bin:/home/admin/.vscode-server/extensions/ms-python.debugpy-2026.6.0-linux-arm64/bundled/scripts/noConfigScripts'), ('XDG_RUNTIME_DIR', '/run/user/1000'), ('GST_GL_PLATFORM', 'egl'), ('GST_DEBUG_NO_COLOR', '1'), ('GST_V4L2SRC_DEFAULT_DEVICE', '/dev/video-camera0'), ('DISPLAY', ':0'), ('VSCODE_DEBUGPY_ADAPTER_ENDPOINTS', '/home/admin/.vscode-server/extensions/ms-python.debugpy-2026.6.0-linux-arm64/.noConfigDebugAdapterEndpoints/endpoint-c929ce49067852cf.txt'), ('LANG', 'en_US.UTF-8'), ('PYTHONSTARTUP', '/home/admin/.vscode-server/data/User/workspaceStorage/2a4873d7ff7a1bb6e3391ee746fb9efe/ms-python.python/pythonrc.py'), ('LS_COLORS', 'rs=0:di=01;34:ln=01;36:mh=00:pi=40;33:so=01;35:do=01;35:bd=40;33;01:cd=40;33;01:or=40;31;01:mi=00:su=37;41:sg=30;43:ca=30;41:tw=30;42:ow=34;42:st=37;44:ex=01;32:*.tar=01;31:*.tgz=01;31:*.arc=01;31:*.arj=01;31:*.taz=01;31:*.lha=01;31:*.lz4=01;31:*.lzh=01;31:*.lzma=01;31:*.tlz=01;31:*.txz=01;31:*.tzo=01;31:*.t7z=01;31:*.zip=01;31:*.z=01;31:*.dz=01;31:*.gz=01;31:*.lrz=01;31:*.lz=01;31:*.lzo=01;31:*.xz=01;31:*.zst=01;31:*.tzst=01;31:*.bz2=01;31:*.bz=01;31:*.tbz=01;31:*.tbz2=01;31:*.tz=01;31:*.deb=01;31:*.rpm=01;31:*.jar=01;31:*.war=01;31:*.ear=01;31:*.sar=01;31:*.rar=01;31:*.alz=01;31:*.ace=01;31:*.zoo=01;31:*.cpio=01;31:*.7z=01;31:*.rz=01;31:*.cab=01;31:*.wim=01;31:*.swm=01;31:*.dwm=01;31:*.esd=01;31:*.jpg=01;35:*.jpeg=01;35:*.mjpg=01;35:*.mjpeg=01;35:*.gif=01;35:*.bmp=01;35:*.pbm=01;35:*.pgm=01;35:*.ppm=01;35:*.tga=01;35:*.xbm=01;35:*.xpm=01;35:*.tif=01;35:*.tiff=01;35:*.png=01;35:*.svg=01;35:*.svgz=01;35:*.mng=01;35:*.pcx=01;35:*.mov=01;35:*.mpg=01;35:*.mpeg=01;35:*.m2v=01;35:*.mkv=01;35:*.webm=01;35:*.webp=01;35:*.ogm=01;35:*.mp4=01;35:*.m4v=01;35:*.mp4v=01;35:*.vob=01;35:*.qt=01;35:*.nuv=01;35:*.wmv=01;35:*.asf=01;35:*.rm=01;35:*.rmvb=01;35:*.flc=01;35:*.avi=01;35:*.fli=01;35:*.flv=01;35:*.gl=01;35:*.dl=01;35:*.xcf=01;35:*.xwd=01;35:*.yuv=01;35:*.cgm=01;35:*.emf=01;35:*.ogv=01;35:*.ogx=01;35:*.aac=00;36:*.au=00;36:*.flac=00;36:*.m4a=00;36:*.mid=00;36:*.midi=00;36:*.mka=00;36:*.mp3=00;36:*.mpc=00;36:*.ogg=00;36:*.ra=00;36:*.wav=00;36:*.oga=00;36:*.opus=00;36:*.spx=00;36:*.xspf=00;36:'), ('VSCODE_GIT_IPC_HANDLE', '/run/user/1000/vscode-git-de57f957e7.sock'), ('TERM_PROGRAM', 'vscode'), ('GST_V4L2_USE_LIBV4L2', '1'), ('UMS_SIZE', '256M'), ('AMENT_PREFIX_PATH', '/home/admin/workspace/host_udp_ws/install/dog_udp_comm:/home/admin/workspace/host_udp_ws/install/cspc_lidar:/opt/ros/humble'), ('LC_MESSAGES', 'en_US.UTF-8'), ('SHELL', '/bin/bash'), ('UMS_RO', '0'), ('LESSCLOSE', '/usr/bin/lesspipe %s %s'), ('UMS_FSTYPE', 'vfat'), ('VSCODE_GIT_ASKPASS_EXTRA_ARGS', ''), ('PWD', '/home/admin/workspace/host_udp_ws/build/cspc_lidar'), ('LC_ALL', 'en_US.UTF-8'), ('SSH_CONNECTION', '192.168.88.243 63795 192.168.88.181 22'), ('PYTHONPATH', '/opt/ros/humble/lib/python3.10/site-packages:/opt/ros/humble/local/lib/python3.10/dist-packages'), ('UMS_MOUNT', '0'), ('COLCON', '1'), ('CMAKE_PREFIX_PATH', '/home/admin/workspace/host_udp_ws/install/dog_udp_comm:/home/admin/workspace/host_udp_ws/install/cspc_lidar:/opt/ros/humble'), ('UMS_FILE', '/userdata/ums_shared.img')]), 'shell': False}
[0.098810] (-) TimerEvent: {}
[0.198032] (cspc_lidar) StdoutLine: {'line': b'-- The C compiler identification is GNU 11.4.0\n'}
[0.198853] (-) TimerEvent: {}
[0.299210] (-) TimerEvent: {}
[0.341541] (cspc_lidar) StdoutLine: {'line': b'-- The CXX compiler identification is GNU 11.4.0\n'}
[0.360342] (cspc_lidar) StdoutLine: {'line': b'-- Detecting C compiler ABI info\n'}
[0.399630] (-) TimerEvent: {}
[0.500944] (-) TimerEvent: {}
[0.560176] (cspc_lidar) StdoutLine: {'line': b'-- Detecting C compiler ABI info - done\n'}
[0.566487] (cspc_lidar) StdoutLine: {'line': b'-- Check for working C compiler: /usr/bin/cc - skipped\n'}
[0.566825] (cspc_lidar) StdoutLine: {'line': b'-- Detecting C compile features\n'}
[0.567584] (cspc_lidar) StdoutLine: {'line': b'-- Detecting C compile features - done\n'}
[0.574143] (cspc_lidar) StdoutLine: {'line': b'-- Detecting CXX compiler ABI info\n'}
[0.601404] (-) TimerEvent: {}
[0.701991] (-) TimerEvent: {}
[0.802421] (-) TimerEvent: {}
[0.811293] (cspc_lidar) StdoutLine: {'line': b'-- Detecting CXX compiler ABI info - done\n'}
[0.853144] (cspc_lidar) StdoutLine: {'line': b'-- Check for working CXX compiler: /usr/bin/c++ - skipped\n'}
[0.854224] (cspc_lidar) StdoutLine: {'line': b'-- Detecting CXX compile features\n'}
[0.856448] (cspc_lidar) StdoutLine: {'line': b'-- Detecting CXX compile features - done\n'}
[0.867537] (cspc_lidar) StdoutLine: {'line': b'-- Found ament_cmake: 1.3.14 (/opt/ros/humble/share/ament_cmake/cmake)\n'}
[0.902749] (-) TimerEvent: {}
[1.003636] (-) TimerEvent: {}
[1.105158] (-) TimerEvent: {}
[1.206113] (-) TimerEvent: {}
[1.221454] (cspc_lidar) StdoutLine: {'line': b'-- Found Python3: /usr/bin/python3 (found version "3.10.12") found components: Interpreter \n'}
[1.306279] (-) TimerEvent: {}
[1.381824] (cspc_lidar) StdoutLine: {'line': b'-- Found rclcpp: 16.0.19 (/opt/ros/humble/share/rclcpp/cmake)\n'}
[1.406577] (-) TimerEvent: {}
[1.443229] (cspc_lidar) StdoutLine: {'line': b'-- Found rosidl_generator_c: 3.1.8 (/opt/ros/humble/share/rosidl_generator_c/cmake)\n'}
[1.450329] (cspc_lidar) StdoutLine: {'line': b'-- Found rosidl_adapter: 3.1.8 (/opt/ros/humble/share/rosidl_adapter/cmake)\n'}
[1.461594] (cspc_lidar) StdoutLine: {'line': b'-- Found rosidl_generator_cpp: 3.1.8 (/opt/ros/humble/share/rosidl_generator_cpp/cmake)\n'}
[1.478289] (cspc_lidar) StdoutLine: {'line': b'-- Using all available rosidl_typesupport_c: rosidl_typesupport_fastrtps_c;rosidl_typesupport_introspection_c\n'}
[1.500733] (cspc_lidar) StdoutLine: {'line': b'-- Using all available rosidl_typesupport_cpp: rosidl_typesupport_fastrtps_cpp;rosidl_typesupport_introspection_cpp\n'}
[1.506633] (-) TimerEvent: {}
[1.559731] (cspc_lidar) StdoutLine: {'line': b'-- Found rmw_implementation_cmake: 6.1.2 (/opt/ros/humble/share/rmw_implementation_cmake/cmake)\n'}
[1.562613] (cspc_lidar) StdoutLine: {'line': b'-- Found rmw_fastrtps_cpp: 6.2.10 (/opt/ros/humble/share/rmw_fastrtps_cpp/cmake)\n'}
[1.607024] (-) TimerEvent: {}
[1.707988] (-) TimerEvent: {}
[1.755628] (cspc_lidar) StdoutLine: {'line': b'-- Found OpenSSL: /usr/lib/aarch64-linux-gnu/libcrypto.so (found version "3.0.2")  \n'}
[1.808155] (-) TimerEvent: {}
[1.813884] (cspc_lidar) StdoutLine: {'line': b'-- Found FastRTPS: /opt/ros/humble/include  \n'}
[1.887545] (cspc_lidar) StdoutLine: {'line': b"-- Using RMW implementation 'rmw_fastrtps_cpp' as default\n"}
[1.900565] (cspc_lidar) StdoutLine: {'line': b'-- Looking for pthread.h\n'}
[1.908403] (-) TimerEvent: {}
[2.010367] (-) TimerEvent: {}
[2.109533] (cspc_lidar) StdoutLine: {'line': b'-- Looking for pthread.h - found\n'}
[2.110195] (cspc_lidar) StdoutLine: {'line': b'-- Performing Test CMAKE_HAVE_LIBC_PTHREAD\n'}
[2.110336] (-) TimerEvent: {}
[2.210853] (-) TimerEvent: {}
[2.289514] (cspc_lidar) StdoutLine: {'line': b'-- Performing Test CMAKE_HAVE_LIBC_PTHREAD - Success\n'}
[2.294392] (cspc_lidar) StdoutLine: {'line': b'-- Found Threads: TRUE  \n'}
[2.310953] (-) TimerEvent: {}
[2.411796] (-) TimerEvent: {}
[2.417853] (cspc_lidar) StdoutLine: {'line': b'-- Found sensor_msgs: 4.9.1 (/opt/ros/humble/share/sensor_msgs/cmake)\n'}
[2.470449] (cspc_lidar) StdoutLine: {'line': b'-- Found visualization_msgs: 4.9.1 (/opt/ros/humble/share/visualization_msgs/cmake)\n'}
[2.503325] (cspc_lidar) StdoutLine: {'line': b'-- Found pcl_conversions: 2.4.5 (/opt/ros/humble/share/pcl_conversions/cmake)\n'}
[2.512128] (-) TimerEvent: {}
[2.565331] (cspc_lidar) StdoutLine: {'line': b"-- Checking for module 'eigen3'\n"}
[2.608464] (cspc_lidar) StdoutLine: {'line': b'--   Found eigen3, version 3.4.0\n'}
[2.612203] (-) TimerEvent: {}
[2.712872] (-) TimerEvent: {}
[2.733683] (cspc_lidar) StdoutLine: {'line': b'-- Found Eigen: /usr/include/eigen3 (Required is at least version "3.1") \n'}
[2.734537] (cspc_lidar) StdoutLine: {'line': b'-- Eigen found (include: /usr/include/eigen3, version: 3.4.0)\n'}
[2.802062] (cspc_lidar) StdoutLine: {'line': b"-- Checking for module 'flann'\n"}
[2.812980] (-) TimerEvent: {}
[2.842137] (cspc_lidar) StdoutLine: {'line': b'--   Found flann, version 1.9.1\n'}
[2.913096] (-) TimerEvent: {}
[2.979152] (cspc_lidar) StdoutLine: {'line': b'-- Found FLANN: /usr/lib/aarch64-linux-gnu/libflann_cpp.so  \n'}
[2.980361] (cspc_lidar) StdoutLine: {'line': b'-- FLANN found (include: /usr/include, lib: /usr/lib/aarch64-linux-gnu/libflann_cpp.so)\n'}
[3.013449] (-) TimerEvent: {}
[3.114082] (-) TimerEvent: {}
[3.214687] (-) TimerEvent: {}
[3.315177] (-) TimerEvent: {}
[3.415574] (-) TimerEvent: {}
[3.516046] (-) TimerEvent: {}
[3.616594] (-) TimerEvent: {}
[3.717285] (-) TimerEvent: {}
[3.817689] (-) TimerEvent: {}
[3.918371] (-) TimerEvent: {}
[4.018826] (-) TimerEvent: {}
[4.119351] (-) TimerEvent: {}
[4.220113] (-) TimerEvent: {}
[4.322409] (-) TimerEvent: {}
[4.422876] (-) TimerEvent: {}
[4.523512] (-) TimerEvent: {}
[4.623923] (-) TimerEvent: {}
[4.724292] (-) TimerEvent: {}
[4.824732] (-) TimerEvent: {}
[4.925247] (-) TimerEvent: {}
[5.026216] (-) TimerEvent: {}
[5.127374] (-) TimerEvent: {}
[5.229048] (-) TimerEvent: {}
[5.329968] (-) TimerEvent: {}
[5.431360] (-) TimerEvent: {}
[5.533328] (-) TimerEvent: {}
[5.634192] (-) TimerEvent: {}
[5.735027] (-) TimerEvent: {}
[5.836244] (-) TimerEvent: {}
[5.916020] (cspc_lidar) StdoutLine: {'line': b"-- Checking for module 'libusb-1.0'\n"}
[5.937153] (-) TimerEvent: {}
[5.967484] (cspc_lidar) StdoutLine: {'line': b'--   Found libusb-1.0, version 1.0.25\n'}
[6.036902] (-) TimerEvent: {}
[6.132474] (cspc_lidar) StdoutLine: {'line': b'-- Found libusb: /usr/lib/aarch64-linux-gnu/libusb-1.0.so  \n'}
[6.137467] (-) TimerEvent: {}
[6.139020] (cspc_lidar) StdoutLine: {'line': b'-- OpenNI found (version: 1.5.4.0, include: /usr/include/ni, lib: /usr/lib/libOpenNI.so;libusb::libusb)\n'}
[6.237927] (-) TimerEvent: {}
[6.339448] (-) TimerEvent: {}
[6.384442] (cspc_lidar) StdoutLine: {'line': b'-- OpenNI2 found (version: 2.2.0.33, include: /usr/include/openni2, lib: /usr/lib/aarch64-linux-gnu/libOpenNI2.so;libusb::libusb)\n'}
[6.439601] (-) TimerEvent: {}
[6.540360] (-) TimerEvent: {}
[6.641527] (-) TimerEvent: {}
[6.703639] (cspc_lidar) StdoutLine: {'line': b'-- Eigen found (include: /usr/include/eigen3, version: 3.4.0)\n'}
[6.722550] (cspc_lidar) StdoutLine: {'line': b'-- OpenNI found (version: 1.5.4.0, include: /usr/include/ni, lib: /usr/lib/libOpenNI.so;libusb::libusb)\n'}
[6.736006] (cspc_lidar) StdoutLine: {'line': b'-- OpenNI2 found (version: 2.2.0.33, include: /usr/include/openni2, lib: /usr/lib/aarch64-linux-gnu/libOpenNI2.so;libusb::libusb)\n'}
[6.741573] (-) TimerEvent: {}
[6.842273] (-) TimerEvent: {}
[6.943000] (-) TimerEvent: {}
[6.993315] (cspc_lidar) StdoutLine: {'line': b'-- Found Qhull version 8.0.2\n'}
[7.043109] (-) TimerEvent: {}
[7.143587] (-) TimerEvent: {}
[7.244202] (-) TimerEvent: {}
[7.257646] (cspc_lidar) StdoutLine: {'line': b'-- OpenNI found (version: 1.5.4.0, include: /usr/include/ni, lib: /usr/lib/libOpenNI.so;libusb::libusb)\n'}
[7.344570] (-) TimerEvent: {}
[7.445562] (-) TimerEvent: {}
[7.513875] (cspc_lidar) StdoutLine: {'line': b'-- Found PCL_COMMON: /usr/lib/aarch64-linux-gnu/libpcl_common.so  \n'}
[7.515634] (cspc_lidar) StdoutLine: {'line': b'-- Found PCL_KDTREE: /usr/lib/aarch64-linux-gnu/libpcl_kdtree.so  \n'}
[7.517014] (cspc_lidar) StdoutLine: {'line': b'-- Found PCL_OCTREE: /usr/lib/aarch64-linux-gnu/libpcl_octree.so  \n'}
[7.518105] (cspc_lidar) StdoutLine: {'line': b'-- Found PCL_SEARCH: /usr/lib/aarch64-linux-gnu/libpcl_search.so  \n'}
[7.519446] (cspc_lidar) StdoutLine: {'line': b'-- Found PCL_SAMPLE_CONSENSUS: /usr/lib/aarch64-linux-gnu/libpcl_sample_consensus.so  \n'}
[7.522271] (cspc_lidar) StdoutLine: {'line': b'-- Found PCL_FILTERS: /usr/lib/aarch64-linux-gnu/libpcl_filters.so  \n'}
[7.523126] (cspc_lidar) StdoutLine: {'line': b'-- Found PCL_2D: /usr/include/pcl-1.12  \n'}
[7.523619] (cspc_lidar) StdoutLine: {'line': b'-- Found PCL_GEOMETRY: /usr/include/pcl-1.12  \n'}
[7.525460] (cspc_lidar) StdoutLine: {'line': b'-- Found PCL_IO: /usr/lib/aarch64-linux-gnu/libpcl_io.so  \n'}
[7.527002] (cspc_lidar) StdoutLine: {'line': b'-- Found PCL_FEATURES: /usr/lib/aarch64-linux-gnu/libpcl_features.so  \n'}
[7.528402] (cspc_lidar) StdoutLine: {'line': b'-- Found PCL_ML: /usr/lib/aarch64-linux-gnu/libpcl_ml.so  \n'}
[7.529597] (cspc_lidar) StdoutLine: {'line': b'-- Found PCL_SEGMENTATION: /usr/lib/aarch64-linux-gnu/libpcl_segmentation.so  \n'}
[7.531151] (cspc_lidar) StdoutLine: {'line': b'-- Found PCL_VISUALIZATION: /usr/lib/aarch64-linux-gnu/libpcl_visualization.so  \n'}
[7.532489] (cspc_lidar) StdoutLine: {'line': b'-- Found PCL_SURFACE: /usr/lib/aarch64-linux-gnu/libpcl_surface.so  \n'}
[7.534620] (cspc_lidar) StdoutLine: {'line': b'-- Found PCL_REGISTRATION: /usr/lib/aarch64-linux-gnu/libpcl_registration.so  \n'}
[7.536637] (cspc_lidar) StdoutLine: {'line': b'-- Found PCL_KEYPOINTS: /usr/lib/aarch64-linux-gnu/libpcl_keypoints.so  \n'}
[7.539099] (cspc_lidar) StdoutLine: {'line': b'-- Found PCL_TRACKING: /usr/lib/aarch64-linux-gnu/libpcl_tracking.so  \n'}
[7.542308] (cspc_lidar) StdoutLine: {'line': b'-- Found PCL_RECOGNITION: /usr/lib/aarch64-linux-gnu/libpcl_recognition.so  \n'}
[7.544379] (cspc_lidar) StdoutLine: {'line': b'-- Found PCL_STEREO: /usr/lib/aarch64-linux-gnu/libpcl_stereo.so  \n'}
[7.545622] (-) TimerEvent: {}
[7.546044] (cspc_lidar) StdoutLine: {'line': b'-- Found PCL_APPS: /usr/lib/aarch64-linux-gnu/libpcl_apps.so  \n'}
[7.547028] (cspc_lidar) StdoutLine: {'line': b'-- Found PCL_IN_HAND_SCANNER: /usr/include/pcl-1.12  \n'}
[7.547478] (cspc_lidar) StdoutLine: {'line': b'-- Found PCL_MODELER: /usr/include/pcl-1.12  \n'}
[7.547903] (cspc_lidar) StdoutLine: {'line': b'-- Found PCL_POINT_CLOUD_EDITOR: /usr/include/pcl-1.12  \n'}
[7.549313] (cspc_lidar) StdoutLine: {'line': b'-- Found PCL_OUTOFCORE: /usr/lib/aarch64-linux-gnu/libpcl_outofcore.so  \n'}
[7.550792] (cspc_lidar) StdoutLine: {'line': b'-- Found PCL_PEOPLE: /usr/lib/aarch64-linux-gnu/libpcl_people.so  \n'}
[7.553410] (cspc_lidar) StderrLine: {'line': b'\x1b[33mCMake Warning (dev) at CMakeLists.txt:19 (find_package):\n'}
[7.553701] (cspc_lidar) StderrLine: {'line': b'  Policy CMP0074 is not set: find_package uses <PackageName>_ROOT variables.\n'}
[7.553797] (cspc_lidar) StderrLine: {'line': b'  Run "cmake --help-policy CMP0074" for policy details.  Use the cmake_policy\n'}
[7.553878] (cspc_lidar) StderrLine: {'line': b'  command to set the policy and suppress this warning.\n'}
[7.553955] (cspc_lidar) StderrLine: {'line': b'\n'}
[7.554030] (cspc_lidar) StderrLine: {'line': b'  CMake variable PCL_ROOT is set to:\n'}
[7.554105] (cspc_lidar) StderrLine: {'line': b'\n'}
[7.554179] (cspc_lidar) StderrLine: {'line': b'    /usr\n'}
[7.554257] (cspc_lidar) StderrLine: {'line': b'\n'}
[7.554332] (cspc_lidar) StderrLine: {'line': b'  For compatibility, CMake is ignoring the variable.\n'}
[7.554417] (cspc_lidar) StderrLine: {'line': b'This warning is for project developers.  Use -Wno-dev to suppress it.\n'}
[7.554512] (cspc_lidar) StderrLine: {'line': b'\x1b[0m\n'}
[7.584573] (cspc_lidar) StdoutLine: {'line': b'-- Found ament_lint_auto: 0.12.15 (/opt/ros/humble/share/ament_lint_auto/cmake)\n'}
[7.645810] (-) TimerEvent: {}
[7.746610] (-) TimerEvent: {}
[7.753048] (cspc_lidar) StdoutLine: {'line': b"-- Added test 'copyright' to check source files copyright and LICENSE\n"}
[7.755971] (cspc_lidar) StdoutLine: {'line': b"-- Added test 'cppcheck' to perform static code analysis on C / C++ code\n"}
[7.757114] (cspc_lidar) StdoutLine: {'line': b'-- Configured cppcheck include dirs: /home/admin/workspace/host_udp_ws/src/cspc_lidar_sdk_ros2/include/cspc_lidar;/home/admin/workspace/host_udp_ws/src/cspc_lidar_sdk_ros2/sdk\n'}
[7.757720] (cspc_lidar) StdoutLine: {'line': b'-- Configured cppcheck exclude dirs and/or files: \n'}
[7.759149] (cspc_lidar) StdoutLine: {'line': b"-- Added test 'cpplint' to check C / C++ code against the Google style\n"}
[7.759696] (cspc_lidar) StdoutLine: {'line': b'-- Configured cpplint exclude dirs and/or files: \n'}
[7.760487] (cspc_lidar) StdoutLine: {'line': b"-- Added test 'flake8' to check Python code syntax and style conventions\n"}
[7.761804] (cspc_lidar) StdoutLine: {'line': b"-- Added test 'lint_cmake' to check CMake code style\n"}
[7.763422] (cspc_lidar) StdoutLine: {'line': b"-- Added test 'pep257' to check Python code against some of the docstring style conventions in PEP 257\n"}
[7.766210] (cspc_lidar) StdoutLine: {'line': b"-- Added test 'uncrustify' to check C / C++ code style\n"}
[7.766622] (cspc_lidar) StdoutLine: {'line': b'-- Configured uncrustify additional arguments: \n'}
[7.767414] (cspc_lidar) StdoutLine: {'line': b"-- Added test 'xmllint' to check XML markup files\n"}
[7.769908] (cspc_lidar) StdoutLine: {'line': b'-- Configuring done\n'}
[7.823966] (cspc_lidar) StdoutLine: {'line': b'-- Generating done\n'}
[7.843165] (cspc_lidar) StdoutLine: {'line': b'-- Build files have been written to: /home/admin/workspace/host_udp_ws/build/cspc_lidar\n'}
[7.846797] (-) TimerEvent: {}
[7.887513] (cspc_lidar) CommandEnded: {'returncode': 0}
[7.893481] (cspc_lidar) JobProgress: {'identifier': 'cspc_lidar', 'progress': 'build'}
[7.893620] (cspc_lidar) Command: {'cmd': ['/usr/bin/cmake', '--build', '/home/admin/workspace/host_udp_ws/build/cspc_lidar', '--', '-j8', '-l8'], 'cwd': '/home/admin/workspace/host_udp_ws/build/cspc_lidar', 'env': OrderedDict([('PYTHON_BASIC_REPL', '1'), ('LESSOPEN', '| /usr/bin/lesspipe %s'), ('UMS_MOUNTPOINT', '/mnt/ums'), ('GST_V4L2_PREFERRED_FOURCC', 'NV12:YU12:NV16:YUY2'), ('LANGUAGE', 'en_US.UTF-8'), ('USER', 'admin'), ('SSH_CLIENT', '192.168.88.243 63795 22'), ('XDG_SESSION_TYPE', 'tty'), ('GIT_ASKPASS', '/home/admin/.vscode-server/cli/servers/Stable-6a49527b96e326fe62fbdb56f60e16877c9aa724/server/extensions/git/dist/askpass.sh'), ('SHLVL', '1'), ('USB_FUNCS', 'adb'), ('LD_LIBRARY_PATH', '/opt/ros/humble/opt/rviz_ogre_vendor/lib:/opt/ros/humble/lib/aarch64-linux-gnu:/opt/ros/humble/lib'), ('BROWSER', '/home/admin/.vscode-server/cli/servers/Stable-6a49527b96e326fe62fbdb56f60e16877c9aa724/server/bin/helpers/browser.sh'), ('MOTD_SHOWN', 'pam'), ('HOME', '/home/admin'), ('OLDPWD', '/home/admin/workspace'), ('TERM_PROGRAM_VERSION', '1.122.0'), ('VSCODE_IPC_HOOK_CLI', '/run/user/1000/vscode-ipc-56a0c44b-29c5-456f-a17e-0cc1c913a2bc.sock'), ('GST_INSPECT_NO_COLORS', '1'), ('GST_MPP_NO_RGA', '1'), ('ROS_PYTHON_VERSION', '3'), ('COGL_DRIVER', 'gles2'), ('VSCODE_GIT_ASKPASS_MAIN', '/home/admin/.vscode-server/cli/servers/Stable-6a49527b96e326fe62fbdb56f60e16877c9aa724/server/extensions/git/dist/askpass-main.js'), ('PS1', '\\[\x1b]633;A\x07\\]\\[\x1b]633;A\x07\\]\\[\\e]0;\\u@\\h: \\w\\a\\]${debian_chroot:+($debian_chroot)}\\[\\033[01;32m\\]\\u@\\h\\[\\033[00m\\]:\\[\\033[01;34m\\]\\w\\[\\033[00m\\]\\$ \\[\x1b]633;B\x07\\]\\[\x1b]633;B\x07\\]'), ('VSCODE_GIT_ASKPASS_NODE', '/home/admin/.vscode-server/cli/servers/Stable-6a49527b96e326fe62fbdb56f60e16877c9aa724/server/node'), ('PYDEVD_DISABLE_FILE_VALIDATION', '1'), ('BUNDLED_DEBUGPY_PATH', '/home/admin/.vscode-server/extensions/ms-python.debugpy-2026.6.0-linux-arm64/bundled/libs/debugpy'), ('VSCODE_PYTHON_AUTOACTIVATE_GUARD', '1'), ('DBUS_SESSION_BUS_ADDRESS', 'unix:path=/run/user/1000/bus'), ('COLORTERM', 'truecolor'), ('COLCON_PREFIX_PATH', '/home/admin/workspace/host_udp_ws/install'), ('GST_V4L2SRC_MAX_RESOLUTION', '3840x2160'), ('ROS_DISTRO', 'humble'), ('LOGNAME', 'admin'), ('_', '/usr/bin/colcon'), ('ROS_VERSION', '2'), ('XDG_SESSION_CLASS', 'user'), ('TERM', 'xterm-256color'), ('GST_GL_API', 'gles2'), ('XDG_SESSION_ID', '6'), ('GST_VIDEO_CONVERT_PREFERRED_FORMAT', 'NV12:NV16:I420:YUY2'), ('GST_V4L2SRC_RK_DEVICES', '_mainpath:_selfpath:_bypass:_scale'), ('ROS_LOCALHOST_ONLY', '1'), ('PATH', '/home/admin/.vscode-server/cli/servers/Stable-6a49527b96e326fe62fbdb56f60e16877c9aa724/server/bin/remote-cli:/home/admin/.local/bin:/opt/ros/humble/bin:/home/admin/.local/bin:/usr/local/sbin:/usr/local/bin:/usr/sbin:/usr/bin:/sbin:/bin:/usr/games:/usr/local/games:/snap/bin:/home/admin/.vscode-server/extensions/ms-python.debugpy-2026.6.0-linux-arm64/bundled/scripts/noConfigScripts'), ('XDG_RUNTIME_DIR', '/run/user/1000'), ('GST_GL_PLATFORM', 'egl'), ('GST_DEBUG_NO_COLOR', '1'), ('GST_V4L2SRC_DEFAULT_DEVICE', '/dev/video-camera0'), ('DISPLAY', ':0'), ('VSCODE_DEBUGPY_ADAPTER_ENDPOINTS', '/home/admin/.vscode-server/extensions/ms-python.debugpy-2026.6.0-linux-arm64/.noConfigDebugAdapterEndpoints/endpoint-c929ce49067852cf.txt'), ('LANG', 'en_US.UTF-8'), ('PYTHONSTARTUP', '/home/admin/.vscode-server/data/User/workspaceStorage/2a4873d7ff7a1bb6e3391ee746fb9efe/ms-python.python/pythonrc.py'), ('LS_COLORS', 'rs=0:di=01;34:ln=01;36:mh=00:pi=40;33:so=01;35:do=01;35:bd=40;33;01:cd=40;33;01:or=40;31;01:mi=00:su=37;41:sg=30;43:ca=30;41:tw=30;42:ow=34;42:st=37;44:ex=01;32:*.tar=01;31:*.tgz=01;31:*.arc=01;31:*.arj=01;31:*.taz=01;31:*.lha=01;31:*.lz4=01;31:*.lzh=01;31:*.lzma=01;31:*.tlz=01;31:*.txz=01;31:*.tzo=01;31:*.t7z=01;31:*.zip=01;31:*.z=01;31:*.dz=01;31:*.gz=01;31:*.lrz=01;31:*.lz=01;31:*.lzo=01;31:*.xz=01;31:*.zst=01;31:*.tzst=01;31:*.bz2=01;31:*.bz=01;31:*.tbz=01;31:*.tbz2=01;31:*.tz=01;31:*.deb=01;31:*.rpm=01;31:*.jar=01;31:*.war=01;31:*.ear=01;31:*.sar=01;31:*.rar=01;31:*.alz=01;31:*.ace=01;31:*.zoo=01;31:*.cpio=01;31:*.7z=01;31:*.rz=01;31:*.cab=01;31:*.wim=01;31:*.swm=01;31:*.dwm=01;31:*.esd=01;31:*.jpg=01;35:*.jpeg=01;35:*.mjpg=01;35:*.mjpeg=01;35:*.gif=01;35:*.bmp=01;35:*.pbm=01;35:*.pgm=01;35:*.ppm=01;35:*.tga=01;35:*.xbm=01;35:*.xpm=01;35:*.tif=01;35:*.tiff=01;35:*.png=01;35:*.svg=01;35:*.svgz=01;35:*.mng=01;35:*.pcx=01;35:*.mov=01;35:*.mpg=01;35:*.mpeg=01;35:*.m2v=01;35:*.mkv=01;35:*.webm=01;35:*.webp=01;35:*.ogm=01;35:*.mp4=01;35:*.m4v=01;35:*.mp4v=01;35:*.vob=01;35:*.qt=01;35:*.nuv=01;35:*.wmv=01;35:*.asf=01;35:*.rm=01;35:*.rmvb=01;35:*.flc=01;35:*.avi=01;35:*.fli=01;35:*.flv=01;35:*.gl=01;35:*.dl=01;35:*.xcf=01;35:*.xwd=01;35:*.yuv=01;35:*.cgm=01;35:*.emf=01;35:*.ogv=01;35:*.ogx=01;35:*.aac=00;36:*.au=00;36:*.flac=00;36:*.m4a=00;36:*.mid=00;36:*.midi=00;36:*.mka=00;36:*.mp3=00;36:*.mpc=00;36:*.ogg=00;36:*.ra=00;36:*.wav=00;36:*.oga=00;36:*.opus=00;36:*.spx=00;36:*.xspf=00;36:'), ('VSCODE_GIT_IPC_HANDLE', '/run/user/1000/vscode-git-de57f957e7.sock'), ('TERM_PROGRAM', 'vscode'), ('GST_V4L2_USE_LIBV4L2', '1'), ('UMS_SIZE', '256M'), ('AMENT_PREFIX_PATH', '/home/admin/workspace/host_udp_ws/install/dog_udp_comm:/home/admin/workspace/host_udp_ws/install/cspc_lidar:/opt/ros/humble'), ('LC_MESSAGES', 'en_US.UTF-8'), ('SHELL', '/bin/bash'), ('UMS_RO', '0'), ('LESSCLOSE', '/usr/bin/lesspipe %s %s'), ('UMS_FSTYPE', 'vfat'), ('VSCODE_GIT_ASKPASS_EXTRA_ARGS', ''), ('PWD', '/home/admin/workspace/host_udp_ws/build/cspc_lidar'), ('LC_ALL', 'en_US.UTF-8'), ('SSH_CONNECTION', '192.168.88.243 63795 192.168.88.181 22'), ('PYTHONPATH', '/opt/ros/humble/lib/python3.10/site-packages:/opt/ros/humble/local/lib/python3.10/dist-packages'), ('UMS_MOUNT', '0'), ('COLCON', '1'), ('CMAKE_PREFIX_PATH', '/home/admin/workspace/host_udp_ws/install/dog_udp_comm:/home/admin/workspace/host_udp_ws/install/cspc_lidar:/opt/ros/humble'), ('UMS_FILE', '/userdata/ums_shared.img')]), 'shell': False}
[7.947165] (-) TimerEvent: {}
[8.030542] (cspc_lidar) StdoutLine: {'line': b'[ 11%] \x1b[32mBuilding CXX object CMakeFiles/cspc_lidar.dir/sdk/node_lidar.cpp.o\x1b[0m\n'}
[8.031349] (cspc_lidar) StdoutLine: {'line': b'[ 22%] \x1b[32mBuilding CXX object CMakeFiles/cspc_lidar.dir/sdk/serial_port.cpp.o\x1b[0m\n'}
[8.035617] (cspc_lidar) StdoutLine: {'line': b'[ 44%] \x1b[32mBuilding CXX object CMakeFiles/cspc_lidar.dir/sdk/point_cloud_optimize.cpp.o\x1b[0m\n'}
[8.036315] (cspc_lidar) StdoutLine: {'line': b'[ 44%] \x1b[32mBuilding CXX object CMakeFiles/cspc_lidar.dir/sdk/timer.cpp.o\x1b[0m\n'}
[8.041924] (cspc_lidar) StdoutLine: {'line': b'[ 55%] \x1b[32mBuilding CXX object CMakeFiles/cspc_lidar.dir/sdk/lidar_data_processing.cpp.o\x1b[0m\n'}
[8.044147] (cspc_lidar) StdoutLine: {'line': b'[ 66%] \x1b[32mBuilding CXX object CMakeFiles/cspc_lidar.dir/sdk/calibration.cpp.o\x1b[0m\n'}
[8.044840] (cspc_lidar) StdoutLine: {'line': b'[ 77%] \x1b[32mBuilding CXX object CMakeFiles/cspc_lidar.dir/sdk/mtime.cpp.o\x1b[0m\n'}
[8.047282] (-) TimerEvent: {}
[8.050295] (cspc_lidar) StdoutLine: {'line': b'[ 88%] \x1b[32mBuilding CXX object CMakeFiles/cspc_lidar.dir/src/node_lidar_ros.cpp.o\x1b[0m\n'}
[8.147815] (-) TimerEvent: {}
[8.248733] (-) TimerEvent: {}
[8.349614] (-) TimerEvent: {}
[8.450776] (-) TimerEvent: {}
[8.551811] (-) TimerEvent: {}
[8.652294] (-) TimerEvent: {}
[8.669323] (cspc_lidar) StderrLine: {'line': b'In file included from \x1b[01m\x1b[K/home/admin/workspace/host_udp_ws/src/cspc_lidar_sdk_ros2/sdk/serial_port.cpp:12\x1b[m\x1b[K:\n'}
[8.670116] (cspc_lidar) StderrLine: {'line': b'\x1b[01m\x1b[K/home/admin/workspace/host_udp_ws/src/cspc_lidar_sdk_ros2/sdk/serial_port.h:\x1b[m\x1b[K In constructor \xe2\x80\x98\x1b[01m\x1b[KSerial_Port::Serial_Port(const string&, uint32_t, Timeout, bytesize_t, parity_t, stopbits_t, flowcontrol_t)\x1b[m\x1b[K\xe2\x80\x99:\n'}
[8.670577] (cspc_lidar) StderrLine: {'line': b'\x1b[01m\x1b[K/home/admin/workspace/host_udp_ws/src/cspc_lidar_sdk_ros2/sdk/serial_port.h:102:14:\x1b[m\x1b[K \x1b[01;35m\x1b[Kwarning: \x1b[m\x1b[K\xe2\x80\x98\x1b[01m\x1b[KSerial_Port::bytesize_\x1b[m\x1b[K\xe2\x80\x99 will be initialized after [\x1b[01;35m\x1b[K\x1b]8;;https://gcc.gnu.org/onlinedocs/gcc/Warning-Options.html#index-Wreorder\x07-Wreorder\x1b]8;;\x07\x1b[m\x1b[K]\n'}
[8.671071] (cspc_lidar) StderrLine: {'line': b'  102 |   bytesize_t \x1b[01;35m\x1b[Kbytesize_\x1b[m\x1b[K;       // Size of the bytes\n'}
[8.671447] (cspc_lidar) StderrLine: {'line': b'      |              \x1b[01;35m\x1b[K^~~~~~~~~\x1b[m\x1b[K\n'}
[8.671810] (cspc_lidar) StderrLine: {'line': b'\x1b[01m\x1b[K/home/admin/workspace/host_udp_ws/src/cspc_lidar_sdk_ros2/sdk/serial_port.h:101:12:\x1b[m\x1b[K \x1b[01;35m\x1b[Kwarning: \x1b[m\x1b[K  \xe2\x80\x98\x1b[01m\x1b[Kparity_t Serial_Port::parity_\x1b[m\x1b[K\xe2\x80\x99 [\x1b[01;35m\x1b[K\x1b]8;;https://gcc.gnu.org/onlinedocs/gcc/Warning-Options.html#index-Wreorder\x07-Wreorder\x1b]8;;\x07\x1b[m\x1b[K]\n'}
[8.672172] (cspc_lidar) StderrLine: {'line': b'  101 |   parity_t \x1b[01;35m\x1b[Kparity_\x1b[m\x1b[K;           // Parity\n'}
[8.672640] (cspc_lidar) StderrLine: {'line': b'      |            \x1b[01;35m\x1b[K^~~~~~~\x1b[m\x1b[K\n'}
[8.673032] (cspc_lidar) StderrLine: {'line': b'\x1b[01m\x1b[K/home/admin/workspace/host_udp_ws/src/cspc_lidar_sdk_ros2/sdk/serial_port.cpp:31:1:\x1b[m\x1b[K \x1b[01;35m\x1b[Kwarning: \x1b[m\x1b[K  when initialized here [\x1b[01;35m\x1b[K\x1b]8;;https://gcc.gnu.org/onlinedocs/gcc/Warning-Options.html#index-Wreorder\x07-Wreorder\x1b]8;;\x07\x1b[m\x1b[K]\n'}
[8.673423] (cspc_lidar) StderrLine: {'line': b'   31 | \x1b[01;35m\x1b[KSerial_Port\x1b[m\x1b[K::Serial_Port(const string &port, uint32_t baudrate, Timeout timeout,\n'}
[8.673782] (cspc_lidar) StderrLine: {'line': b'      | \x1b[01;35m\x1b[K^~~~~~~~~~~\x1b[m\x1b[K\n'}
[8.674505] (cspc_lidar) StderrLine: {'line': b'\x1b[01m\x1b[K/home/admin/workspace/host_udp_ws/src/cspc_lidar_sdk_ros2/sdk/serial_port.cpp:\x1b[m\x1b[K In member function \xe2\x80\x98\x1b[01m\x1b[Kbool Serial_Port::setBaudrate(long unsigned int)\x1b[m\x1b[K\xe2\x80\x99:\n'}
[8.674908] (cspc_lidar) StderrLine: {'line': b'\x1b[01m\x1b[K/home/admin/workspace/host_udp_ws/src/cspc_lidar_sdk_ros2/sdk/serial_port.cpp:578:11:\x1b[m\x1b[K \x1b[01;35m\x1b[Kwarning: \x1b[m\x1b[Kunused variable \xe2\x80\x98\x1b[01m\x1b[Knew_baud\x1b[m\x1b[K\xe2\x80\x99 [\x1b[01;35m\x1b[K\x1b]8;;https://gcc.gnu.org/onlinedocs/gcc/Warning-Options.html#index-Wunused-variable\x07-Wunused-variable\x1b]8;;\x07\x1b[m\x1b[K]\n'}
[8.675296] (cspc_lidar) StderrLine: {'line': b'  578 |   speed_t \x1b[01;35m\x1b[Knew_baud\x1b[m\x1b[K = static_cast<speed_t>(baudrate);\n'}
[8.675665] (cspc_lidar) StderrLine: {'line': b'      |           \x1b[01;35m\x1b[K^~~~~~~~\x1b[m\x1b[K\n'}
[8.748398] (cspc_lidar) StderrLine: {'line': b'\x1b[01m\x1b[K/home/admin/workspace/host_udp_ws/src/cspc_lidar_sdk_ros2/sdk/serial_port.cpp:\x1b[m\x1b[K In member function \xe2\x80\x98\x1b[01m\x1b[Kbool Serial_Port::setCustomBaudRate(long unsigned int)\x1b[m\x1b[K\xe2\x80\x99:\n'}
[8.749326] (cspc_lidar) StderrLine: {'line': b'\x1b[01m\x1b[K/home/admin/workspace/host_udp_ws/src/cspc_lidar_sdk_ros2/sdk/serial_port.cpp:571:1:\x1b[m\x1b[K \x1b[01;35m\x1b[Kwarning: \x1b[m\x1b[Kcontrol reaches end of non-void function [\x1b[01;35m\x1b[K\x1b]8;;https://gcc.gnu.org/onlinedocs/gcc/Warning-Options.html#index-Wreturn-type\x07-Wreturn-type\x1b]8;;\x07\x1b[m\x1b[K]\n'}
[8.749922] (cspc_lidar) StderrLine: {'line': b'  571 | \x1b[01;35m\x1b[K}\x1b[m\x1b[K\n'}
[8.753475] (cspc_lidar) StderrLine: {'line': b'      | \x1b[01;35m\x1b[K^\x1b[m\x1b[K\n'}
[8.754200] (-) TimerEvent: {}
[8.758845] (cspc_lidar) StderrLine: {'line': b'\x1b[01m\x1b[K/home/admin/workspace/host_udp_ws/src/cspc_lidar_sdk_ros2/sdk/calibration.cpp:\x1b[m\x1b[K In function \xe2\x80\x98\x1b[01m\x1b[Kvoid pcloud_build_by_scan(LaserScan&, pcloud_t&)\x1b[m\x1b[K\xe2\x80\x99:\n'}
[8.759599] (cspc_lidar) StderrLine: {'line': b'\x1b[01m\x1b[K/home/admin/workspace/host_udp_ws/src/cspc_lidar_sdk_ros2/sdk/calibration.cpp:44:21:\x1b[m\x1b[K \x1b[01;35m\x1b[Kwarning: \x1b[m\x1b[Kcomparison of integer expressions of different signedness: \xe2\x80\x98\x1b[01m\x1b[Kint\x1b[m\x1b[K\xe2\x80\x99 and \xe2\x80\x98\x1b[01m\x1b[Kstd::vector<LaserPoint>::size_type\x1b[m\x1b[K\xe2\x80\x99 {aka \xe2\x80\x98\x1b[01m\x1b[Klong unsigned int\x1b[m\x1b[K\xe2\x80\x99} [\x1b[01;35m\x1b[K\x1b]8;;https://gcc.gnu.org/onlinedocs/gcc/Warning-Options.html#index-Wsign-compare\x07-Wsign-compare\x1b]8;;\x07\x1b[m\x1b[K]\n'}
[8.763662] (cspc_lidar) StderrLine: {'line': b'   44 |   for (int i = 0; \x1b[01;35m\x1b[Ki < outscan.points.size()\x1b[m\x1b[K; i++)\n'}
[8.764372] (cspc_lidar) StderrLine: {'line': b'      |                   \x1b[01;35m\x1b[K~~^~~~~~~~~~~~~~~~~~~~~~~\x1b[m\x1b[K\n'}
[8.764805] (cspc_lidar) StderrLine: {'line': b'\x1b[01m\x1b[K/home/admin/workspace/host_udp_ws/src/cspc_lidar_sdk_ros2/sdk/calibration.cpp:46:11:\x1b[m\x1b[K \x1b[01;35m\x1b[Kwarning: \x1b[m\x1b[K\xe2\x80\x98\x1b[01m\x1b[Kvoid* memset(void*, int, size_t)\x1b[m\x1b[K\xe2\x80\x99 clearing an object of non-trivial type \xe2\x80\x98\x1b[01m\x1b[Kpoint_t\x1b[m\x1b[K\xe2\x80\x99 {aka \xe2\x80\x98\x1b[01m\x1b[Kstruct _point_\x1b[m\x1b[K\xe2\x80\x99}; use assignment or value-initialization instead [\x1b[01;35m\x1b[K\x1b]8;;https://gcc.gnu.org/onlinedocs/gcc/Warning-Options.html#index-Wclass-memaccess\x07-Wclass-memaccess\x1b]8;;\x07\x1b[m\x1b[K]\n'}
[8.765246] (cspc_lidar) StderrLine: {'line': b'   46 |     \x1b[01;35m\x1b[Kmemset(&point, 0, sizeof(point_t))\x1b[m\x1b[K;\n'}
[8.765612] (cspc_lidar) StderrLine: {'line': b'      |     \x1b[01;35m\x1b[K~~~~~~^~~~~~~~~~~~~~~~~~~~~~~~~~~~\x1b[m\x1b[K\n'}
[8.765972] (cspc_lidar) StderrLine: {'line': b'In file included from \x1b[01m\x1b[K/home/admin/workspace/host_udp_ws/src/cspc_lidar_sdk_ros2/sdk/calibration.cpp:8\x1b[m\x1b[K:\n'}
[8.766331] (cspc_lidar) StderrLine: {'line': b'\x1b[01m\x1b[K/home/admin/workspace/host_udp_ws/src/cspc_lidar_sdk_ros2/sdk/calibration.h:52:16:\x1b[m\x1b[K \x1b[01;36m\x1b[Knote: \x1b[m\x1b[K\xe2\x80\x98\x1b[01m\x1b[Kpoint_t\x1b[m\x1b[K\xe2\x80\x99 {aka \xe2\x80\x98\x1b[01m\x1b[Kstruct _point_\x1b[m\x1b[K\xe2\x80\x99} declared here\n'}
[8.766755] (cspc_lidar) StderrLine: {'line': b'   52 | typedef struct \x1b[01;36m\x1b[K_point_\x1b[m\x1b[K\n'}
[8.767129] (cspc_lidar) StderrLine: {'line': b'      |                \x1b[01;36m\x1b[K^~~~~~~\x1b[m\x1b[K\n'}
[8.767485] (cspc_lidar) StderrLine: {'line': b'\x1b[01m\x1b[K/home/admin/workspace/host_udp_ws/src/cspc_lidar_sdk_ros2/sdk/calibration.cpp:\x1b[m\x1b[K In function \xe2\x80\x98\x1b[01m\x1b[Kint find_index(point_t, pcloud_t&)\x1b[m\x1b[K\xe2\x80\x99:\n'}
[8.767844] (cspc_lidar) StderrLine: {'line': b'\x1b[01m\x1b[K/home/admin/workspace/host_udp_ws/src/cspc_lidar_sdk_ros2/sdk/calibration.cpp:105:9:\x1b[m\x1b[K \x1b[01;35m\x1b[Kwarning: \x1b[m\x1b[K\xe2\x80\x98\x1b[01m\x1b[Kvoid* memset(void*, int, size_t)\x1b[m\x1b[K\xe2\x80\x99 clearing an object of non-trivial type \xe2\x80\x98\x1b[01m\x1b[Kpoint_t\x1b[m\x1b[K\xe2\x80\x99 {aka \xe2\x80\x98\x1b[01m\x1b[Kstruct _point_\x1b[m\x1b[K\xe2\x80\x99}; use assignment or value-initialization instead [\x1b[01;35m\x1b[K\x1b]8;;https://gcc.gnu.org/onlinedocs/gcc/Warning-Options.html#index-Wclass-memaccess\x07-Wclass-memaccess\x1b]8;;\x07\x1b[m\x1b[K]\n'}
[8.768331] (cspc_lidar) StderrLine: {'line': b'  105 |   \x1b[01;35m\x1b[Kmemset(&point_min, 0, sizeof(point_t))\x1b[m\x1b[K;\n'}
[8.769960] (cspc_lidar) StderrLine: {'line': b'      |   \x1b[01;35m\x1b[K~~~~~~^~~~~~~~~~~~~~~~~~~~~~~~~~~~~~~~\x1b[m\x1b[K\n'}
[8.770536] (cspc_lidar) StderrLine: {'line': b'In file included from \x1b[01m\x1b[K/home/admin/workspace/host_udp_ws/src/cspc_lidar_sdk_ros2/sdk/calibration.cpp:8\x1b[m\x1b[K:\n'}
[8.771020] (cspc_lidar) StderrLine: {'line': b'\x1b[01m\x1b[K/home/admin/workspace/host_udp_ws/src/cspc_lidar_sdk_ros2/sdk/calibration.h:52:16:\x1b[m\x1b[K \x1b[01;36m\x1b[Knote: \x1b[m\x1b[K\xe2\x80\x98\x1b[01m\x1b[Kpoint_t\x1b[m\x1b[K\xe2\x80\x99 {aka \xe2\x80\x98\x1b[01m\x1b[Kstruct _point_\x1b[m\x1b[K\xe2\x80\x99} declared here\n'}
[8.771428] (cspc_lidar) StderrLine: {'line': b'   52 | typedef struct \x1b[01;36m\x1b[K_point_\x1b[m\x1b[K\n'}
[8.771832] (cspc_lidar) StderrLine: {'line': b'      |                \x1b[01;36m\x1b[K^~~~~~~\x1b[m\x1b[K\n'}
[8.772199] (cspc_lidar) StderrLine: {'line': b'\x1b[01m\x1b[K/home/admin/workspace/host_udp_ws/src/cspc_lidar_sdk_ros2/sdk/calibration.cpp:124:23:\x1b[m\x1b[K \x1b[01;35m\x1b[Kwarning: \x1b[m\x1b[Kcomparison of integer expressions of different signedness: \xe2\x80\x98\x1b[01m\x1b[Kint\x1b[m\x1b[K\xe2\x80\x99 and \xe2\x80\x98\x1b[01m\x1b[Kstd::vector<_point_>::size_type\x1b[m\x1b[K\xe2\x80\x99 {aka \xe2\x80\x98\x1b[01m\x1b[Klong unsigned int\x1b[m\x1b[K\xe2\x80\x99} [\x1b[01;35m\x1b[K\x1b]8;;https://gcc.gnu.org/onlinedocs/gcc/Warning-Options.html#index-Wsign-compare\x07-Wsign-compare\x1b]8;;\x07\x1b[m\x1b[K]\n'}
[8.772569] (cspc_lidar) StderrLine: {'line': b'  124 |   if (\x1b[01;35m\x1b[Kpoint_min.index > pcloud.data.size()\x1b[m\x1b[K)\n'}
[8.772918] (cspc_lidar) StderrLine: {'line': b'      |       \x1b[01;35m\x1b[K~~~~~~~~~~~~~~~~^~~~~~~~~~~~~~~~~~~~\x1b[m\x1b[K\n'}
[8.775304] (cspc_lidar) StderrLine: {'line': b'\x1b[01m\x1b[K/home/admin/workspace/host_udp_ws/src/cspc_lidar_sdk_ros2/sdk/calibration.cpp:\x1b[m\x1b[K In function \xe2\x80\x98\x1b[01m\x1b[Kbool intersect(LineSegment, LineSegment, Vector2D&)\x1b[m\x1b[K\xe2\x80\x99:\n'}
[8.777684] (cspc_lidar) StderrLine: {'line': b'\x1b[01m\x1b[K/home/admin/workspace/host_udp_ws/src/cspc_lidar_sdk_ros2/sdk/calibration.cpp:167:10:\x1b[m\x1b[K \x1b[01;35m\x1b[Kwarning: \x1b[m\x1b[Kunused variable \xe2\x80\x98\x1b[01m\x1b[Kcross1\x1b[m\x1b[K\xe2\x80\x99 [\x1b[01;35m\x1b[K\x1b]8;;https://gcc.gnu.org/onlinedocs/gcc/Warning-Options.html#index-Wunused-variable\x07-Wunused-variable\x1b]8;;\x07\x1b[m\x1b[K]\n'}
[8.778355] (cspc_lidar) StderrLine: {'line': b'  167 |   double \x1b[01;35m\x1b[Kcross1\x1b[m\x1b[K = position1.x * direction1.y - position1.y * direction1.x;\n'}
[8.778865] (cspc_lidar) StderrLine: {'line': b'      |          \x1b[01;35m\x1b[K^~~~~~\x1b[m\x1b[K\n'}
[8.779282] (cspc_lidar) StderrLine: {'line': b'\x1b[01m\x1b[K/home/admin/workspace/host_udp_ws/src/cspc_lidar_sdk_ros2/sdk/calibration.cpp:\x1b[m\x1b[K In function \xe2\x80\x98\x1b[01m\x1b[Kdouble pointToLineDist(point_t, double, double)\x1b[m\x1b[K\xe2\x80\x99:\n'}
[8.779684] (cspc_lidar) StderrLine: {'line': b'\x1b[01m\x1b[K/home/admin/workspace/host_udp_ws/src/cspc_lidar_sdk_ros2/sdk/calibration.cpp:439:10:\x1b[m\x1b[K \x1b[01;35m\x1b[Kwarning: \x1b[m\x1b[Kunused variable \xe2\x80\x98\x1b[01m\x1b[Ky0\x1b[m\x1b[K\xe2\x80\x99 [\x1b[01;35m\x1b[K\x1b]8;;https://gcc.gnu.org/onlinedocs/gcc/Warning-Options.html#index-Wunused-variable\x07-Wunused-variable\x1b]8;;\x07\x1b[m\x1b[K]\n'}
[8.780687] (cspc_lidar) StderrLine: {'line': b'  439 |   double \x1b[01;35m\x1b[Ky0\x1b[m\x1b[K = k * x0 + b;\n'}
[8.781119] (cspc_lidar) StderrLine: {'line': b'      |          \x1b[01;35m\x1b[K^~\x1b[m\x1b[K\n'}
[8.781511] (cspc_lidar) StderrLine: {'line': b'\x1b[01m\x1b[K/home/admin/workspace/host_udp_ws/src/cspc_lidar_sdk_ros2/sdk/calibration.cpp:\x1b[m\x1b[K In function \xe2\x80\x98\x1b[01m\x1b[Kbool line_judgment(std::vector<_point_>, point_t)\x1b[m\x1b[K\xe2\x80\x99:\n'}
[8.781902] (cspc_lidar) StderrLine: {'line': b'\x1b[01m\x1b[K/home/admin/workspace/host_udp_ws/src/cspc_lidar_sdk_ros2/sdk/calibration.cpp:462:19:\x1b[m\x1b[K \x1b[01;35m\x1b[Kwarning: \x1b[m\x1b[Kcomparison of integer expressions of different signedness: \xe2\x80\x98\x1b[01m\x1b[Kstd::vector<_point_>::size_type\x1b[m\x1b[K\xe2\x80\x99 {aka \xe2\x80\x98\x1b[01m\x1b[Klong unsigned int\x1b[m\x1b[K\xe2\x80\x99} and \xe2\x80\x98\x1b[01m\x1b[Kint\x1b[m\x1b[K\xe2\x80\x99 [\x1b[01;35m\x1b[K\x1b]8;;https://gcc.gnu.org/onlinedocs/gcc/Warning-Options.html#index-Wsign-compare\x07-Wsign-compare\x1b]8;;\x07\x1b[m\x1b[K]\n'}
[8.782337] (cspc_lidar) StderrLine: {'line': b'  462 |   if (\x1b[01;35m\x1b[Kline.size() <= reference\x1b[m\x1b[K)\n'}
[8.782704] (cspc_lidar) StderrLine: {'line': b'      |       \x1b[01;35m\x1b[K~~~~~~~~~~~~^~~~~~~~~~~~\x1b[m\x1b[K\n'}
[8.783068] (cspc_lidar) StderrLine: {'line': b'\x1b[01m\x1b[K/home/admin/workspace/host_udp_ws/src/cspc_lidar_sdk_ros2/sdk/calibration.cpp:467:19:\x1b[m\x1b[K \x1b[01;35m\x1b[Kwarning: \x1b[m\x1b[Kcomparison of integer expressions of different signedness: \xe2\x80\x98\x1b[01m\x1b[Kstd::vector<_point_>::size_type\x1b[m\x1b[K\xe2\x80\x99 {aka \xe2\x80\x98\x1b[01m\x1b[Klong unsigned int\x1b[m\x1b[K\xe2\x80\x99} and \xe2\x80\x98\x1b[01m\x1b[Kint\x1b[m\x1b[K\xe2\x80\x99 [\x1b[01;35m\x1b[K\x1b]8;;https://gcc.gnu.org/onlinedocs/gcc/Warning-Options.html#index-Wsign-compare\x07-Wsign-compare\x1b]8;;\x07\x1b[m\x1b[K]\n'}
[8.783543] (cspc_lidar) StderrLine: {'line': b'  467 |   if (\x1b[01;35m\x1b[Kline.size() <= reference\x1b[m\x1b[K)\n'}
[8.783904] (cspc_lidar) StderrLine: {'line': b'      |       \x1b[01;35m\x1b[K~~~~~~~~~~~~^~~~~~~~~~~~\x1b[m\x1b[K\n'}
[8.784257] (cspc_lidar) StderrLine: {'line': b'\x1b[01m\x1b[K/home/admin/workspace/host_udp_ws/src/cspc_lidar_sdk_ros2/sdk/calibration.cpp:471:23:\x1b[m\x1b[K \x1b[01;35m\x1b[Kwarning: \x1b[m\x1b[Kcomparison of integer expressions of different signedness: \xe2\x80\x98\x1b[01m\x1b[Kint\x1b[m\x1b[K\xe2\x80\x99 and \xe2\x80\x98\x1b[01m\x1b[Kstd::vector<_point_>::size_type\x1b[m\x1b[K\xe2\x80\x99 {aka \xe2\x80\x98\x1b[01m\x1b[Klong unsigned int\x1b[m\x1b[K\xe2\x80\x99} [\x1b[01;35m\x1b[K\x1b]8;;https://gcc.gnu.org/onlinedocs/gcc/Warning-Options.html#index-Wsign-compare\x07-Wsign-compare\x1b]8;;\x07\x1b[m\x1b[K]\n'}
[8.784627] (cspc_lidar) StderrLine: {'line': b'  471 |     for (int i = 1; \x1b[01;35m\x1b[Ki < line.size() - 1\x1b[m\x1b[K; i++)\n'}
[8.784981] (cspc_lidar) StderrLine: {'line': b'      |                     \x1b[01;35m\x1b[K~~^~~~~~~~~~~~~~~~~\x1b[m\x1b[K\n'}
[8.785335] (cspc_lidar) StderrLine: {'line': b'\x1b[01m\x1b[K/home/admin/workspace/host_udp_ws/src/cspc_lidar_sdk_ros2/sdk/calibration.cpp:\x1b[m\x1b[K In function \xe2\x80\x98\x1b[01m\x1b[Kvoid fitting_line(pcloud_t&)\x1b[m\x1b[K\xe2\x80\x99:\n'}
[8.785732] (cspc_lidar) StderrLine: {'line': b'\x1b[01m\x1b[K/home/admin/workspace/host_udp_ws/src/cspc_lidar_sdk_ros2/sdk/calibration.cpp:542:25:\x1b[m\x1b[K \x1b[01;35m\x1b[Kwarning: \x1b[m\x1b[Kcomparison of integer expressions of different signedness: \xe2\x80\x98\x1b[01m\x1b[Kstd::vector<_point_>::size_type\x1b[m\x1b[K\xe2\x80\x99 {aka \xe2\x80\x98\x1b[01m\x1b[Klong unsigned int\x1b[m\x1b[K\xe2\x80\x99} and \xe2\x80\x98\x1b[01m\x1b[Kint\x1b[m\x1b[K\xe2\x80\x99 [\x1b[01;35m\x1b[K\x1b]8;;https://gcc.gnu.org/onlinedocs/gcc/Warning-Options.html#index-Wsign-compare\x07-Wsign-compare\x1b]8;;\x07\x1b[m\x1b[K]\n'}
[8.786100] (cspc_lidar) StderrLine: {'line': b'  542 |         if (\x1b[01;35m\x1b[Kline.size() >= calibration_params.line_judgment_point_num\x1b[m\x1b[K)\n'}
[8.786453] (cspc_lidar) StderrLine: {'line': b'      |             \x1b[01;35m\x1b[K~~~~~~~~~~~~^~~~~~~~~~~~~~~~~~~~~~~~~~~~~~~~~~~~~~~~~~~~~\x1b[m\x1b[K\n'}
[8.786912] (cspc_lidar) StderrLine: {'line': b'\x1b[01m\x1b[K/home/admin/workspace/host_udp_ws/src/cspc_lidar_sdk_ros2/sdk/calibration.cpp:560:63:\x1b[m\x1b[K \x1b[01;35m\x1b[Kwarning: \x1b[m\x1b[Kcomparison of integer expressions of different signedness: \xe2\x80\x98\x1b[01m\x1b[Kstd::vector<_point_>::size_type\x1b[m\x1b[K\xe2\x80\x99 {aka \xe2\x80\x98\x1b[01m\x1b[Klong unsigned int\x1b[m\x1b[K\xe2\x80\x99} and \xe2\x80\x98\x1b[01m\x1b[Kint\x1b[m\x1b[K\xe2\x80\x99 [\x1b[01;35m\x1b[K\x1b]8;;https://gcc.gnu.org/onlinedocs/gcc/Warning-Options.html#index-Wsign-compare\x07-Wsign-compare\x1b]8;;\x07\x1b[m\x1b[K]\n'}
[8.787285] (cspc_lidar) StderrLine: {'line': b'  560 |         if(point.index == point_last_one.index && \x1b[01;35m\x1b[Kline.size() >= calibration_params.line_judgment_point_num\x1b[m\x1b[K)\n'}
[8.787640] (cspc_lidar) StderrLine: {'line': b'      |                                                   \x1b[01;35m\x1b[K~~~~~~~~~~~~^~~~~~~~~~~~~~~~~~~~~~~~~~~~~~~~~~~~~~~~~~~~~\x1b[m\x1b[K\n'}
[8.787988] (cspc_lidar) StderrLine: {'line': b'\x1b[01m\x1b[K/home/admin/workspace/host_udp_ws/src/cspc_lidar_sdk_ros2/sdk/calibration.cpp:571:26:\x1b[m\x1b[K \x1b[01;35m\x1b[Kwarning: \x1b[m\x1b[Kcomparison of integer expressions of different signedness: \xe2\x80\x98\x1b[01m\x1b[Kint\x1b[m\x1b[K\xe2\x80\x99 and \xe2\x80\x98\x1b[01m\x1b[Kstd::vector<_point_>::size_type\x1b[m\x1b[K\xe2\x80\x99 {aka \xe2\x80\x98\x1b[01m\x1b[Klong unsigned int\x1b[m\x1b[K\xe2\x80\x99} [\x1b[01;35m\x1b[K\x1b]8;;https://gcc.gnu.org/onlinedocs/gcc/Warning-Options.html#index-Wsign-compare\x07-Wsign-compare\x1b]8;;\x07\x1b[m\x1b[K]\n'}
[8.788444] (cspc_lidar) StderrLine: {'line': b'  571 |   if(\x1b[01;35m\x1b[Kpoint_record2.index < pcloud.data.size()\x1b[m\x1b[K\n'}
[8.788800] (cspc_lidar) StderrLine: {'line': b'      |      \x1b[01;35m\x1b[K~~~~~~~~~~~~~~~~~~~~^~~~~~~~~~~~~~~~~~~~\x1b[m\x1b[K\n'}
[8.789149] (cspc_lidar) StderrLine: {'line': b'\x1b[01m\x1b[K/home/admin/workspace/host_udp_ws/src/cspc_lidar_sdk_ros2/sdk/calibration.cpp:572:28:\x1b[m\x1b[K \x1b[01;35m\x1b[Kwarning: \x1b[m\x1b[Kcomparison of integer expressions of different signedness: \xe2\x80\x98\x1b[01m\x1b[Kint\x1b[m\x1b[K\xe2\x80\x99 and \xe2\x80\x98\x1b[01m\x1b[Kstd::vector<_point_>::size_type\x1b[m\x1b[K\xe2\x80\x99 {aka \xe2\x80\x98\x1b[01m\x1b[Klong unsigned int\x1b[m\x1b[K\xe2\x80\x99} [\x1b[01;35m\x1b[K\x1b]8;;https://gcc.gnu.org/onlinedocs/gcc/Warning-Options.html#index-Wsign-compare\x07-Wsign-compare\x1b]8;;\x07\x1b[m\x1b[K]\n'}
[8.789511] (cspc_lidar) StderrLine: {'line': b'  572 |   &&  \x1b[01;35m\x1b[Kpoint_last_one.index < pcloud.data.size()\x1b[m\x1b[K\n'}
[8.789857] (cspc_lidar) StderrLine: {'line': b'      |       \x1b[01;35m\x1b[K~~~~~~~~~~~~~~~~~~~~~^~~~~~~~~~~~~~~~~~~~\x1b[m\x1b[K\n'}
[8.790308] (cspc_lidar) StderrLine: {'line': b'\x1b[01m\x1b[K/home/admin/workspace/host_udp_ws/src/cspc_lidar_sdk_ros2/sdk/calibration.cpp:573:27:\x1b[m\x1b[K \x1b[01;35m\x1b[Kwarning: \x1b[m\x1b[Kcomparison of integer expressions of different signedness: \xe2\x80\x98\x1b[01m\x1b[Kint\x1b[m\x1b[K\xe2\x80\x99 and \xe2\x80\x98\x1b[01m\x1b[Kstd::vector<_point_>::size_type\x1b[m\x1b[K\xe2\x80\x99 {aka \xe2\x80\x98\x1b[01m\x1b[Klong unsigned int\x1b[m\x1b[K\xe2\x80\x99} [\x1b[01;35m\x1b[K\x1b]8;;https://gcc.gnu.org/onlinedocs/gcc/Warning-Options.html#index-Wsign-compare\x07-Wsign-compare\x1b]8;;\x07\x1b[m\x1b[K]\n'}
[8.790709] (cspc_lidar) StderrLine: {'line': b'  573 |   &&  \x1b[01;35m\x1b[Kpoint_record1.index < pcloud.data.size()\x1b[m\x1b[K)\n'}
[8.791053] (cspc_lidar) StderrLine: {'line': b'      |       \x1b[01;35m\x1b[K~~~~~~~~~~~~~~~~~~~~^~~~~~~~~~~~~~~~~~~~\x1b[m\x1b[K\n'}
[8.791395] (cspc_lidar) StderrLine: {'line': b'\x1b[01m\x1b[K/home/admin/workspace/host_udp_ws/src/cspc_lidar_sdk_ros2/sdk/calibration.cpp:597:28:\x1b[m\x1b[K \x1b[01;35m\x1b[Kwarning: \x1b[m\x1b[Kcomparison of integer expressions of different signedness: \xe2\x80\x98\x1b[01m\x1b[Kstd::vector<_point_>::size_type\x1b[m\x1b[K\xe2\x80\x99 {aka \xe2\x80\x98\x1b[01m\x1b[Klong unsigned int\x1b[m\x1b[K\xe2\x80\x99} and \xe2\x80\x98\x1b[01m\x1b[Kint\x1b[m\x1b[K\xe2\x80\x99 [\x1b[01;35m\x1b[K\x1b]8;;https://gcc.gnu.org/onlinedocs/gcc/Warning-Options.html#index-Wsign-compare\x07-Wsign-compare\x1b]8;;\x07\x1b[m\x1b[K]\n'}
[8.791752] (cspc_lidar) StderrLine: {'line': b'  597 |     if (\x1b[01;35m\x1b[Kline_append.size() >= calibration_params.line_judgment_point_num\x1b[m\x1b[K)\n'}
[8.792096] (cspc_lidar) StderrLine: {'line': b'      |         \x1b[01;35m\x1b[K~~~~~~~~~~~~~~~~~~~^~~~~~~~~~~~~~~~~~~~~~~~~~~~~~~~~~~~~~~~~~~~~\x1b[m\x1b[K\n'}
[8.792440] (cspc_lidar) StderrLine: {'line': b'\x1b[01m\x1b[K/home/admin/workspace/host_udp_ws/src/cspc_lidar_sdk_ros2/sdk/calibration.cpp:606:29:\x1b[m\x1b[K \x1b[01;35m\x1b[Kwarning: \x1b[m\x1b[Kcomparison of integer expressions of different signedness: \xe2\x80\x98\x1b[01m\x1b[Kstd::vector<_point_>::size_type\x1b[m\x1b[K\xe2\x80\x99 {aka \xe2\x80\x98\x1b[01m\x1b[Klong unsigned int\x1b[m\x1b[K\xe2\x80\x99} and \xe2\x80\x98\x1b[01m\x1b[Kint\x1b[m\x1b[K\xe2\x80\x99 [\x1b[01;35m\x1b[K\x1b]8;;https://gcc.gnu.org/onlinedocs/gcc/Warning-Options.html#index-Wsign-compare\x07-Wsign-compare\x1b]8;;\x07\x1b[m\x1b[K]\n'}
[8.792844] (cspc_lidar) StderrLine: {'line': b'  606 |             if (\x1b[01;35m\x1b[Kline.size() >= calibration_params.line_judgment_point_num\x1b[m\x1b[K)\n'}
[8.797106] (cspc_lidar) StderrLine: {'line': b'      |                 \x1b[01;35m\x1b[K~~~~~~~~~~~~^~~~~~~~~~~~~~~~~~~~~~~~~~~~~~~~~~~~~~~~~~~~~\x1b[m\x1b[K\n'}
[8.797640] (cspc_lidar) StderrLine: {'line': b'\x1b[01m\x1b[K/home/admin/workspace/host_udp_ws/src/cspc_lidar_sdk_ros2/sdk/calibration.cpp:617:68:\x1b[m\x1b[K \x1b[01;35m\x1b[Kwarning: \x1b[m\x1b[Kcomparison of integer expressions of different signedness: \xe2\x80\x98\x1b[01m\x1b[Kstd::vector<_point_>::size_type\x1b[m\x1b[K\xe2\x80\x99 {aka \xe2\x80\x98\x1b[01m\x1b[Klong unsigned int\x1b[m\x1b[K\xe2\x80\x99} and \xe2\x80\x98\x1b[01m\x1b[Kint\x1b[m\x1b[K\xe2\x80\x99 [\x1b[01;35m\x1b[K\x1b]8;;https://gcc.gnu.org/onlinedocs/gcc/Warning-Options.html#index-Wsign-compare\x07-Wsign-compare\x1b]8;;\x07\x1b[m\x1b[K]\n'}
[8.798067] (cspc_lidar) StderrLine: {'line': b'  617 |           if(point.index == point_append_last.index && \x1b[01;35m\x1b[Kline.size() >= calibration_params.line_judgment_point_num\x1b[m\x1b[K)\n'}
[8.798458] (cspc_lidar) StderrLine: {'line': b'      |                                                        \x1b[01;35m\x1b[K~~~~~~~~~~~~^~~~~~~~~~~~~~~~~~~~~~~~~~~~~~~~~~~~~~~~~~~~~\x1b[m\x1b[K\n'}
[8.798836] (cspc_lidar) StderrLine: {'line': b'\x1b[01m\x1b[K/home/admin/workspace/host_udp_ws/src/cspc_lidar_sdk_ros2/sdk/calibration.cpp:632:23:\x1b[m\x1b[K \x1b[01;35m\x1b[Kwarning: \x1b[m\x1b[Kcomparison of integer expressions of different signedness: \xe2\x80\x98\x1b[01m\x1b[Kint\x1b[m\x1b[K\xe2\x80\x99 and \xe2\x80\x98\x1b[01m\x1b[Kstd::vector<std::vector<_point_> >::size_type\x1b[m\x1b[K\xe2\x80\x99 {aka \xe2\x80\x98\x1b[01m\x1b[Klong unsigned int\x1b[m\x1b[K\xe2\x80\x99} [\x1b[01;35m\x1b[K\x1b]8;;https://gcc.gnu.org/onlinedocs/gcc/Warning-Options.html#index-Wsign-compare\x07-Wsign-compare\x1b]8;;\x07\x1b[m\x1b[K]\n'}
[8.799220] (cspc_lidar) StderrLine: {'line': b'  632 |     for (int i = 0; \x1b[01;35m\x1b[Ki < lines.size() - 1\x1b[m\x1b[K; i++)\n'}
[8.799580] (cspc_lidar) StderrLine: {'line': b'      |                     \x1b[01;35m\x1b[K~~^~~~~~~~~~~~~~~~~~\x1b[m\x1b[K\n'}
[8.800062] (cspc_lidar) StderrLine: {'line': b'\x1b[01m\x1b[K/home/admin/workspace/host_udp_ws/src/cspc_lidar_sdk_ros2/sdk/calibration.cpp:\x1b[m\x1b[K In function \xe2\x80\x98\x1b[01m\x1b[Kvoid lidar_calibration(LaserScan&)\x1b[m\x1b[K\xe2\x80\x99:\n'}
[8.800455] (cspc_lidar) StderrLine: {'line': b'\x1b[01m\x1b[K/home/admin/workspace/host_udp_ws/src/cspc_lidar_sdk_ros2/sdk/calibration.cpp:662:11:\x1b[m\x1b[K \x1b[01;35m\x1b[Kwarning: \x1b[m\x1b[K\xe2\x80\x98\x1b[01m\x1b[Kvoid* memset(void*, int, size_t)\x1b[m\x1b[K\xe2\x80\x99 clearing an object of type \xe2\x80\x98\x1b[01m\x1b[Kstruct LaserPoint\x1b[m\x1b[K\xe2\x80\x99 with no trivial copy-assignment; use assignment or value-initialization instead [\x1b[01;35m\x1b[K\x1b]8;;https://gcc.gnu.org/onlinedocs/gcc/Warning-Options.html#index-Wclass-memaccess\x07-Wclass-memaccess\x1b]8;;\x07\x1b[m\x1b[K]\n'}
[8.800830] (cspc_lidar) StderrLine: {'line': b'  662 |     \x1b[01;35m\x1b[Kmemset(&outscan_point, 0, sizeof(LaserPoint))\x1b[m\x1b[K;\n'}
[8.801179] (cspc_lidar) StderrLine: {'line': b'      |     \x1b[01;35m\x1b[K~~~~~~^~~~~~~~~~~~~~~~~~~~~~~~~~~~~~~~~~~~~~~\x1b[m\x1b[K\n'}
[8.801522] (cspc_lidar) StderrLine: {'line': b'In file included from \x1b[01m\x1b[K/home/admin/workspace/host_udp_ws/src/cspc_lidar_sdk_ros2/sdk/calibration.h:4\x1b[m\x1b[K,\n'}
[8.801866] (cspc_lidar) StderrLine: {'line': b'                 from \x1b[01m\x1b[K/home/admin/workspace/host_udp_ws/src/cspc_lidar_sdk_ros2/sdk/calibration.cpp:8\x1b[m\x1b[K:\n'}
[8.802249] (cspc_lidar) StderrLine: {'line': b'\x1b[01m\x1b[K/home/admin/workspace/host_udp_ws/src/cspc_lidar_sdk_ros2/sdk/lidar_information.h:210:8:\x1b[m\x1b[K \x1b[01;36m\x1b[Knote: \x1b[m\x1b[K\xe2\x80\x98\x1b[01m\x1b[Kstruct LaserPoint\x1b[m\x1b[K\xe2\x80\x99 declared here\n'}
[8.802596] (cspc_lidar) StderrLine: {'line': b'  210 | struct \x1b[01;36m\x1b[KLaserPoint\x1b[m\x1b[K\n'}
[8.802938] (cspc_lidar) StderrLine: {'line': b'      |        \x1b[01;36m\x1b[K^~~~~~~~~~\x1b[m\x1b[K\n'}
[8.808201] (cspc_lidar) StderrLine: {'line': b'\x1b[01m\x1b[K/home/admin/workspace/host_udp_ws/src/cspc_lidar_sdk_ros2/sdk/point_cloud_optimize.cpp:\x1b[m\x1b[K In member function \xe2\x80\x98\x1b[01m\x1b[Kvoid Point_cloud_optimize::PointCloudFilter(LaserScan*)\x1b[m\x1b[K\xe2\x80\x99:\n'}
[8.808837] (cspc_lidar) StderrLine: {'line': b'\x1b[01m\x1b[K/home/admin/workspace/host_udp_ws/src/cspc_lidar_sdk_ros2/sdk/point_cloud_optimize.cpp:25:25:\x1b[m\x1b[K \x1b[01;35m\x1b[Kwarning: \x1b[m\x1b[Kcomparison of integer expressions of different signedness: \xe2\x80\x98\x1b[01m\x1b[Kint\x1b[m\x1b[K\xe2\x80\x99 and \xe2\x80\x98\x1b[01m\x1b[Kstd::vector<LaserPoint>::size_type\x1b[m\x1b[K\xe2\x80\x99 {aka \xe2\x80\x98\x1b[01m\x1b[Klong unsigned int\x1b[m\x1b[K\xe2\x80\x99} [\x1b[01;35m\x1b[K\x1b]8;;https://gcc.gnu.org/onlinedocs/gcc/Warning-Options.html#index-Wsign-compare\x07-Wsign-compare\x1b]8;;\x07\x1b[m\x1b[K]\n'}
[8.809251] (cspc_lidar) StderrLine: {'line': b'   25 |         for (i0 = 0; \x1b[01;35m\x1b[Ki0 < Scan->points.size()\x1b[m\x1b[K; i0++)\n'}
[8.809601] (cspc_lidar) StderrLine: {'line': b'      |                      \x1b[01;35m\x1b[K~~~^~~~~~~~~~~~~~~~~~~~~\x1b[m\x1b[K\n'}
[8.811410] (cspc_lidar) StderrLine: {'line': b'\x1b[01m\x1b[K/home/admin/workspace/host_udp_ws/src/cspc_lidar_sdk_ros2/sdk/point_cloud_optimize.cpp:28:25:\x1b[m\x1b[K \x1b[01;35m\x1b[Kwarning: \x1b[m\x1b[Kcomparison of integer expressions of different signedness: \xe2\x80\x98\x1b[01m\x1b[Kint\x1b[m\x1b[K\xe2\x80\x99 and \xe2\x80\x98\x1b[01m\x1b[Kstd::vector<LaserPoint>::size_type\x1b[m\x1b[K\xe2\x80\x99 {aka \xe2\x80\x98\x1b[01m\x1b[Klong unsigned int\x1b[m\x1b[K\xe2\x80\x99} [\x1b[01;35m\x1b[K\x1b]8;;https://gcc.gnu.org/onlinedocs/gcc/Warning-Options.html#index-Wsign-compare\x07-Wsign-compare\x1b]8;;\x07\x1b[m\x1b[K]\n'}
[8.811901] (cspc_lidar) StderrLine: {'line': b'   28 |                 i1 = \x1b[01;35m\x1b[Ki1 < Scan->points.size()\x1b[m\x1b[K ? i1 : i1 - Scan->points.size();\n'}
[8.812302] (cspc_lidar) StderrLine: {'line': b'      |                      \x1b[01;35m\x1b[K~~~^~~~~~~~~~~~~~~~~~~~~\x1b[m\x1b[K\n'}
[8.812647] (cspc_lidar) StderrLine: {'line': b'\x1b[01m\x1b[K/home/admin/workspace/host_udp_ws/src/cspc_lidar_sdk_ros2/sdk/point_cloud_optimize.cpp:30:25:\x1b[m\x1b[K \x1b[01;35m\x1b[Kwarning: \x1b[m\x1b[Kcomparison of integer expressions of different signedness: \xe2\x80\x98\x1b[01m\x1b[Kint\x1b[m\x1b[K\xe2\x80\x99 and \xe2\x80\x98\x1b[01m\x1b[Kstd::vector<LaserPoint>::size_type\x1b[m\x1b[K\xe2\x80\x99 {aka \xe2\x80\x98\x1b[01m\x1b[Klong unsigned int\x1b[m\x1b[K\xe2\x80\x99} [\x1b[01;35m\x1b[K\x1b]8;;https://gcc.gnu.org/onlinedocs/gcc/Warning-Options.html#index-Wsign-compare\x07-Wsign-compare\x1b]8;;\x07\x1b[m\x1b[K]\n'}
[8.813003] (cspc_lidar) StderrLine: {'line': b'   30 |                 i2 = \x1b[01;35m\x1b[Ki2 < Scan->points.size()\x1b[m\x1b[K ? i2 : i2 - Scan->points.size();\n'}
[8.813461] (cspc_lidar) StderrLine: {'line': b'      |                      \x1b[01;35m\x1b[K~~~^~~~~~~~~~~~~~~~~~~~~\x1b[m\x1b[K\n'}
[8.813886] (cspc_lidar) StderrLine: {'line': b'\x1b[01m\x1b[K/home/admin/workspace/host_udp_ws/src/cspc_lidar_sdk_ros2/sdk/point_cloud_optimize.cpp:32:25:\x1b[m\x1b[K \x1b[01;35m\x1b[Kwarning: \x1b[m\x1b[Kcomparison of integer expressions of different signedness: \xe2\x80\x98\x1b[01m\x1b[Kint\x1b[m\x1b[K\xe2\x80\x99 and \xe2\x80\x98\x1b[01m\x1b[Kstd::vector<LaserPoint>::size_type\x1b[m\x1b[K\xe2\x80\x99 {aka \xe2\x80\x98\x1b[01m\x1b[Klong unsigned int\x1b[m\x1b[K\xe2\x80\x99} [\x1b[01;35m\x1b[K\x1b]8;;https://gcc.gnu.org/onlinedocs/gcc/Warning-Options.html#index-Wsign-compare\x07-Wsign-compare\x1b]8;;\x07\x1b[m\x1b[K]\n'}
[8.814737] (cspc_lidar) StderrLine: {'line': b'   32 |                 i3 = \x1b[01;35m\x1b[Ki3 < Scan->points.size()\x1b[m\x1b[K ? i3 : i3 - Scan->points.size();\n'}
[8.815157] (cspc_lidar) StderrLine: {'line': b'      |                      \x1b[01;35m\x1b[K~~~^~~~~~~~~~~~~~~~~~~~~\x1b[m\x1b[K\n'}
[8.815568] (cspc_lidar) StderrLine: {'line': b'\x1b[01m\x1b[K/home/admin/workspace/host_udp_ws/src/cspc_lidar_sdk_ros2/sdk/point_cloud_optimize.cpp:155:25:\x1b[m\x1b[K \x1b[01;35m\x1b[Kwarning: \x1b[m\x1b[Kcomparison of integer expressions of different signedness: \xe2\x80\x98\x1b[01m\x1b[Kint\x1b[m\x1b[K\xe2\x80\x99 and \xe2\x80\x98\x1b[01m\x1b[Kstd::vector<LaserPoint>::size_type\x1b[m\x1b[K\xe2\x80\x99 {aka \xe2\x80\x98\x1b[01m\x1b[Klong unsigned int\x1b[m\x1b[K\xe2\x80\x99} [\x1b[01;35m\x1b[K\x1b]8;;https://gcc.gnu.org/onlinedocs/gcc/Warning-Options.html#index-Wsign-compare\x07-Wsign-compare\x1b]8;;\x07\x1b[m\x1b[K]\n'}
[8.815969] (cspc_lidar) StderrLine: {'line': b'  155 |         for (i0 = 0; \x1b[01;35m\x1b[Ki0 < Scan->points.size()\x1b[m\x1b[K; i0++)\n'}
[8.816628] (cspc_lidar) StderrLine: {'line': b'      |                      \x1b[01;35m\x1b[K~~~^~~~~~~~~~~~~~~~~~~~~\x1b[m\x1b[K\n'}
[8.817077] (cspc_lidar) StderrLine: {'line': b'\x1b[01m\x1b[K/home/admin/workspace/host_udp_ws/src/cspc_lidar_sdk_ros2/sdk/point_cloud_optimize.cpp:158:25:\x1b[m\x1b[K \x1b[01;35m\x1b[Kwarning: \x1b[m\x1b[Kcomparison of integer expressions of different signedness: \xe2\x80\x98\x1b[01m\x1b[Kint\x1b[m\x1b[K\xe2\x80\x99 and \xe2\x80\x98\x1b[01m\x1b[Kstd::vector<LaserPoint>::size_type\x1b[m\x1b[K\xe2\x80\x99 {aka \xe2\x80\x98\x1b[01m\x1b[Klong unsigned int\x1b[m\x1b[K\xe2\x80\x99} [\x1b[01;35m\x1b[K\x1b]8;;https://gcc.gnu.org/onlinedocs/gcc/Warning-Options.html#index-Wsign-compare\x07-Wsign-compare\x1b]8;;\x07\x1b[m\x1b[K]\n'}
[8.817875] (cspc_lidar) StderrLine: {'line': b'  158 |                 i1 = \x1b[01;35m\x1b[Ki1 < Scan->points.size()\x1b[m\x1b[K ? i1 : i1 - Scan->points.size();\n'}
[8.818313] (cspc_lidar) StderrLine: {'line': b'      |                      \x1b[01;35m\x1b[K~~~^~~~~~~~~~~~~~~~~~~~~\x1b[m\x1b[K\n'}
[8.820640] (cspc_lidar) StderrLine: {'line': b'\x1b[01m\x1b[K/home/admin/workspace/host_udp_ws/src/cspc_lidar_sdk_ros2/sdk/point_cloud_optimize.cpp:160:25:\x1b[m\x1b[K \x1b[01;35m\x1b[Kwarning: \x1b[m\x1b[Kcomparison of integer expressions of different signedness: \xe2\x80\x98\x1b[01m\x1b[Kint\x1b[m\x1b[K\xe2\x80\x99 and \xe2\x80\x98\x1b[01m\x1b[Kstd::vector<LaserPoint>::size_type\x1b[m\x1b[K\xe2\x80\x99 {aka \xe2\x80\x98\x1b[01m\x1b[Klong unsigned int\x1b[m\x1b[K\xe2\x80\x99} [\x1b[01;35m\x1b[K\x1b]8;;https://gcc.gnu.org/onlinedocs/gcc/Warning-Options.html#index-Wsign-compare\x07-Wsign-compare\x1b]8;;\x07\x1b[m\x1b[K]\n'}
[8.821619] (cspc_lidar) StderrLine: {'line': b'  160 |                 i2 = \x1b[01;35m\x1b[Ki2 < Scan->points.size()\x1b[m\x1b[K ? i2 : i2 - Scan->points.size();\n'}
[8.822212] (cspc_lidar) StderrLine: {'line': b'      |                      \x1b[01;35m\x1b[K~~~^~~~~~~~~~~~~~~~~~~~~\x1b[m\x1b[K\n'}
[8.822674] (cspc_lidar) StderrLine: {'line': b'\x1b[01m\x1b[K/home/admin/workspace/host_udp_ws/src/cspc_lidar_sdk_ros2/sdk/point_cloud_optimize.cpp:162:25:\x1b[m\x1b[K \x1b[01;35m\x1b[Kwarning: \x1b[m\x1b[Kcomparison of integer expressions of different signedness: \xe2\x80\x98\x1b[01m\x1b[Kint\x1b[m\x1b[K\xe2\x80\x99 and \xe2\x80\x98\x1b[01m\x1b[Kstd::vector<LaserPoint>::size_type\x1b[m\x1b[K\xe2\x80\x99 {aka \xe2\x80\x98\x1b[01m\x1b[Klong unsigned int\x1b[m\x1b[K\xe2\x80\x99} [\x1b[01;35m\x1b[K\x1b]8;;https://gcc.gnu.org/onlinedocs/gcc/Warning-Options.html#index-Wsign-compare\x07-Wsign-compare\x1b]8;;\x07\x1b[m\x1b[K]\n'}
[8.823266] (cspc_lidar) StderrLine: {'line': b'  162 |                 i3 = \x1b[01;35m\x1b[Ki3 < Scan->points.size()\x1b[m\x1b[K ? i3 : i3 - Scan->points.size();\n'}
[8.824088] (cspc_lidar) StderrLine: {'line': b'      |                      \x1b[01;35m\x1b[K~~~^~~~~~~~~~~~~~~~~~~~~\x1b[m\x1b[K\n'}
[8.824659] (cspc_lidar) StderrLine: {'line': b'\x1b[01m\x1b[K/home/admin/workspace/host_udp_ws/src/cspc_lidar_sdk_ros2/sdk/point_cloud_optimize.cpp:164:25:\x1b[m\x1b[K \x1b[01;35m\x1b[Kwarning: \x1b[m\x1b[Kcomparison of integer expressions of different signedness: \xe2\x80\x98\x1b[01m\x1b[Kint\x1b[m\x1b[K\xe2\x80\x99 and \xe2\x80\x98\x1b[01m\x1b[Kstd::vector<LaserPoint>::size_type\x1b[m\x1b[K\xe2\x80\x99 {aka \xe2\x80\x98\x1b[01m\x1b[Klong unsigned int\x1b[m\x1b[K\xe2\x80\x99} [\x1b[01;35m\x1b[K\x1b]8;;https://gcc.gnu.org/onlinedocs/gcc/Warning-Options.html#index-Wsign-compare\x07-Wsign-compare\x1b]8;;\x07\x1b[m\x1b[K]\n'}
[8.825339] (cspc_lidar) StderrLine: {'line': b'  164 |                 i4 = \x1b[01;35m\x1b[Ki4 < Scan->points.size()\x1b[m\x1b[K ? i4 : i4 - Scan->points.size();\n'}
[8.825867] (cspc_lidar) StderrLine: {'line': b'      |                      \x1b[01;35m\x1b[K~~~^~~~~~~~~~~~~~~~~~~~~\x1b[m\x1b[K\n'}
[8.826282] (cspc_lidar) StderrLine: {'line': b'\x1b[01m\x1b[K/home/admin/workspace/host_udp_ws/src/cspc_lidar_sdk_ros2/sdk/point_cloud_optimize.cpp:\x1b[m\x1b[K In member function \xe2\x80\x98\x1b[01m\x1b[Kint Point_cloud_optimize::UltrasonicSimRanging(LaserPoint&)\x1b[m\x1b[K\xe2\x80\x99:\n'}
[8.826684] (cspc_lidar) StderrLine: {'line': b'\x1b[01m\x1b[K/home/admin/workspace/host_udp_ws/src/cspc_lidar_sdk_ros2/sdk/point_cloud_optimize.cpp:228:13:\x1b[m\x1b[K \x1b[01;35m\x1b[Kwarning: \x1b[m\x1b[Kunused variable \xe2\x80\x98\x1b[01m\x1b[Ki\x1b[m\x1b[K\xe2\x80\x99 [\x1b[01;35m\x1b[K\x1b]8;;https://gcc.gnu.org/onlinedocs/gcc/Warning-Options.html#index-Wunused-variable\x07-Wunused-variable\x1b]8;;\x07\x1b[m\x1b[K]\n'}
[8.827122] (cspc_lidar) StderrLine: {'line': b'  228 |         int \x1b[01;35m\x1b[Ki\x1b[m\x1b[K, index;\n'}
[8.827462] (cspc_lidar) StderrLine: {'line': b'      |             \x1b[01;35m\x1b[K^\x1b[m\x1b[K\n'}
[8.827799] (cspc_lidar) StderrLine: {'line': b'\x1b[01m\x1b[K/home/admin/workspace/host_udp_ws/src/cspc_lidar_sdk_ros2/sdk/point_cloud_optimize.cpp:229:15:\x1b[m\x1b[K \x1b[01;35m\x1b[Kwarning: \x1b[m\x1b[Kunused variable \xe2\x80\x98\x1b[01m\x1b[Ktempdep\x1b[m\x1b[K\xe2\x80\x99 [\x1b[01;35m\x1b[K\x1b]8;;https://gcc.gnu.org/onlinedocs/gcc/Warning-Options.html#index-Wunused-variable\x07-Wunused-variable\x1b]8;;\x07\x1b[m\x1b[K]\n'}
[8.828188] (cspc_lidar) StderrLine: {'line': b'  229 |         short \x1b[01;35m\x1b[Ktempdep\x1b[m\x1b[K;\n'}
[8.828526] (cspc_lidar) StderrLine: {'line': b'      |               \x1b[01;35m\x1b[K^~~~~~~\x1b[m\x1b[K\n'}
[8.828862] (cspc_lidar) StderrLine: {'line': b'\x1b[01m\x1b[K/home/admin/workspace/host_udp_ws/src/cspc_lidar_sdk_ros2/sdk/point_cloud_optimize.cpp:253:1:\x1b[m\x1b[K \x1b[01;35m\x1b[Kwarning: \x1b[m\x1b[Kno return statement in function returning non-void [\x1b[01;35m\x1b[K\x1b]8;;https://gcc.gnu.org/onlinedocs/gcc/Warning-Options.html#index-Wreturn-type\x07-Wreturn-type\x1b]8;;\x07\x1b[m\x1b[K]\n'}
[8.829212] (cspc_lidar) StderrLine: {'line': b'  253 | \x1b[01;35m\x1b[K}\x1b[m\x1b[K\n'}
[8.829551] (cspc_lidar) StderrLine: {'line': b'      | \x1b[01;35m\x1b[K^\x1b[m\x1b[K\n'}
[8.829918] (cspc_lidar) StderrLine: {'line': b'\x1b[01m\x1b[K/home/admin/workspace/host_udp_ws/src/cspc_lidar_sdk_ros2/sdk/point_cloud_optimize.cpp:\x1b[m\x1b[K In member function \xe2\x80\x98\x1b[01m\x1b[Kvoid Point_cloud_optimize::lidar_blocked_judge(int)\x1b[m\x1b[K\xe2\x80\x99:\n'}
[8.830282] (cspc_lidar) StderrLine: {'line': b'\x1b[01m\x1b[K/home/admin/workspace/host_udp_ws/src/cspc_lidar_sdk_ros2/sdk/point_cloud_optimize.cpp:341:60:\x1b[m\x1b[K \x1b[01;35m\x1b[Kwarning: \x1b[m\x1b[Kformat \xe2\x80\x98\x1b[01m\x1b[K%d\x1b[m\x1b[K\xe2\x80\x99 expects argument of type \xe2\x80\x98\x1b[01m\x1b[Kint\x1b[m\x1b[K\xe2\x80\x99, but argument 3 has type \xe2\x80\x98\x1b[01m\x1b[Ksize_t\x1b[m\x1b[K\xe2\x80\x99 {aka \xe2\x80\x98\x1b[01m\x1b[Klong unsigned int\x1b[m\x1b[K\xe2\x80\x99} [\x1b[01;35m\x1b[K\x1b]8;;https://gcc.gnu.org/onlinedocs/gcc/Warning-Options.html#index-Wformat=\x07-Wformat=\x1b]8;;\x07\x1b[m\x1b[K]\n'}
[8.830655] (cspc_lidar) StderrLine: {'line': b'  341 |                 printf("lidar \xe9\x9b\xb7\xe8\xbe\xbe\xe8\xa2\xab\xe4\xb8\xa5\xe9\x87\x8d\xe9\x81\xae\xe6\x8c\xa1\xe7\x99\xbe\xe5\x88\x86\xe4\xb9\x8b\xe4\xb8\x83\xe5\x8d\x81 %d,\x1b[01;35m\x1b[K%d\x1b[m\x1b[K\\n",node_lidar.lidar_block.lidar_zero_count,\x1b[32m\x1b[Knode_lidar.scan_node_count\x1b[m\x1b[K);\n'}
[8.831005] (cspc_lidar) StderrLine: {'line': b'      |                                                           \x1b[01;35m\x1b[K~^\x1b[m\x1b[K                                            \x1b[32m\x1b[K~~~~~~~~~~~~~~~~~~~~~~~~~~\x1b[m\x1b[K\n'}
[8.831419] (cspc_lidar) StderrLine: {'line': b'      |                                                            \x1b[01;35m\x1b[K|\x1b[m\x1b[K                                                       \x1b[32m\x1b[K|\x1b[m\x1b[K\n'}
[8.832268] (cspc_lidar) StderrLine: {'line': b'      |                                                            \x1b[01;35m\x1b[Kint\x1b[m\x1b[K                                                     \x1b[32m\x1b[Ksize_t {aka long unsigned int}\x1b[m\x1b[K\n'}
[8.832664] (cspc_lidar) StderrLine: {'line': b'      |                                                           \x1b[32m\x1b[K%ld\x1b[m\x1b[K\n'}
[8.833632] (cspc_lidar) StderrLine: {'line': b'\x1b[01m\x1b[K/home/admin/workspace/host_udp_ws/src/cspc_lidar_sdk_ros2/sdk/point_cloud_optimize.cpp:\x1b[m\x1b[K In member function \xe2\x80\x98\x1b[01m\x1b[Kvoid Point_cloud_optimize::lidar_blocked_init()\x1b[m\x1b[K\xe2\x80\x99:\n'}
[8.834106] (cspc_lidar) StderrLine: {'line': b'\x1b[01m\x1b[K/home/admin/workspace/host_udp_ws/src/cspc_lidar_sdk_ros2/sdk/point_cloud_optimize.cpp:404:69:\x1b[m\x1b[K \x1b[01;35m\x1b[Kwarning: \x1b[m\x1b[Ksuggest parentheses around \xe2\x80\x98\x1b[01m\x1b[K&&\x1b[m\x1b[K\xe2\x80\x99 within \xe2\x80\x98\x1b[01m\x1b[K||\x1b[m\x1b[K\xe2\x80\x99 [\x1b[01;35m\x1b[K\x1b]8;;https://gcc.gnu.org/onlinedocs/gcc/Warning-Options.html#index-Wparentheses\x07-Wparentheses\x1b]8;;\x07\x1b[m\x1b[K]\n'}
[8.834475] (cspc_lidar) StderrLine: {'line': b'  404 |                         if((angle >= 0 && angle < 90)|| \x1b[01;35m\x1b[Kangle > 270 && angle <=360\x1b[m\x1b[K){\n'}
[8.834823] (cspc_lidar) StderrLine: {'line': b'      |                                                         \x1b[01;35m\x1b[K~~~~~~~~~~~~^~~~~~~~~~~~~~\x1b[m\x1b[K\n'}
[8.835167] (cspc_lidar) StderrLine: {'line': b'\x1b[01m\x1b[K/home/admin/workspace/host_udp_ws/src/cspc_lidar_sdk_ros2/sdk/point_cloud_optimize.cpp:375:21:\x1b[m\x1b[K \x1b[01;35m\x1b[Kwarning: \x1b[m\x1b[Kunused variable \xe2\x80\x98\x1b[01m\x1b[Ktemp\x1b[m\x1b[K\xe2\x80\x99 [\x1b[01;35m\x1b[K\x1b]8;;https://gcc.gnu.org/onlinedocs/gcc/Warning-Options.html#index-Wunused-variable\x07-Wunused-variable\x1b]8;;\x07\x1b[m\x1b[K]\n'}
[8.835523] (cspc_lidar) StderrLine: {'line': b'  375 |         float r, d, \x1b[01;35m\x1b[Ktemp\x1b[m\x1b[K;\n'}
[8.835902] (cspc_lidar) StderrLine: {'line': b'      |                     \x1b[01;35m\x1b[K^~~~\x1b[m\x1b[K\n'}
[8.854477] (-) TimerEvent: {}
[8.955314] (-) TimerEvent: {}
[9.056231] (-) TimerEvent: {}
[9.158843] (-) TimerEvent: {}
[9.260801] (-) TimerEvent: {}
[9.361864] (-) TimerEvent: {}
[9.376879] (cspc_lidar) StderrLine: {'line': b'\x1b[01m\x1b[K/home/admin/workspace/host_udp_ws/src/cspc_lidar_sdk_ros2/sdk/node_lidar.cpp:\x1b[m\x1b[K In function \xe2\x80\x98\x1b[01m\x1b[Kvoid flushSerial()\x1b[m\x1b[K\xe2\x80\x99:\n'}
[9.377502] (cspc_lidar) StderrLine: {'line': b'\x1b[01m\x1b[K/home/admin/workspace/host_udp_ws/src/cspc_lidar_sdk_ros2/sdk/node_lidar.cpp:53:24:\x1b[m\x1b[K \x1b[01;35m\x1b[Kwarning: \x1b[m\x1b[Kunused variable \xe2\x80\x98\x1b[01m\x1b[Kbytes_read\x1b[m\x1b[K\xe2\x80\x99 [\x1b[01;35m\x1b[K\x1b]8;;https://gcc.gnu.org/onlinedocs/gcc/Warning-Options.html#index-Wunused-variable\x07-Wunused-variable\x1b]8;;\x07\x1b[m\x1b[K]\n'}
[9.377965] (cspc_lidar) StderrLine: {'line': b'   53 |                 size_t \x1b[01;35m\x1b[Kbytes_read\x1b[m\x1b[K = node_lidar.serial_port->read_data(buffer, len);\n'}
[9.378424] (cspc_lidar) StderrLine: {'line': b'      |                        \x1b[01;35m\x1b[K^~~~~~~~~~\x1b[m\x1b[K\n'}
[9.379225] (cspc_lidar) StderrLine: {'line': b'\x1b[01m\x1b[K/home/admin/workspace/host_udp_ws/src/cspc_lidar_sdk_ros2/sdk/node_lidar.cpp:\x1b[m\x1b[K In function \xe2\x80\x98\x1b[01m\x1b[Kbool lidar_state_judgment()\x1b[m\x1b[K\xe2\x80\x99:\n'}
[9.380030] (cspc_lidar) StderrLine: {'line': b'\x1b[01m\x1b[K/home/admin/workspace/host_udp_ws/src/cspc_lidar_sdk_ros2/sdk/node_lidar.cpp:86:45:\x1b[m\x1b[K \x1b[01;35m\x1b[Kwarning: \x1b[m\x1b[Kformat \xe2\x80\x98\x1b[01m\x1b[K%lld\x1b[m\x1b[K\xe2\x80\x99 expects argument of type \xe2\x80\x98\x1b[01m\x1b[Klong long int\x1b[m\x1b[K\xe2\x80\x99, but argument 2 has type \xe2\x80\x98\x1b[01m\x1b[Kuint64_t\x1b[m\x1b[K\xe2\x80\x99 {aka \xe2\x80\x98\x1b[01m\x1b[Klong unsigned int\x1b[m\x1b[K\xe2\x80\x99} [\x1b[01;35m\x1b[K\x1b]8;;https://gcc.gnu.org/onlinedocs/gcc/Warning-Options.html#index-Wformat=\x07-Wformat=\x1b]8;;\x07\x1b[m\x1b[K]\n'}
[9.380478] (cspc_lidar) StderrLine: {'line': b'   86 |                 printf("\xe7\x8a\xb6\xe6\x80\x81\xe5\xbc\x82\xe5\xb8\xb8\xe9\x87\x8d\xe6\x96\xb0\xe5\x90\xaf\xe5\x8a\xa8 \x1b[01;35m\x1b[K%lld\x1b[m\x1b[K\\n",\x1b[32m\x1b[Klidar_status_time\x1b[m\x1b[K);\n'}
[9.380830] (cspc_lidar) StderrLine: {'line': b'      |                                          \x1b[01;35m\x1b[K~~~^\x1b[m\x1b[K    \x1b[32m\x1b[K~~~~~~~~~~~~~~~~~\x1b[m\x1b[K\n'}
[9.381174] (cspc_lidar) StderrLine: {'line': b'      |                                             \x1b[01;35m\x1b[K|\x1b[m\x1b[K    \x1b[32m\x1b[K|\x1b[m\x1b[K\n'}
[9.381516] (cspc_lidar) StderrLine: {'line': b'      |                                             \x1b[01;35m\x1b[K|\x1b[m\x1b[K    \x1b[32m\x1b[Kuint64_t {aka long unsigned int}\x1b[m\x1b[K\n'}
[9.381858] (cspc_lidar) StderrLine: {'line': b'      |                                             \x1b[01;35m\x1b[Klong long int\x1b[m\x1b[K\n'}
[9.382202] (cspc_lidar) StderrLine: {'line': b'      |                                          \x1b[32m\x1b[K%ld\x1b[m\x1b[K\n'}
[9.382543] (cspc_lidar) StderrLine: {'line': b'\x1b[01m\x1b[K/home/admin/workspace/host_udp_ws/src/cspc_lidar_sdk_ros2/sdk/node_lidar.cpp:62:21:\x1b[m\x1b[K \x1b[01;35m\x1b[Kwarning: \x1b[m\x1b[Kunused variable \xe2\x80\x98\x1b[01m\x1b[Kstatus_judge\x1b[m\x1b[K\xe2\x80\x99 [\x1b[01;35m\x1b[K\x1b]8;;https://gcc.gnu.org/onlinedocs/gcc/Warning-Options.html#index-Wunused-variable\x07-Wunused-variable\x1b]8;;\x07\x1b[m\x1b[K]\n'}
[9.382913] (cspc_lidar) StderrLine: {'line': b'   62 |         static bool \x1b[01;35m\x1b[Kstatus_judge\x1b[m\x1b[K = false;     //\xe6\x95\xb4\xe4\xbd\x93\xe7\x8a\xb6\xe6\x80\x81\xe5\x88\xa4\xe6\x96\xad\n'}
[9.383282] (cspc_lidar) StderrLine: {'line': b'      |                     \x1b[01;35m\x1b[K^~~~~~~~~~~~\x1b[m\x1b[K\n'}
[9.383664] (cspc_lidar) StderrLine: {'line': b'\x1b[01m\x1b[K/home/admin/workspace/host_udp_ws/src/cspc_lidar_sdk_ros2/sdk/node_lidar.cpp:65:21:\x1b[m\x1b[K \x1b[01;35m\x1b[Kwarning: \x1b[m\x1b[Kvariable \xe2\x80\x98\x1b[01m\x1b[Klidar_start_flag\x1b[m\x1b[K\xe2\x80\x99 set but not used [\x1b[01;35m\x1b[K\x1b]8;;https://gcc.gnu.org/onlinedocs/gcc/Warning-Options.html#index-Wunused-but-set-variable\x07-Wunused-but-set-variable\x1b]8;;\x07\x1b[m\x1b[K]\n'}
[9.384067] (cspc_lidar) StderrLine: {'line': b'   65 |         static bool \x1b[01;35m\x1b[Klidar_start_flag\x1b[m\x1b[K = false; //\xe4\xb8\x8b\xe5\x8f\x91\xe9\x9b\xb7\xe8\xbe\xbe\xe5\x90\xaf\xe5\x8a\xa8\xe6\x8c\x87\xe4\xbb\xa4\xe5\x90\x8e\xe7\x9a\x84\xe9\x9b\xb7\xe8\xbe\xbe\xe5\x8f\x8d\xe9\xa6\x88\xe6\xa0\x87\xe5\xbf\x97\n'}
[9.384417] (cspc_lidar) StderrLine: {'line': b'      |                     \x1b[01;35m\x1b[K^~~~~~~~~~~~~~~~\x1b[m\x1b[K\n'}
[9.384758] (cspc_lidar) StderrLine: {'line': b'\x1b[01m\x1b[K/home/admin/workspace/host_udp_ws/src/cspc_lidar_sdk_ros2/sdk/node_lidar.cpp:\x1b[m\x1b[K In function \xe2\x80\x98\x1b[01m\x1b[Kint read_forever()\x1b[m\x1b[K\xe2\x80\x99:\n'}
[9.385101] (cspc_lidar) StderrLine: {'line': b'\x1b[01m\x1b[K/home/admin/workspace/host_udp_ws/src/cspc_lidar_sdk_ros2/sdk/node_lidar.cpp:206:82:\x1b[m\x1b[K \x1b[01;35m\x1b[Kwarning: \x1b[m\x1b[Kformat \xe2\x80\x98\x1b[01m\x1b[K%d\x1b[m\x1b[K\xe2\x80\x99 expects argument of type \xe2\x80\x98\x1b[01m\x1b[Kint\x1b[m\x1b[K\xe2\x80\x99, but argument 2 has type \xe2\x80\x98\x1b[01m\x1b[Ksize_t\x1b[m\x1b[K\xe2\x80\x99 {aka \xe2\x80\x98\x1b[01m\x1b[Klong unsigned int\x1b[m\x1b[K\xe2\x80\x99} [\x1b[01;35m\x1b[K\x1b]8;;https://gcc.gnu.org/onlinedocs/gcc/Warning-Options.html#index-Wformat=\x07-Wformat=\x1b]8;;\x07\x1b[m\x1b[K]\n'}
[9.386862] (cspc_lidar) StderrLine: {'line': b'  206 |                                                         printf("full----- count=\x1b[01;35m\x1b[K%d\x1b[m\x1b[K,time=%lld,frequence=%d\\n",\x1b[32m\x1b[Kscan_count\x1b[m\x1b[K,current_times(),local_scan[0].scan_frequence);\n'}
[9.387559] (cspc_lidar) StderrLine: {'line': b'      |                                                                                 \x1b[01;35m\x1b[K~^\x1b[m\x1b[K                           \x1b[32m\x1b[K~~~~~~~~~~\x1b[m\x1b[K\n'}
[9.387999] (cspc_lidar) StderrLine: {'line': b'      |                                                                                  \x1b[01;35m\x1b[K|\x1b[m\x1b[K                           \x1b[32m\x1b[K|\x1b[m\x1b[K\n'}
[9.388363] (cspc_lidar) StderrLine: {'line': b'      |                                                                                  \x1b[01;35m\x1b[Kint\x1b[m\x1b[K                         \x1b[32m\x1b[Ksize_t {aka long unsigned int}\x1b[m\x1b[K\n'}
[9.389473] (cspc_lidar) StderrLine: {'line': b'      |                                                                                 \x1b[32m\x1b[K%ld\x1b[m\x1b[K\n'}
[9.389904] (cspc_lidar) StderrLine: {'line': b'\x1b[01m\x1b[K/home/admin/workspace/host_udp_ws/src/cspc_lidar_sdk_ros2/sdk/node_lidar.cpp:206:92:\x1b[m\x1b[K \x1b[01;35m\x1b[Kwarning: \x1b[m\x1b[Kformat \xe2\x80\x98\x1b[01m\x1b[K%lld\x1b[m\x1b[K\xe2\x80\x99 expects argument of type \xe2\x80\x98\x1b[01m\x1b[Klong long int\x1b[m\x1b[K\xe2\x80\x99, but argument 3 has type \xe2\x80\x98\x1b[01m\x1b[Kint64_t\x1b[m\x1b[K\xe2\x80\x99 {aka \xe2\x80\x98\x1b[01m\x1b[Klong int\x1b[m\x1b[K\xe2\x80\x99} [\x1b[01;35m\x1b[K\x1b]8;;https://gcc.gnu.org/onlinedocs/gcc/Warning-Options.html#index-Wformat=\x07-Wformat=\x1b]8;;\x07\x1b[m\x1b[K]\n'}
[9.390300] (cspc_lidar) StderrLine: {'line': b'  206 |                                                         printf("full----- count=%d,time=\x1b[01;35m\x1b[K%lld\x1b[m\x1b[K,frequence=%d\\n",scan_count,\x1b[32m\x1b[Kcurrent_times()\x1b[m\x1b[K,local_scan[0].scan_frequence);\n'}
[9.390655] (cspc_lidar) StderrLine: {'line': b'      |                                                                                         \x1b[01;35m\x1b[K~~~^\x1b[m\x1b[K                            \x1b[32m\x1b[K~~~~~~~~~~~~~~~\x1b[m\x1b[K\n'}
[9.391036] (cspc_lidar) StderrLine: {'line': b'      |                                                                                            \x1b[01;35m\x1b[K|\x1b[m\x1b[K                                         \x1b[32m\x1b[K|\x1b[m\x1b[K\n'}
[9.391384] (cspc_lidar) StderrLine: {'line': b'      |                                                                                            \x1b[01;35m\x1b[Klong long int\x1b[m\x1b[K                             \x1b[32m\x1b[Kint64_t {aka long int}\x1b[m\x1b[K\n'}
[9.391733] (cspc_lidar) StderrLine: {'line': b'      |                                                                                         \x1b[32m\x1b[K%ld\x1b[m\x1b[K\n'}
[9.392075] (cspc_lidar) StderrLine: {'line': b'\x1b[01m\x1b[K/home/admin/workspace/host_udp_ws/src/cspc_lidar_sdk_ros2/sdk/node_lidar.cpp:\x1b[m\x1b[K In function \xe2\x80\x98\x1b[01m\x1b[Kvoid send_lidar_data(LaserScan&)\x1b[m\x1b[K\xe2\x80\x99:\n'}
[9.392419] (cspc_lidar) StderrLine: {'line': b'\x1b[01m\x1b[K/home/admin/workspace/host_udp_ws/src/cspc_lidar_sdk_ros2/sdk/node_lidar.cpp:312:43:\x1b[m\x1b[K \x1b[01;35m\x1b[Kwarning: \x1b[m\x1b[Kcomparison of integer expressions of different signedness: \xe2\x80\x98\x1b[01m\x1b[Kint\x1b[m\x1b[K\xe2\x80\x99 and \xe2\x80\x98\x1b[01m\x1b[Ksize_t\x1b[m\x1b[K\xe2\x80\x99 {aka \xe2\x80\x98\x1b[01m\x1b[Klong unsigned int\x1b[m\x1b[K\xe2\x80\x99} [\x1b[01;35m\x1b[K\x1b]8;;https://gcc.gnu.org/onlinedocs/gcc/Warning-Options.html#index-Wsign-compare\x07-Wsign-compare\x1b]8;;\x07\x1b[m\x1b[K]\n'}
[9.392782] (cspc_lidar) StderrLine: {'line': b'  312 |                         for (int i = 0; \x1b[01;35m\x1b[Ki < count\x1b[m\x1b[K; i++)\n'}
[9.393155] (cspc_lidar) StderrLine: {'line': b'      |                                         \x1b[01;35m\x1b[K~~^~~~~~~\x1b[m\x1b[K\n'}
[9.461975] (-) TimerEvent: {}
[9.520133] (cspc_lidar) StderrLine: {'line': b'\x1b[01m\x1b[K/home/admin/workspace/host_udp_ws/src/cspc_lidar_sdk_ros2/sdk/lidar_data_processing.cpp:\x1b[m\x1b[K In member function \xe2\x80\x98\x1b[01m\x1b[Kbool Lidar_Data_Processing::wait_start_reply(uint64_t)\x1b[m\x1b[K\xe2\x80\x99:\n'}
[9.520730] (cspc_lidar) StderrLine: {'line': b'\x1b[01m\x1b[K/home/admin/workspace/host_udp_ws/src/cspc_lidar_sdk_ros2/sdk/lidar_data_processing.cpp:107:49:\x1b[m\x1b[K \x1b[01;35m\x1b[Kwarning: \x1b[m\x1b[Kcomparison of integer expressions of different signedness: \xe2\x80\x98\x1b[01m\x1b[Kint64_t\x1b[m\x1b[K\xe2\x80\x99 {aka \xe2\x80\x98\x1b[01m\x1b[Klong int\x1b[m\x1b[K\xe2\x80\x99} and \xe2\x80\x98\x1b[01m\x1b[Kuint64_t\x1b[m\x1b[K\xe2\x80\x99 {aka \xe2\x80\x98\x1b[01m\x1b[Klong unsigned int\x1b[m\x1b[K\xe2\x80\x99} [\x1b[01;35m\x1b[K\x1b]8;;https://gcc.gnu.org/onlinedocs/gcc/Warning-Options.html#index-Wsign-compare\x07-Wsign-compare\x1b]8;;\x07\x1b[m\x1b[K]\n'}
[9.521271] (cspc_lidar) StderrLine: {'line': b'  107 |   while (\x1b[01;35m\x1b[K(waitTime = current_times() - startTs) <= timeout\x1b[m\x1b[K){\n'}
[9.521624] (cspc_lidar) StderrLine: {'line': b'      |          \x1b[01;35m\x1b[K~~~~~~~~~~~~~~~~~~~~~~~~~~~~~~~~~~~~~~~^~~~~~~~~~\x1b[m\x1b[K\n'}
[9.522320] (cspc_lidar) StderrLine: {'line': b'\x1b[01m\x1b[K/home/admin/workspace/host_udp_ws/src/cspc_lidar_sdk_ros2/sdk/lidar_data_processing.cpp:\x1b[m\x1b[K In member function \xe2\x80\x98\x1b[01m\x1b[Kresult_t Lidar_Data_Processing::waitSpeedRight(uint8_t, uint64_t)\x1b[m\x1b[K\xe2\x80\x99:\n'}
[9.522678] (cspc_lidar) StderrLine: {'line': b'\x1b[01m\x1b[K/home/admin/workspace/host_udp_ws/src/cspc_lidar_sdk_ros2/sdk/lidar_data_processing.cpp:209:56:\x1b[m\x1b[K \x1b[01;35m\x1b[Kwarning: \x1b[m\x1b[Kunused parameter \xe2\x80\x98\x1b[01m\x1b[Kcmd\x1b[m\x1b[K\xe2\x80\x99 [\x1b[01;35m\x1b[K\x1b]8;;https://gcc.gnu.org/onlinedocs/gcc/Warning-Options.html#index-Wunused-parameter\x07-Wunused-parameter\x1b]8;;\x07\x1b[m\x1b[K]\n'}
[9.523050] (cspc_lidar) StderrLine: {'line': b'  209 | result_t Lidar_Data_Processing::waitSpeedRight(\x1b[01;35m\x1b[Kuint8_t cmd\x1b[m\x1b[K,uint64_t timeout)\n'}
[9.523472] (cspc_lidar) StderrLine: {'line': b'      |                                                \x1b[01;35m\x1b[K~~~~~~~~^~~\x1b[m\x1b[K\n'}
[9.524084] (cspc_lidar) StderrLine: {'line': b'\x1b[01m\x1b[K/home/admin/workspace/host_udp_ws/src/cspc_lidar_sdk_ros2/sdk/lidar_data_processing.cpp:\x1b[m\x1b[K In member function \xe2\x80\x98\x1b[01m\x1b[Kresult_t Lidar_Data_Processing::waitResponseHeader(uint8_t, uint64_t)\x1b[m\x1b[K\xe2\x80\x99:\n'}
[9.524432] (cspc_lidar) StderrLine: {'line': b'\x1b[01m\x1b[K/home/admin/workspace/host_udp_ws/src/cspc_lidar_sdk_ros2/sdk/lidar_data_processing.cpp:481:28:\x1b[m\x1b[K \x1b[01;35m\x1b[Kwarning: \x1b[m\x1b[Kformat \xe2\x80\x98\x1b[01m\x1b[K%d\x1b[m\x1b[K\xe2\x80\x99 expects argument of type \xe2\x80\x98\x1b[01m\x1b[Kint\x1b[m\x1b[K\xe2\x80\x99, but argument 4 has type \xe2\x80\x98\x1b[01m\x1b[Ksize_t\x1b[m\x1b[K\xe2\x80\x99 {aka \xe2\x80\x98\x1b[01m\x1b[Klong unsigned int\x1b[m\x1b[K\xe2\x80\x99} [\x1b[01;35m\x1b[K\x1b]8;;https://gcc.gnu.org/onlinedocs/gcc/Warning-Options.html#index-Wformat=\x07-Wformat=\x1b]8;;\x07\x1b[m\x1b[K]\n'}
[9.524824] (cspc_lidar) StderrLine: {'line': b'  481 |       printf("data**%d,%d,\x1b[01;35m\x1b[K%d\x1b[m\x1b[K\\n",check_sum_cal,recvBuffer[remainSize-1],\x1b[32m\x1b[KremainSize\x1b[m\x1b[K);\n'}
[9.525271] (cspc_lidar) StderrLine: {'line': b'      |                           \x1b[01;35m\x1b[K~^\x1b[m\x1b[K                                           \x1b[32m\x1b[K~~~~~~~~~~\x1b[m\x1b[K\n'}
[9.525613] (cspc_lidar) StderrLine: {'line': b'      |                            \x1b[01;35m\x1b[K|\x1b[m\x1b[K                                           \x1b[32m\x1b[K|\x1b[m\x1b[K\n'}
[9.525952] (cspc_lidar) StderrLine: {'line': b'      |                            \x1b[01;35m\x1b[Kint\x1b[m\x1b[K                                         \x1b[32m\x1b[Ksize_t {aka long unsigned int}\x1b[m\x1b[K\n'}
[9.526361] (cspc_lidar) StderrLine: {'line': b'      |                           \x1b[32m\x1b[K%ld\x1b[m\x1b[K\n'}
[9.528768] (cspc_lidar) StderrLine: {'line': b'\x1b[01m\x1b[K/home/admin/workspace/host_udp_ws/src/cspc_lidar_sdk_ros2/sdk/lidar_data_processing.cpp:\x1b[m\x1b[K In member function \xe2\x80\x98\x1b[01m\x1b[Kresult_t Lidar_Data_Processing::waitPackage_coin(node_info*, uint32_t)\x1b[m\x1b[K\xe2\x80\x99:\n'}
[9.529659] (cspc_lidar) StderrLine: {'line': b'\x1b[01m\x1b[K/home/admin/workspace/host_udp_ws/src/cspc_lidar_sdk_ros2/sdk/lidar_data_processing.cpp:973:9:\x1b[m\x1b[K \x1b[01;35m\x1b[Kwarning: \x1b[m\x1b[Kunused variable \xe2\x80\x98\x1b[01m\x1b[Kk\x1b[m\x1b[K\xe2\x80\x99 [\x1b[01;35m\x1b[K\x1b]8;;https://gcc.gnu.org/onlinedocs/gcc/Warning-Options.html#index-Wunused-variable\x07-Wunused-variable\x1b]8;;\x07\x1b[m\x1b[K]\n'}
[9.530160] (cspc_lidar) StderrLine: {'line': b'  973 |     int \x1b[01;35m\x1b[Kk\x1b[m\x1b[K;\n'}
[9.530589] (cspc_lidar) StderrLine: {'line': b'      |         \x1b[01;35m\x1b[K^\x1b[m\x1b[K\n'}
[9.530961] (cspc_lidar) StderrLine: {'line': b'\x1b[01m\x1b[K/home/admin/workspace/host_udp_ws/src/cspc_lidar_sdk_ros2/sdk/lidar_data_processing.cpp:873:11:\x1b[m\x1b[K \x1b[01;35m\x1b[Kwarning: \x1b[m\x1b[Kvariable \xe2\x80\x98\x1b[01m\x1b[KAngleCorrectForDistance\x1b[m\x1b[K\xe2\x80\x99 set but not used [\x1b[01;35m\x1b[K\x1b]8;;https://gcc.gnu.org/onlinedocs/gcc/Warning-Options.html#index-Wunused-but-set-variable\x07-Wunused-but-set-variable\x1b]8;;\x07\x1b[m\x1b[K]\n'}
[9.531323] (cspc_lidar) StderrLine: {'line': b'  873 |   int32_t \x1b[01;35m\x1b[KAngleCorrectForDistance\x1b[m\x1b[K = 0;\n'}
[9.531662] (cspc_lidar) StderrLine: {'line': b'      |           \x1b[01;35m\x1b[K^~~~~~~~~~~~~~~~~~~~~~~\x1b[m\x1b[K\n'}
[9.531999] (cspc_lidar) StderrLine: {'line': b'\x1b[01m\x1b[K/home/admin/workspace/host_udp_ws/src/cspc_lidar_sdk_ros2/sdk/lidar_data_processing.cpp:875:11:\x1b[m\x1b[K \x1b[01;35m\x1b[Kwarning: \x1b[m\x1b[Kunused variable \xe2\x80\x98\x1b[01m\x1b[Kpackage_type\x1b[m\x1b[K\xe2\x80\x99 [\x1b[01;35m\x1b[K\x1b]8;;https://gcc.gnu.org/onlinedocs/gcc/Warning-Options.html#index-Wunused-variable\x07-Wunused-variable\x1b]8;;\x07\x1b[m\x1b[K]\n'}
[9.532408] (cspc_lidar) StderrLine: {'line': b'  875 |   uint8_t \x1b[01;35m\x1b[Kpackage_type\x1b[m\x1b[K = 0;\n'}
[9.532756] (cspc_lidar) StderrLine: {'line': b'      |           \x1b[01;35m\x1b[K^~~~~~~~~~~~\x1b[m\x1b[K\n'}
[9.535142] (cspc_lidar) StderrLine: {'line': b'\x1b[01m\x1b[K/home/admin/workspace/host_udp_ws/src/cspc_lidar_sdk_ros2/sdk/lidar_data_processing.cpp:877:12:\x1b[m\x1b[K \x1b[01;35m\x1b[Kwarning: \x1b[m\x1b[Kunused variable \xe2\x80\x98\x1b[01m\x1b[Kstart\x1b[m\x1b[K\xe2\x80\x99 [\x1b[01;35m\x1b[K\x1b]8;;https://gcc.gnu.org/onlinedocs/gcc/Warning-Options.html#index-Wunused-variable\x07-Wunused-variable\x1b]8;;\x07\x1b[m\x1b[K]\n'}
[9.536055] (cspc_lidar) StderrLine: {'line': b'  877 |   uint16_t \x1b[01;35m\x1b[Kstart\x1b[m\x1b[K;\n'}
[9.536489] (cspc_lidar) StderrLine: {'line': b'      |            \x1b[01;35m\x1b[K^~~~~\x1b[m\x1b[K\n'}
[9.536920] (cspc_lidar) StderrLine: {'line': b'\x1b[01m\x1b[K/home/admin/workspace/host_udp_ws/src/cspc_lidar_sdk_ros2/sdk/lidar_data_processing.cpp:878:12:\x1b[m\x1b[K \x1b[01;35m\x1b[Kwarning: \x1b[m\x1b[Kunused variable \xe2\x80\x98\x1b[01m\x1b[Kstop\x1b[m\x1b[K\xe2\x80\x99 [\x1b[01;35m\x1b[K\x1b]8;;https://gcc.gnu.org/onlinedocs/gcc/Warning-Options.html#index-Wunused-variable\x07-Wunused-variable\x1b]8;;\x07\x1b[m\x1b[K]\n'}
[9.537387] (cspc_lidar) StderrLine: {'line': b'  878 |   uint16_t \x1b[01;35m\x1b[Kstop\x1b[m\x1b[K;\n'}
[9.537731] (cspc_lidar) StderrLine: {'line': b'      |            \x1b[01;35m\x1b[K^~~~\x1b[m\x1b[K\n'}
[9.551992] (cspc_lidar) StderrLine: {'line': b'\x1b[01m\x1b[K/home/admin/workspace/host_udp_ws/src/cspc_lidar_sdk_ros2/sdk/node_lidar.cpp:\x1b[m\x1b[K At global scope:\n'}
[9.553809] (cspc_lidar) StderrLine: {'line': b'\x1b[01m\x1b[K/home/admin/workspace/host_udp_ws/src/cspc_lidar_sdk_ros2/sdk/node_lidar.cpp:62:21:\x1b[m\x1b[K \x1b[01;35m\x1b[Kwarning: \x1b[m\x1b[K\xe2\x80\x98\x1b[01m\x1b[Kstatus_judge\x1b[m\x1b[K\xe2\x80\x99 defined but not used [\x1b[01;35m\x1b[K\x1b]8;;https://gcc.gnu.org/onlinedocs/gcc/Warning-Options.html#index-Wunused-variable\x07-Wunused-variable\x1b]8;;\x07\x1b[m\x1b[K]\n'}
[9.554841] (cspc_lidar) StderrLine: {'line': b'   62 |         static bool \x1b[01;35m\x1b[Kstatus_judge\x1b[m\x1b[K = false;     //\xe6\x95\xb4\xe4\xbd\x93\xe7\x8a\xb6\xe6\x80\x81\xe5\x88\xa4\xe6\x96\xad\n'}
[9.555656] (cspc_lidar) StderrLine: {'line': b'      |                     \x1b[01;35m\x1b[K^~~~~~~~~~~~\x1b[m\x1b[K\n'}
[9.562241] (-) TimerEvent: {}
[9.663240] (-) TimerEvent: {}
[9.763956] (-) TimerEvent: {}
[9.864688] (-) TimerEvent: {}
[9.965649] (-) TimerEvent: {}
[10.066647] (-) TimerEvent: {}
[10.167341] (-) TimerEvent: {}
[10.268054] (-) TimerEvent: {}
[10.368960] (-) TimerEvent: {}
[10.470086] (-) TimerEvent: {}
[10.570875] (-) TimerEvent: {}
[10.671521] (-) TimerEvent: {}
[10.772195] (-) TimerEvent: {}
[10.872836] (-) TimerEvent: {}
[10.973635] (-) TimerEvent: {}
[11.074333] (-) TimerEvent: {}
[11.175092] (-) TimerEvent: {}
[11.275988] (-) TimerEvent: {}
[11.376618] (-) TimerEvent: {}
[11.476977] (-) TimerEvent: {}
[11.577644] (-) TimerEvent: {}
[11.678768] (-) TimerEvent: {}
[11.779575] (-) TimerEvent: {}
[11.880825] (-) TimerEvent: {}
[11.982857] (-) TimerEvent: {}
[12.084537] (-) TimerEvent: {}
[12.185295] (-) TimerEvent: {}
[12.285966] (-) TimerEvent: {}
[12.386796] (-) TimerEvent: {}
[12.487754] (-) TimerEvent: {}
[12.588704] (-) TimerEvent: {}
[12.689751] (-) TimerEvent: {}
[12.790543] (-) TimerEvent: {}
[12.891627] (-) TimerEvent: {}
[12.992498] (-) TimerEvent: {}
[13.093599] (-) TimerEvent: {}
[13.194403] (-) TimerEvent: {}
[13.295273] (-) TimerEvent: {}
[13.396148] (-) TimerEvent: {}
[13.497093] (-) TimerEvent: {}
[13.597830] (-) TimerEvent: {}
[13.698490] (-) TimerEvent: {}
[13.799134] (-) TimerEvent: {}
[13.899836] (-) TimerEvent: {}
[14.000674] (-) TimerEvent: {}
[14.101397] (-) TimerEvent: {}
[14.202085] (-) TimerEvent: {}
[14.303011] (-) TimerEvent: {}
[14.404572] (-) TimerEvent: {}
[14.505209] (-) TimerEvent: {}
[14.605931] (-) TimerEvent: {}
[14.706857] (-) TimerEvent: {}
[14.808047] (-) TimerEvent: {}
[14.909090] (-) TimerEvent: {}
[15.009746] (-) TimerEvent: {}
[15.110413] (-) TimerEvent: {}
[15.211058] (-) TimerEvent: {}
[15.311818] (-) TimerEvent: {}
[15.412574] (-) TimerEvent: {}
[15.513268] (-) TimerEvent: {}
[15.614810] (-) TimerEvent: {}
[15.715488] (-) TimerEvent: {}
[15.816056] (-) TimerEvent: {}
[15.916925] (-) TimerEvent: {}
[16.017574] (-) TimerEvent: {}
[16.118136] (-) TimerEvent: {}
[16.218627] (-) TimerEvent: {}
[16.319725] (-) TimerEvent: {}
[16.421241] (-) TimerEvent: {}
[16.522232] (-) TimerEvent: {}
[16.623088] (-) TimerEvent: {}
[16.723976] (-) TimerEvent: {}
[16.824771] (-) TimerEvent: {}
[16.926030] (-) TimerEvent: {}
[17.027650] (-) TimerEvent: {}
[17.128518] (-) TimerEvent: {}
[17.229483] (-) TimerEvent: {}
[17.330375] (-) TimerEvent: {}
[17.346278] (cspc_lidar) StderrLine: {'line': b'\x1b[01m\x1b[K/home/admin/workspace/host_udp_ws/src/cspc_lidar_sdk_ros2/src/node_lidar_ros.cpp:\x1b[m\x1b[K In function \xe2\x80\x98\x1b[01m\x1b[Kvoid Scan_to_PointCloud(LaserScan&, sensor_msgs::msg::PointCloud2&)\x1b[m\x1b[K\xe2\x80\x99:\n'}
[17.346886] (cspc_lidar) StderrLine: {'line': b'\x1b[01m\x1b[K/home/admin/workspace/host_udp_ws/src/cspc_lidar_sdk_ros2/src/node_lidar_ros.cpp:85:24:\x1b[m\x1b[K \x1b[01;35m\x1b[Kwarning: \x1b[m\x1b[Kcomparison of integer expressions of different signedness: \xe2\x80\x98\x1b[01m\x1b[Kint\x1b[m\x1b[K\xe2\x80\x99 and \xe2\x80\x98\x1b[01m\x1b[Kstd::vector<LaserPoint>::size_type\x1b[m\x1b[K\xe2\x80\x99 {aka \xe2\x80\x98\x1b[01m\x1b[Klong unsigned int\x1b[m\x1b[K\xe2\x80\x99} [\x1b[01;35m\x1b[K\x1b]8;;https://gcc.gnu.org/onlinedocs/gcc/Warning-Options.html#index-Wsign-compare\x07-Wsign-compare\x1b]8;;\x07\x1b[m\x1b[K]\n'}
[17.347318] (cspc_lidar) StderrLine: {'line': b'   85 |         for(int i = 0;\x1b[01;35m\x1b[Ki<scan.points.size()\x1b[m\x1b[K;i++)\n'}
[17.347670] (cspc_lidar) StderrLine: {'line': b'      |                       \x1b[01;35m\x1b[K~^~~~~~~~~~~~~~~~~~~\x1b[m\x1b[K\n'}
[17.382594] (cspc_lidar) StderrLine: {'line': b'\x1b[01m\x1b[K/home/admin/workspace/host_udp_ws/src/cspc_lidar_sdk_ros2/src/node_lidar_ros.cpp:\x1b[m\x1b[K In function \xe2\x80\x98\x1b[01m\x1b[Kint main(int, char**)\x1b[m\x1b[K\xe2\x80\x99:\n'}
[17.383226] (cspc_lidar) StderrLine: {'line': b'\x1b[01m\x1b[K/home/admin/workspace/host_udp_ws/src/cspc_lidar_sdk_ros2/src/node_lidar_ros.cpp:181:40:\x1b[m\x1b[K \x1b[01;35m\x1b[Kwarning: \x1b[m\x1b[Kcomparison of integer expressions of different signedness: \xe2\x80\x98\x1b[01m\x1b[Kint\x1b[m\x1b[K\xe2\x80\x99 and \xe2\x80\x98\x1b[01m\x1b[Kstd::vector<LaserPoint>::size_type\x1b[m\x1b[K\xe2\x80\x99 {aka \xe2\x80\x98\x1b[01m\x1b[Klong unsigned int\x1b[m\x1b[K\xe2\x80\x99} [\x1b[01;35m\x1b[K\x1b]8;;https://gcc.gnu.org/onlinedocs/gcc/Warning-Options.html#index-Wsign-compare\x07-Wsign-compare\x1b]8;;\x07\x1b[m\x1b[K]\n'}
[17.383627] (cspc_lidar) StderrLine: {'line': b'  181 |                         for(int i=0; \x1b[01;35m\x1b[Ki < scan.points.size()\x1b[m\x1b[K; i++) {\n'}
[17.383968] (cspc_lidar) StderrLine: {'line': b'      |                                      \x1b[01;35m\x1b[K~~^~~~~~~~~~~~~~~~~~~~\x1b[m\x1b[K\n'}
[17.430528] (-) TimerEvent: {}
[17.531275] (-) TimerEvent: {}
[17.632468] (-) TimerEvent: {}
[17.733564] (-) TimerEvent: {}
[17.834208] (-) TimerEvent: {}
[17.934959] (-) TimerEvent: {}
[18.035708] (-) TimerEvent: {}
[18.136450] (-) TimerEvent: {}
[18.237155] (-) TimerEvent: {}
[18.337810] (-) TimerEvent: {}
[18.438530] (-) TimerEvent: {}
[18.539120] (-) TimerEvent: {}
[18.639515] (-) TimerEvent: {}
[18.740019] (-) TimerEvent: {}
[18.840410] (-) TimerEvent: {}
[18.940897] (-) TimerEvent: {}
[19.041363] (-) TimerEvent: {}
[19.142126] (-) TimerEvent: {}
[19.242786] (-) TimerEvent: {}
[19.343559] (-) TimerEvent: {}
[19.444636] (-) TimerEvent: {}
[19.545292] (-) TimerEvent: {}
[19.646125] (-) TimerEvent: {}
[19.747623] (-) TimerEvent: {}
[19.848940] (-) TimerEvent: {}
[19.950008] (-) TimerEvent: {}
[20.050755] (-) TimerEvent: {}
[20.151758] (-) TimerEvent: {}
[20.252509] (-) TimerEvent: {}
[20.353379] (-) TimerEvent: {}
[20.453844] (-) TimerEvent: {}
[20.554510] (-) TimerEvent: {}
[20.655084] (-) TimerEvent: {}
[20.755466] (-) TimerEvent: {}
[20.855971] (-) TimerEvent: {}
[20.956447] (-) TimerEvent: {}
[21.056968] (-) TimerEvent: {}
[21.157682] (-) TimerEvent: {}
[21.258669] (-) TimerEvent: {}
[21.359572] (-) TimerEvent: {}
[21.460650] (-) TimerEvent: {}
[21.561465] (-) TimerEvent: {}
[21.662318] (-) TimerEvent: {}
[21.763751] (-) TimerEvent: {}
[21.864488] (-) TimerEvent: {}
[21.965428] (-) TimerEvent: {}
[22.066152] (-) TimerEvent: {}
[22.167006] (-) TimerEvent: {}
[22.268042] (-) TimerEvent: {}
[22.368743] (-) TimerEvent: {}
[22.469277] (-) TimerEvent: {}
[22.570042] (-) TimerEvent: {}
[22.671002] (-) TimerEvent: {}
[22.771748] (-) TimerEvent: {}
[22.872480] (-) TimerEvent: {}
[22.973301] (-) TimerEvent: {}
[23.074051] (-) TimerEvent: {}
[23.174989] (-) TimerEvent: {}
[23.275848] (-) TimerEvent: {}
[23.376635] (-) TimerEvent: {}
[23.477280] (-) TimerEvent: {}
[23.577916] (-) TimerEvent: {}
[23.678788] (-) TimerEvent: {}
[23.779491] (-) TimerEvent: {}
[23.880207] (-) TimerEvent: {}
[23.981052] (-) TimerEvent: {}
[24.081948] (-) TimerEvent: {}
[24.183335] (-) TimerEvent: {}
[24.284259] (-) TimerEvent: {}
[24.385056] (-) TimerEvent: {}
[24.486107] (-) TimerEvent: {}
[24.586742] (-) TimerEvent: {}
[24.687511] (-) TimerEvent: {}
[24.788440] (-) TimerEvent: {}
[24.889122] (-) TimerEvent: {}
[24.989909] (-) TimerEvent: {}
[25.090716] (-) TimerEvent: {}
[25.191364] (-) TimerEvent: {}
[25.292027] (-) TimerEvent: {}
[25.392883] (-) TimerEvent: {}
[25.493623] (-) TimerEvent: {}
[25.594399] (-) TimerEvent: {}
[25.695133] (-) TimerEvent: {}
[25.795913] (-) TimerEvent: {}
[25.896766] (-) TimerEvent: {}
[25.997645] (-) TimerEvent: {}
[26.098473] (-) TimerEvent: {}
[26.198909] (-) TimerEvent: {}
[26.299439] (-) TimerEvent: {}
[26.400271] (-) TimerEvent: {}
[26.500692] (-) TimerEvent: {}
[26.601089] (-) TimerEvent: {}
[26.701547] (-) TimerEvent: {}
[26.802141] (-) TimerEvent: {}
[26.902889] (-) TimerEvent: {}
[27.003474] (-) TimerEvent: {}
[27.103843] (-) TimerEvent: {}
[27.204315] (-) TimerEvent: {}
[27.304801] (-) TimerEvent: {}
[27.405291] (-) TimerEvent: {}
[27.506222] (-) TimerEvent: {}
[27.607386] (-) TimerEvent: {}
[27.709634] (-) TimerEvent: {}
[27.811072] (-) TimerEvent: {}
[27.911889] (-) TimerEvent: {}
[28.012796] (-) TimerEvent: {}
[28.113557] (-) TimerEvent: {}
[28.214328] (-) TimerEvent: {}
[28.315639] (-) TimerEvent: {}
[28.416944] (-) TimerEvent: {}
[28.518266] (-) TimerEvent: {}
[28.618962] (-) TimerEvent: {}
[28.719542] (-) TimerEvent: {}
[28.820099] (-) TimerEvent: {}
[28.920572] (-) TimerEvent: {}
[29.021220] (-) TimerEvent: {}
[29.121893] (-) TimerEvent: {}
[29.222636] (-) TimerEvent: {}
[29.323424] (-) TimerEvent: {}
[29.424297] (-) TimerEvent: {}
[29.524974] (cspc_lidar) StdoutLine: {'line': b'[100%] \x1b[32m\x1b[1mLinking CXX executable cspc_lidar\x1b[0m\n'}
[29.525250] (-) TimerEvent: {}
[29.625622] (-) TimerEvent: {}
[29.726230] (-) TimerEvent: {}
[29.826786] (-) TimerEvent: {}
[29.927240] (-) TimerEvent: {}
[30.027896] (-) TimerEvent: {}
[30.128367] (-) TimerEvent: {}
[30.228765] (-) TimerEvent: {}
[30.329242] (-) TimerEvent: {}
[30.429630] (-) TimerEvent: {}
[30.530266] (-) TimerEvent: {}
[30.630798] (-) TimerEvent: {}
[30.731345] (-) TimerEvent: {}
[30.832444] (-) TimerEvent: {}
[30.933122] (-) TimerEvent: {}
[31.033768] (-) TimerEvent: {}
[31.134420] (-) TimerEvent: {}
[31.235123] (-) TimerEvent: {}
[31.335754] (-) TimerEvent: {}
[31.384119] (cspc_lidar) StdoutLine: {'line': b'[100%] Built target cspc_lidar\n'}
[31.421118] (cspc_lidar) CommandEnded: {'returncode': 0}
[31.424790] (cspc_lidar) JobProgress: {'identifier': 'cspc_lidar', 'progress': 'install'}
[31.435881] (-) TimerEvent: {}
[31.458418] (cspc_lidar) Command: {'cmd': ['/usr/bin/cmake', '--install', '/home/admin/workspace/host_udp_ws/build/cspc_lidar'], 'cwd': '/home/admin/workspace/host_udp_ws/build/cspc_lidar', 'env': OrderedDict([('PYTHON_BASIC_REPL', '1'), ('LESSOPEN', '| /usr/bin/lesspipe %s'), ('UMS_MOUNTPOINT', '/mnt/ums'), ('GST_V4L2_PREFERRED_FOURCC', 'NV12:YU12:NV16:YUY2'), ('LANGUAGE', 'en_US.UTF-8'), ('USER', 'admin'), ('SSH_CLIENT', '192.168.88.243 63795 22'), ('XDG_SESSION_TYPE', 'tty'), ('GIT_ASKPASS', '/home/admin/.vscode-server/cli/servers/Stable-6a49527b96e326fe62fbdb56f60e16877c9aa724/server/extensions/git/dist/askpass.sh'), ('SHLVL', '1'), ('USB_FUNCS', 'adb'), ('LD_LIBRARY_PATH', '/opt/ros/humble/opt/rviz_ogre_vendor/lib:/opt/ros/humble/lib/aarch64-linux-gnu:/opt/ros/humble/lib'), ('BROWSER', '/home/admin/.vscode-server/cli/servers/Stable-6a49527b96e326fe62fbdb56f60e16877c9aa724/server/bin/helpers/browser.sh'), ('MOTD_SHOWN', 'pam'), ('HOME', '/home/admin'), ('OLDPWD', '/home/admin/workspace'), ('TERM_PROGRAM_VERSION', '1.122.0'), ('VSCODE_IPC_HOOK_CLI', '/run/user/1000/vscode-ipc-56a0c44b-29c5-456f-a17e-0cc1c913a2bc.sock'), ('GST_INSPECT_NO_COLORS', '1'), ('GST_MPP_NO_RGA', '1'), ('ROS_PYTHON_VERSION', '3'), ('COGL_DRIVER', 'gles2'), ('VSCODE_GIT_ASKPASS_MAIN', '/home/admin/.vscode-server/cli/servers/Stable-6a49527b96e326fe62fbdb56f60e16877c9aa724/server/extensions/git/dist/askpass-main.js'), ('PS1', '\\[\x1b]633;A\x07\\]\\[\x1b]633;A\x07\\]\\[\\e]0;\\u@\\h: \\w\\a\\]${debian_chroot:+($debian_chroot)}\\[\\033[01;32m\\]\\u@\\h\\[\\033[00m\\]:\\[\\033[01;34m\\]\\w\\[\\033[00m\\]\\$ \\[\x1b]633;B\x07\\]\\[\x1b]633;B\x07\\]'), ('VSCODE_GIT_ASKPASS_NODE', '/home/admin/.vscode-server/cli/servers/Stable-6a49527b96e326fe62fbdb56f60e16877c9aa724/server/node'), ('PYDEVD_DISABLE_FILE_VALIDATION', '1'), ('BUNDLED_DEBUGPY_PATH', '/home/admin/.vscode-server/extensions/ms-python.debugpy-2026.6.0-linux-arm64/bundled/libs/debugpy'), ('VSCODE_PYTHON_AUTOACTIVATE_GUARD', '1'), ('DBUS_SESSION_BUS_ADDRESS', 'unix:path=/run/user/1000/bus'), ('COLORTERM', 'truecolor'), ('COLCON_PREFIX_PATH', '/home/admin/workspace/host_udp_ws/install'), ('GST_V4L2SRC_MAX_RESOLUTION', '3840x2160'), ('ROS_DISTRO', 'humble'), ('LOGNAME', 'admin'), ('_', '/usr/bin/colcon'), ('ROS_VERSION', '2'), ('XDG_SESSION_CLASS', 'user'), ('TERM', 'xterm-256color'), ('GST_GL_API', 'gles2'), ('XDG_SESSION_ID', '6'), ('GST_VIDEO_CONVERT_PREFERRED_FORMAT', 'NV12:NV16:I420:YUY2'), ('GST_V4L2SRC_RK_DEVICES', '_mainpath:_selfpath:_bypass:_scale'), ('ROS_LOCALHOST_ONLY', '1'), ('PATH', '/home/admin/.vscode-server/cli/servers/Stable-6a49527b96e326fe62fbdb56f60e16877c9aa724/server/bin/remote-cli:/home/admin/.local/bin:/opt/ros/humble/bin:/home/admin/.local/bin:/usr/local/sbin:/usr/local/bin:/usr/sbin:/usr/bin:/sbin:/bin:/usr/games:/usr/local/games:/snap/bin:/home/admin/.vscode-server/extensions/ms-python.debugpy-2026.6.0-linux-arm64/bundled/scripts/noConfigScripts'), ('XDG_RUNTIME_DIR', '/run/user/1000'), ('GST_GL_PLATFORM', 'egl'), ('GST_DEBUG_NO_COLOR', '1'), ('GST_V4L2SRC_DEFAULT_DEVICE', '/dev/video-camera0'), ('DISPLAY', ':0'), ('VSCODE_DEBUGPY_ADAPTER_ENDPOINTS', '/home/admin/.vscode-server/extensions/ms-python.debugpy-2026.6.0-linux-arm64/.noConfigDebugAdapterEndpoints/endpoint-c929ce49067852cf.txt'), ('LANG', 'en_US.UTF-8'), ('PYTHONSTARTUP', '/home/admin/.vscode-server/data/User/workspaceStorage/2a4873d7ff7a1bb6e3391ee746fb9efe/ms-python.python/pythonrc.py'), ('LS_COLORS', 'rs=0:di=01;34:ln=01;36:mh=00:pi=40;33:so=01;35:do=01;35:bd=40;33;01:cd=40;33;01:or=40;31;01:mi=00:su=37;41:sg=30;43:ca=30;41:tw=30;42:ow=34;42:st=37;44:ex=01;32:*.tar=01;31:*.tgz=01;31:*.arc=01;31:*.arj=01;31:*.taz=01;31:*.lha=01;31:*.lz4=01;31:*.lzh=01;31:*.lzma=01;31:*.tlz=01;31:*.txz=01;31:*.tzo=01;31:*.t7z=01;31:*.zip=01;31:*.z=01;31:*.dz=01;31:*.gz=01;31:*.lrz=01;31:*.lz=01;31:*.lzo=01;31:*.xz=01;31:*.zst=01;31:*.tzst=01;31:*.bz2=01;31:*.bz=01;31:*.tbz=01;31:*.tbz2=01;31:*.tz=01;31:*.deb=01;31:*.rpm=01;31:*.jar=01;31:*.war=01;31:*.ear=01;31:*.sar=01;31:*.rar=01;31:*.alz=01;31:*.ace=01;31:*.zoo=01;31:*.cpio=01;31:*.7z=01;31:*.rz=01;31:*.cab=01;31:*.wim=01;31:*.swm=01;31:*.dwm=01;31:*.esd=01;31:*.jpg=01;35:*.jpeg=01;35:*.mjpg=01;35:*.mjpeg=01;35:*.gif=01;35:*.bmp=01;35:*.pbm=01;35:*.pgm=01;35:*.ppm=01;35:*.tga=01;35:*.xbm=01;35:*.xpm=01;35:*.tif=01;35:*.tiff=01;35:*.png=01;35:*.svg=01;35:*.svgz=01;35:*.mng=01;35:*.pcx=01;35:*.mov=01;35:*.mpg=01;35:*.mpeg=01;35:*.m2v=01;35:*.mkv=01;35:*.webm=01;35:*.webp=01;35:*.ogm=01;35:*.mp4=01;35:*.m4v=01;35:*.mp4v=01;35:*.vob=01;35:*.qt=01;35:*.nuv=01;35:*.wmv=01;35:*.asf=01;35:*.rm=01;35:*.rmvb=01;35:*.flc=01;35:*.avi=01;35:*.fli=01;35:*.flv=01;35:*.gl=01;35:*.dl=01;35:*.xcf=01;35:*.xwd=01;35:*.yuv=01;35:*.cgm=01;35:*.emf=01;35:*.ogv=01;35:*.ogx=01;35:*.aac=00;36:*.au=00;36:*.flac=00;36:*.m4a=00;36:*.mid=00;36:*.midi=00;36:*.mka=00;36:*.mp3=00;36:*.mpc=00;36:*.ogg=00;36:*.ra=00;36:*.wav=00;36:*.oga=00;36:*.opus=00;36:*.spx=00;36:*.xspf=00;36:'), ('VSCODE_GIT_IPC_HANDLE', '/run/user/1000/vscode-git-de57f957e7.sock'), ('TERM_PROGRAM', 'vscode'), ('GST_V4L2_USE_LIBV4L2', '1'), ('UMS_SIZE', '256M'), ('AMENT_PREFIX_PATH', '/home/admin/workspace/host_udp_ws/install/dog_udp_comm:/home/admin/workspace/host_udp_ws/install/cspc_lidar:/opt/ros/humble'), ('LC_MESSAGES', 'en_US.UTF-8'), ('SHELL', '/bin/bash'), ('UMS_RO', '0'), ('LESSCLOSE', '/usr/bin/lesspipe %s %s'), ('UMS_FSTYPE', 'vfat'), ('VSCODE_GIT_ASKPASS_EXTRA_ARGS', ''), ('PWD', '/home/admin/workspace/host_udp_ws/build/cspc_lidar'), ('LC_ALL', 'en_US.UTF-8'), ('SSH_CONNECTION', '192.168.88.243 63795 192.168.88.181 22'), ('PYTHONPATH', '/opt/ros/humble/lib/python3.10/site-packages:/opt/ros/humble/local/lib/python3.10/dist-packages'), ('UMS_MOUNT', '0'), ('COLCON', '1'), ('CMAKE_PREFIX_PATH', '/home/admin/workspace/host_udp_ws/install/dog_udp_comm:/home/admin/workspace/host_udp_ws/install/cspc_lidar:/opt/ros/humble'), ('UMS_FILE', '/userdata/ums_shared.img')]), 'shell': False}
[31.490730] (cspc_lidar) StdoutLine: {'line': b'-- Install configuration: ""\n'}
[31.491167] (cspc_lidar) StdoutLine: {'line': b'-- Installing: /home/admin/workspace/host_udp_ws/install/cspc_lidar/lib/cspc_lidar/cspc_lidar\n'}
[31.501042] (cspc_lidar) StdoutLine: {'line': b'-- Set runtime path of "/home/admin/workspace/host_udp_ws/install/cspc_lidar/lib/cspc_lidar/cspc_lidar" to ""\n'}
[31.501419] (cspc_lidar) StdoutLine: {'line': b'-- Installing: /home/admin/workspace/host_udp_ws/install/cspc_lidar/lib/cspc_lidar/front_distance_tester.py\n'}
[31.501545] (cspc_lidar) StdoutLine: {'line': b'-- Installing: /home/admin/workspace/host_udp_ws/install/cspc_lidar/share/cspc_lidar/launch\n'}
[31.501745] (cspc_lidar) StdoutLine: {'line': b'-- Installing: /home/admin/workspace/host_udp_ws/install/cspc_lidar/share/cspc_lidar/launch/lidar_launch.py\n'}
[31.501928] (cspc_lidar) StdoutLine: {'line': b'-- Installing: /home/admin/workspace/host_udp_ws/install/cspc_lidar/share/cspc_lidar/launch/lidar_rviz.py\n'}
[31.502393] (cspc_lidar) StdoutLine: {'line': b'-- Installing: /home/admin/workspace/host_udp_ws/install/cspc_lidar/share/cspc_lidar/params\n'}
[31.502476] (cspc_lidar) StdoutLine: {'line': b'-- Installing: /home/admin/workspace/host_udp_ws/install/cspc_lidar/share/cspc_lidar/params/cspc_lidar.yaml\n'}
[31.502561] (cspc_lidar) StdoutLine: {'line': b'-- Installing: /home/admin/workspace/host_udp_ws/install/cspc_lidar/share/ament_index/resource_index/package_run_dependencies/cspc_lidar\n'}
[31.503108] (cspc_lidar) StdoutLine: {'line': b'-- Installing: /home/admin/workspace/host_udp_ws/install/cspc_lidar/share/ament_index/resource_index/parent_prefix_path/cspc_lidar\n'}
[31.503302] (cspc_lidar) StdoutLine: {'line': b'-- Installing: /home/admin/workspace/host_udp_ws/install/cspc_lidar/share/cspc_lidar/environment/ament_prefix_path.sh\n'}
[31.503464] (cspc_lidar) StdoutLine: {'line': b'-- Installing: /home/admin/workspace/host_udp_ws/install/cspc_lidar/share/cspc_lidar/environment/ament_prefix_path.dsv\n'}
[31.503563] (cspc_lidar) StdoutLine: {'line': b'-- Installing: /home/admin/workspace/host_udp_ws/install/cspc_lidar/share/cspc_lidar/environment/path.sh\n'}
[31.503663] (cspc_lidar) StdoutLine: {'line': b'-- Installing: /home/admin/workspace/host_udp_ws/install/cspc_lidar/share/cspc_lidar/environment/path.dsv\n'}
[31.503766] (cspc_lidar) StdoutLine: {'line': b'-- Installing: /home/admin/workspace/host_udp_ws/install/cspc_lidar/share/cspc_lidar/local_setup.bash\n'}
[31.504652] (cspc_lidar) StdoutLine: {'line': b'-- Installing: /home/admin/workspace/host_udp_ws/install/cspc_lidar/share/cspc_lidar/local_setup.sh\n'}
[31.505160] (cspc_lidar) StdoutLine: {'line': b'-- Installing: /home/admin/workspace/host_udp_ws/install/cspc_lidar/share/cspc_lidar/local_setup.zsh\n'}
[31.505255] (cspc_lidar) StdoutLine: {'line': b'-- Installing: /home/admin/workspace/host_udp_ws/install/cspc_lidar/share/cspc_lidar/local_setup.dsv\n'}
[31.505339] (cspc_lidar) StdoutLine: {'line': b'-- Installing: /home/admin/workspace/host_udp_ws/install/cspc_lidar/share/cspc_lidar/package.dsv\n'}
[31.505426] (cspc_lidar) StdoutLine: {'line': b'-- Installing: /home/admin/workspace/host_udp_ws/install/cspc_lidar/share/ament_index/resource_index/packages/cspc_lidar\n'}
[31.505518] (cspc_lidar) StdoutLine: {'line': b'-- Installing: /home/admin/workspace/host_udp_ws/install/cspc_lidar/share/cspc_lidar/cmake/cspc_lidarConfig.cmake\n'}
[31.505604] (cspc_lidar) StdoutLine: {'line': b'-- Installing: /home/admin/workspace/host_udp_ws/install/cspc_lidar/share/cspc_lidar/cmake/cspc_lidarConfig-version.cmake\n'}
[31.506161] (cspc_lidar) StdoutLine: {'line': b'-- Installing: /home/admin/workspace/host_udp_ws/install/cspc_lidar/share/cspc_lidar/package.xml\n'}
[31.509031] (cspc_lidar) CommandEnded: {'returncode': 0}
[31.537277] (-) TimerEvent: {}
[31.552261] (cspc_lidar) JobEnded: {'identifier': 'cspc_lidar', 'rc': 0}
[31.555770] (dog_udp_comm) JobStarted: {'identifier': 'dog_udp_comm'}
[31.569056] (dog_udp_comm) JobProgress: {'identifier': 'dog_udp_comm', 'progress': 'cmake'}
[31.570906] (dog_udp_comm) Command: {'cmd': ['/usr/bin/cmake', '/home/admin/workspace/host_udp_ws/src/dog_udp_comm', '-DCMAKE_INSTALL_PREFIX=/home/admin/workspace/host_udp_ws/install/dog_udp_comm'], 'cwd': '/home/admin/workspace/host_udp_ws/build/dog_udp_comm', 'env': OrderedDict([('PYTHON_BASIC_REPL', '1'), ('LESSOPEN', '| /usr/bin/lesspipe %s'), ('UMS_MOUNTPOINT', '/mnt/ums'), ('GST_V4L2_PREFERRED_FOURCC', 'NV12:YU12:NV16:YUY2'), ('LANGUAGE', 'en_US.UTF-8'), ('USER', 'admin'), ('SSH_CLIENT', '192.168.88.243 63795 22'), ('XDG_SESSION_TYPE', 'tty'), ('GIT_ASKPASS', '/home/admin/.vscode-server/cli/servers/Stable-6a49527b96e326fe62fbdb56f60e16877c9aa724/server/extensions/git/dist/askpass.sh'), ('SHLVL', '1'), ('USB_FUNCS', 'adb'), ('LD_LIBRARY_PATH', '/opt/ros/humble/opt/rviz_ogre_vendor/lib:/opt/ros/humble/lib/aarch64-linux-gnu:/opt/ros/humble/lib'), ('BROWSER', '/home/admin/.vscode-server/cli/servers/Stable-6a49527b96e326fe62fbdb56f60e16877c9aa724/server/bin/helpers/browser.sh'), ('MOTD_SHOWN', 'pam'), ('HOME', '/home/admin'), ('OLDPWD', '/home/admin/workspace'), ('TERM_PROGRAM_VERSION', '1.122.0'), ('VSCODE_IPC_HOOK_CLI', '/run/user/1000/vscode-ipc-56a0c44b-29c5-456f-a17e-0cc1c913a2bc.sock'), ('GST_INSPECT_NO_COLORS', '1'), ('GST_MPP_NO_RGA', '1'), ('ROS_PYTHON_VERSION', '3'), ('COGL_DRIVER', 'gles2'), ('VSCODE_GIT_ASKPASS_MAIN', '/home/admin/.vscode-server/cli/servers/Stable-6a49527b96e326fe62fbdb56f60e16877c9aa724/server/extensions/git/dist/askpass-main.js'), ('PS1', '\\[\x1b]633;A\x07\\]\\[\x1b]633;A\x07\\]\\[\\e]0;\\u@\\h: \\w\\a\\]${debian_chroot:+($debian_chroot)}\\[\\033[01;32m\\]\\u@\\h\\[\\033[00m\\]:\\[\\033[01;34m\\]\\w\\[\\033[00m\\]\\$ \\[\x1b]633;B\x07\\]\\[\x1b]633;B\x07\\]'), ('VSCODE_GIT_ASKPASS_NODE', '/home/admin/.vscode-server/cli/servers/Stable-6a49527b96e326fe62fbdb56f60e16877c9aa724/server/node'), ('PYDEVD_DISABLE_FILE_VALIDATION', '1'), ('BUNDLED_DEBUGPY_PATH', '/home/admin/.vscode-server/extensions/ms-python.debugpy-2026.6.0-linux-arm64/bundled/libs/debugpy'), ('VSCODE_PYTHON_AUTOACTIVATE_GUARD', '1'), ('DBUS_SESSION_BUS_ADDRESS', 'unix:path=/run/user/1000/bus'), ('COLORTERM', 'truecolor'), ('COLCON_PREFIX_PATH', '/home/admin/workspace/host_udp_ws/install'), ('GST_V4L2SRC_MAX_RESOLUTION', '3840x2160'), ('ROS_DISTRO', 'humble'), ('LOGNAME', 'admin'), ('_', '/usr/bin/colcon'), ('ROS_VERSION', '2'), ('XDG_SESSION_CLASS', 'user'), ('TERM', 'xterm-256color'), ('GST_GL_API', 'gles2'), ('XDG_SESSION_ID', '6'), ('GST_VIDEO_CONVERT_PREFERRED_FORMAT', 'NV12:NV16:I420:YUY2'), ('GST_V4L2SRC_RK_DEVICES', '_mainpath:_selfpath:_bypass:_scale'), ('ROS_LOCALHOST_ONLY', '1'), ('PATH', '/home/admin/.vscode-server/cli/servers/Stable-6a49527b96e326fe62fbdb56f60e16877c9aa724/server/bin/remote-cli:/home/admin/.local/bin:/opt/ros/humble/bin:/home/admin/.local/bin:/usr/local/sbin:/usr/local/bin:/usr/sbin:/usr/bin:/sbin:/bin:/usr/games:/usr/local/games:/snap/bin:/home/admin/.vscode-server/extensions/ms-python.debugpy-2026.6.0-linux-arm64/bundled/scripts/noConfigScripts'), ('XDG_RUNTIME_DIR', '/run/user/1000'), ('GST_GL_PLATFORM', 'egl'), ('GST_DEBUG_NO_COLOR', '1'), ('GST_V4L2SRC_DEFAULT_DEVICE', '/dev/video-camera0'), ('DISPLAY', ':0'), ('VSCODE_DEBUGPY_ADAPTER_ENDPOINTS', '/home/admin/.vscode-server/extensions/ms-python.debugpy-2026.6.0-linux-arm64/.noConfigDebugAdapterEndpoints/endpoint-c929ce49067852cf.txt'), ('LANG', 'en_US.UTF-8'), ('PYTHONSTARTUP', '/home/admin/.vscode-server/data/User/workspaceStorage/2a4873d7ff7a1bb6e3391ee746fb9efe/ms-python.python/pythonrc.py'), ('LS_COLORS', 'rs=0:di=01;34:ln=01;36:mh=00:pi=40;33:so=01;35:do=01;35:bd=40;33;01:cd=40;33;01:or=40;31;01:mi=00:su=37;41:sg=30;43:ca=30;41:tw=30;42:ow=34;42:st=37;44:ex=01;32:*.tar=01;31:*.tgz=01;31:*.arc=01;31:*.arj=01;31:*.taz=01;31:*.lha=01;31:*.lz4=01;31:*.lzh=01;31:*.lzma=01;31:*.tlz=01;31:*.txz=01;31:*.tzo=01;31:*.t7z=01;31:*.zip=01;31:*.z=01;31:*.dz=01;31:*.gz=01;31:*.lrz=01;31:*.lz=01;31:*.lzo=01;31:*.xz=01;31:*.zst=01;31:*.tzst=01;31:*.bz2=01;31:*.bz=01;31:*.tbz=01;31:*.tbz2=01;31:*.tz=01;31:*.deb=01;31:*.rpm=01;31:*.jar=01;31:*.war=01;31:*.ear=01;31:*.sar=01;31:*.rar=01;31:*.alz=01;31:*.ace=01;31:*.zoo=01;31:*.cpio=01;31:*.7z=01;31:*.rz=01;31:*.cab=01;31:*.wim=01;31:*.swm=01;31:*.dwm=01;31:*.esd=01;31:*.jpg=01;35:*.jpeg=01;35:*.mjpg=01;35:*.mjpeg=01;35:*.gif=01;35:*.bmp=01;35:*.pbm=01;35:*.pgm=01;35:*.ppm=01;35:*.tga=01;35:*.xbm=01;35:*.xpm=01;35:*.tif=01;35:*.tiff=01;35:*.png=01;35:*.svg=01;35:*.svgz=01;35:*.mng=01;35:*.pcx=01;35:*.mov=01;35:*.mpg=01;35:*.mpeg=01;35:*.m2v=01;35:*.mkv=01;35:*.webm=01;35:*.webp=01;35:*.ogm=01;35:*.mp4=01;35:*.m4v=01;35:*.mp4v=01;35:*.vob=01;35:*.qt=01;35:*.nuv=01;35:*.wmv=01;35:*.asf=01;35:*.rm=01;35:*.rmvb=01;35:*.flc=01;35:*.avi=01;35:*.fli=01;35:*.flv=01;35:*.gl=01;35:*.dl=01;35:*.xcf=01;35:*.xwd=01;35:*.yuv=01;35:*.cgm=01;35:*.emf=01;35:*.ogv=01;35:*.ogx=01;35:*.aac=00;36:*.au=00;36:*.flac=00;36:*.m4a=00;36:*.mid=00;36:*.midi=00;36:*.mka=00;36:*.mp3=00;36:*.mpc=00;36:*.ogg=00;36:*.ra=00;36:*.wav=00;36:*.oga=00;36:*.opus=00;36:*.spx=00;36:*.xspf=00;36:'), ('VSCODE_GIT_IPC_HANDLE', '/run/user/1000/vscode-git-de57f957e7.sock'), ('TERM_PROGRAM', 'vscode'), ('GST_V4L2_USE_LIBV4L2', '1'), ('UMS_SIZE', '256M'), ('AMENT_PREFIX_PATH', '/home/admin/workspace/host_udp_ws/install/dog_udp_comm:/home/admin/workspace/host_udp_ws/install/cspc_lidar:/opt/ros/humble'), ('LC_MESSAGES', 'en_US.UTF-8'), ('SHELL', '/bin/bash'), ('UMS_RO', '0'), ('LESSCLOSE', '/usr/bin/lesspipe %s %s'), ('UMS_FSTYPE', 'vfat'), ('VSCODE_GIT_ASKPASS_EXTRA_ARGS', ''), ('PWD', '/home/admin/workspace/host_udp_ws/build/dog_udp_comm'), ('LC_ALL', 'en_US.UTF-8'), ('SSH_CONNECTION', '192.168.88.243 63795 192.168.88.181 22'), ('PYTHONPATH', '/opt/ros/humble/lib/python3.10/site-packages:/opt/ros/humble/local/lib/python3.10/dist-packages'), ('UMS_MOUNT', '0'), ('COLCON', '1'), ('CMAKE_PREFIX_PATH', '/home/admin/workspace/host_udp_ws/install/cspc_lidar:/home/admin/workspace/host_udp_ws/install/dog_udp_comm:/opt/ros/humble'), ('UMS_FILE', '/userdata/ums_shared.img')]), 'shell': False}
[31.637502] (-) TimerEvent: {}
[31.738298] (-) TimerEvent: {}
[31.747396] (dog_udp_comm) StdoutLine: {'line': b'-- The C compiler identification is GNU 11.4.0\n'}
[31.838479] (-) TimerEvent: {}
[31.870782] (dog_udp_comm) StdoutLine: {'line': b'-- The CXX compiler identification is GNU 11.4.0\n'}
[31.895701] (dog_udp_comm) StdoutLine: {'line': b'-- Detecting C compiler ABI info\n'}
[31.938647] (-) TimerEvent: {}
[32.039268] (-) TimerEvent: {}
[32.127028] (dog_udp_comm) StdoutLine: {'line': b'-- Detecting C compiler ABI info - done\n'}
[32.139430] (-) TimerEvent: {}
[32.164996] (dog_udp_comm) StdoutLine: {'line': b'-- Check for working C compiler: /usr/bin/cc - skipped\n'}
[32.165858] (dog_udp_comm) StdoutLine: {'line': b'-- Detecting C compile features\n'}
[32.167457] (dog_udp_comm) StdoutLine: {'line': b'-- Detecting C compile features - done\n'}
[32.176432] (dog_udp_comm) StdoutLine: {'line': b'-- Detecting CXX compiler ABI info\n'}
[32.239535] (-) TimerEvent: {}
[32.339920] (-) TimerEvent: {}
[32.426582] (dog_udp_comm) StdoutLine: {'line': b'-- Detecting CXX compiler ABI info - done\n'}
[32.440059] (-) TimerEvent: {}
[32.473367] (dog_udp_comm) StdoutLine: {'line': b'-- Check for working CXX compiler: /usr/bin/c++ - skipped\n'}
[32.474774] (dog_udp_comm) StdoutLine: {'line': b'-- Detecting CXX compile features\n'}
[32.476556] (dog_udp_comm) StdoutLine: {'line': b'-- Detecting CXX compile features - done\n'}
[32.484171] (dog_udp_comm) StdoutLine: {'line': b'-- Found ament_cmake: 1.3.14 (/opt/ros/humble/share/ament_cmake/cmake)\n'}
[32.540476] (-) TimerEvent: {}
[32.641999] (-) TimerEvent: {}
[32.742882] (-) TimerEvent: {}
[32.843680] (-) TimerEvent: {}
[32.847315] (dog_udp_comm) StdoutLine: {'line': b'-- Found Python3: /usr/bin/python3 (found version "3.10.12") found components: Interpreter \n'}
[32.944004] (-) TimerEvent: {}
[33.045246] (-) TimerEvent: {}
[33.053736] (dog_udp_comm) StdoutLine: {'line': b'-- Found rclcpp: 16.0.19 (/opt/ros/humble/share/rclcpp/cmake)\n'}
[33.110247] (dog_udp_comm) StdoutLine: {'line': b'-- Found rosidl_generator_c: 3.1.8 (/opt/ros/humble/share/rosidl_generator_c/cmake)\n'}
[33.116707] (dog_udp_comm) StdoutLine: {'line': b'-- Found rosidl_adapter: 3.1.8 (/opt/ros/humble/share/rosidl_adapter/cmake)\n'}
[33.127560] (dog_udp_comm) StdoutLine: {'line': b'-- Found rosidl_generator_cpp: 3.1.8 (/opt/ros/humble/share/rosidl_generator_cpp/cmake)\n'}
[33.144439] (dog_udp_comm) StdoutLine: {'line': b'-- Using all available rosidl_typesupport_c: rosidl_typesupport_fastrtps_c;rosidl_typesupport_introspection_c\n'}
[33.145333] (-) TimerEvent: {}
[33.165124] (dog_udp_comm) StdoutLine: {'line': b'-- Using all available rosidl_typesupport_cpp: rosidl_typesupport_fastrtps_cpp;rosidl_typesupport_introspection_cpp\n'}
[33.227819] (dog_udp_comm) StdoutLine: {'line': b'-- Found rmw_implementation_cmake: 6.1.2 (/opt/ros/humble/share/rmw_implementation_cmake/cmake)\n'}
[33.230872] (dog_udp_comm) StdoutLine: {'line': b'-- Found rmw_fastrtps_cpp: 6.2.10 (/opt/ros/humble/share/rmw_fastrtps_cpp/cmake)\n'}
[33.245679] (-) TimerEvent: {}
[33.346941] (-) TimerEvent: {}
[33.447893] (-) TimerEvent: {}
[33.451466] (dog_udp_comm) StdoutLine: {'line': b'-- Found OpenSSL: /usr/lib/aarch64-linux-gnu/libcrypto.so (found version "3.0.2")  \n'}
[33.509223] (dog_udp_comm) StdoutLine: {'line': b'-- Found FastRTPS: /opt/ros/humble/include  \n'}
[33.548102] (-) TimerEvent: {}
[33.581802] (dog_udp_comm) StdoutLine: {'line': b"-- Using RMW implementation 'rmw_fastrtps_cpp' as default\n"}
[33.593880] (dog_udp_comm) StdoutLine: {'line': b'-- Looking for pthread.h\n'}
[33.648487] (-) TimerEvent: {}
[33.750004] (-) TimerEvent: {}
[33.821568] (dog_udp_comm) StdoutLine: {'line': b'-- Looking for pthread.h - found\n'}
[33.822319] (dog_udp_comm) StdoutLine: {'line': b'-- Performing Test CMAKE_HAVE_LIBC_PTHREAD\n'}
[33.850695] (-) TimerEvent: {}
[33.952093] (-) TimerEvent: {}
[34.052604] (-) TimerEvent: {}
[34.060578] (dog_udp_comm) StdoutLine: {'line': b'-- Performing Test CMAKE_HAVE_LIBC_PTHREAD - Success\n'}
[34.062469] (dog_udp_comm) StdoutLine: {'line': b'-- Found Threads: TRUE  \n'}
[34.145724] (dog_udp_comm) StdoutLine: {'line': b'-- Found rclpy: 3.3.21 (/opt/ros/humble/share/rclpy/cmake)\n'}
[34.147388] (dog_udp_comm) StdoutLine: {'line': b'-- Found geometry_msgs: 4.9.1 (/opt/ros/humble/share/geometry_msgs/cmake)\n'}
[34.152689] (-) TimerEvent: {}
[34.168151] (dog_udp_comm) StdoutLine: {'line': b'-- Found sensor_msgs: 4.9.1 (/opt/ros/humble/share/sensor_msgs/cmake)\n'}
[34.194737] (dog_udp_comm) StdoutLine: {'line': b'-- Found std_srvs: 4.9.1 (/opt/ros/humble/share/std_srvs/cmake)\n'}
[34.252796] (-) TimerEvent: {}
[34.328373] (dog_udp_comm) StdoutLine: {'line': b'-- Configuring done\n'}
[34.348143] (dog_udp_comm) StdoutLine: {'line': b'-- Generating done\n'}
[34.352915] (-) TimerEvent: {}
[34.354062] (dog_udp_comm) StdoutLine: {'line': b'-- Build files have been written to: /home/admin/workspace/host_udp_ws/build/dog_udp_comm\n'}
[34.374636] (dog_udp_comm) CommandEnded: {'returncode': 0}
[34.376690] (dog_udp_comm) JobProgress: {'identifier': 'dog_udp_comm', 'progress': 'build'}
[34.378602] (dog_udp_comm) Command: {'cmd': ['/usr/bin/cmake', '--build', '/home/admin/workspace/host_udp_ws/build/dog_udp_comm', '--', '-j8', '-l8'], 'cwd': '/home/admin/workspace/host_udp_ws/build/dog_udp_comm', 'env': OrderedDict([('PYTHON_BASIC_REPL', '1'), ('LESSOPEN', '| /usr/bin/lesspipe %s'), ('UMS_MOUNTPOINT', '/mnt/ums'), ('GST_V4L2_PREFERRED_FOURCC', 'NV12:YU12:NV16:YUY2'), ('LANGUAGE', 'en_US.UTF-8'), ('USER', 'admin'), ('SSH_CLIENT', '192.168.88.243 63795 22'), ('XDG_SESSION_TYPE', 'tty'), ('GIT_ASKPASS', '/home/admin/.vscode-server/cli/servers/Stable-6a49527b96e326fe62fbdb56f60e16877c9aa724/server/extensions/git/dist/askpass.sh'), ('SHLVL', '1'), ('USB_FUNCS', 'adb'), ('LD_LIBRARY_PATH', '/opt/ros/humble/opt/rviz_ogre_vendor/lib:/opt/ros/humble/lib/aarch64-linux-gnu:/opt/ros/humble/lib'), ('BROWSER', '/home/admin/.vscode-server/cli/servers/Stable-6a49527b96e326fe62fbdb56f60e16877c9aa724/server/bin/helpers/browser.sh'), ('MOTD_SHOWN', 'pam'), ('HOME', '/home/admin'), ('OLDPWD', '/home/admin/workspace'), ('TERM_PROGRAM_VERSION', '1.122.0'), ('VSCODE_IPC_HOOK_CLI', '/run/user/1000/vscode-ipc-56a0c44b-29c5-456f-a17e-0cc1c913a2bc.sock'), ('GST_INSPECT_NO_COLORS', '1'), ('GST_MPP_NO_RGA', '1'), ('ROS_PYTHON_VERSION', '3'), ('COGL_DRIVER', 'gles2'), ('VSCODE_GIT_ASKPASS_MAIN', '/home/admin/.vscode-server/cli/servers/Stable-6a49527b96e326fe62fbdb56f60e16877c9aa724/server/extensions/git/dist/askpass-main.js'), ('PS1', '\\[\x1b]633;A\x07\\]\\[\x1b]633;A\x07\\]\\[\\e]0;\\u@\\h: \\w\\a\\]${debian_chroot:+($debian_chroot)}\\[\\033[01;32m\\]\\u@\\h\\[\\033[00m\\]:\\[\\033[01;34m\\]\\w\\[\\033[00m\\]\\$ \\[\x1b]633;B\x07\\]\\[\x1b]633;B\x07\\]'), ('VSCODE_GIT_ASKPASS_NODE', '/home/admin/.vscode-server/cli/servers/Stable-6a49527b96e326fe62fbdb56f60e16877c9aa724/server/node'), ('PYDEVD_DISABLE_FILE_VALIDATION', '1'), ('BUNDLED_DEBUGPY_PATH', '/home/admin/.vscode-server/extensions/ms-python.debugpy-2026.6.0-linux-arm64/bundled/libs/debugpy'), ('VSCODE_PYTHON_AUTOACTIVATE_GUARD', '1'), ('DBUS_SESSION_BUS_ADDRESS', 'unix:path=/run/user/1000/bus'), ('COLORTERM', 'truecolor'), ('COLCON_PREFIX_PATH', '/home/admin/workspace/host_udp_ws/install'), ('GST_V4L2SRC_MAX_RESOLUTION', '3840x2160'), ('ROS_DISTRO', 'humble'), ('LOGNAME', 'admin'), ('_', '/usr/bin/colcon'), ('ROS_VERSION', '2'), ('XDG_SESSION_CLASS', 'user'), ('TERM', 'xterm-256color'), ('GST_GL_API', 'gles2'), ('XDG_SESSION_ID', '6'), ('GST_VIDEO_CONVERT_PREFERRED_FORMAT', 'NV12:NV16:I420:YUY2'), ('GST_V4L2SRC_RK_DEVICES', '_mainpath:_selfpath:_bypass:_scale'), ('ROS_LOCALHOST_ONLY', '1'), ('PATH', '/home/admin/.vscode-server/cli/servers/Stable-6a49527b96e326fe62fbdb56f60e16877c9aa724/server/bin/remote-cli:/home/admin/.local/bin:/opt/ros/humble/bin:/home/admin/.local/bin:/usr/local/sbin:/usr/local/bin:/usr/sbin:/usr/bin:/sbin:/bin:/usr/games:/usr/local/games:/snap/bin:/home/admin/.vscode-server/extensions/ms-python.debugpy-2026.6.0-linux-arm64/bundled/scripts/noConfigScripts'), ('XDG_RUNTIME_DIR', '/run/user/1000'), ('GST_GL_PLATFORM', 'egl'), ('GST_DEBUG_NO_COLOR', '1'), ('GST_V4L2SRC_DEFAULT_DEVICE', '/dev/video-camera0'), ('DISPLAY', ':0'), ('VSCODE_DEBUGPY_ADAPTER_ENDPOINTS', '/home/admin/.vscode-server/extensions/ms-python.debugpy-2026.6.0-linux-arm64/.noConfigDebugAdapterEndpoints/endpoint-c929ce49067852cf.txt'), ('LANG', 'en_US.UTF-8'), ('PYTHONSTARTUP', '/home/admin/.vscode-server/data/User/workspaceStorage/2a4873d7ff7a1bb6e3391ee746fb9efe/ms-python.python/pythonrc.py'), ('LS_COLORS', 'rs=0:di=01;34:ln=01;36:mh=00:pi=40;33:so=01;35:do=01;35:bd=40;33;01:cd=40;33;01:or=40;31;01:mi=00:su=37;41:sg=30;43:ca=30;41:tw=30;42:ow=34;42:st=37;44:ex=01;32:*.tar=01;31:*.tgz=01;31:*.arc=01;31:*.arj=01;31:*.taz=01;31:*.lha=01;31:*.lz4=01;31:*.lzh=01;31:*.lzma=01;31:*.tlz=01;31:*.txz=01;31:*.tzo=01;31:*.t7z=01;31:*.zip=01;31:*.z=01;31:*.dz=01;31:*.gz=01;31:*.lrz=01;31:*.lz=01;31:*.lzo=01;31:*.xz=01;31:*.zst=01;31:*.tzst=01;31:*.bz2=01;31:*.bz=01;31:*.tbz=01;31:*.tbz2=01;31:*.tz=01;31:*.deb=01;31:*.rpm=01;31:*.jar=01;31:*.war=01;31:*.ear=01;31:*.sar=01;31:*.rar=01;31:*.alz=01;31:*.ace=01;31:*.zoo=01;31:*.cpio=01;31:*.7z=01;31:*.rz=01;31:*.cab=01;31:*.wim=01;31:*.swm=01;31:*.dwm=01;31:*.esd=01;31:*.jpg=01;35:*.jpeg=01;35:*.mjpg=01;35:*.mjpeg=01;35:*.gif=01;35:*.bmp=01;35:*.pbm=01;35:*.pgm=01;35:*.ppm=01;35:*.tga=01;35:*.xbm=01;35:*.xpm=01;35:*.tif=01;35:*.tiff=01;35:*.png=01;35:*.svg=01;35:*.svgz=01;35:*.mng=01;35:*.pcx=01;35:*.mov=01;35:*.mpg=01;35:*.mpeg=01;35:*.m2v=01;35:*.mkv=01;35:*.webm=01;35:*.webp=01;35:*.ogm=01;35:*.mp4=01;35:*.m4v=01;35:*.mp4v=01;35:*.vob=01;35:*.qt=01;35:*.nuv=01;35:*.wmv=01;35:*.asf=01;35:*.rm=01;35:*.rmvb=01;35:*.flc=01;35:*.avi=01;35:*.fli=01;35:*.flv=01;35:*.gl=01;35:*.dl=01;35:*.xcf=01;35:*.xwd=01;35:*.yuv=01;35:*.cgm=01;35:*.emf=01;35:*.ogv=01;35:*.ogx=01;35:*.aac=00;36:*.au=00;36:*.flac=00;36:*.m4a=00;36:*.mid=00;36:*.midi=00;36:*.mka=00;36:*.mp3=00;36:*.mpc=00;36:*.ogg=00;36:*.ra=00;36:*.wav=00;36:*.oga=00;36:*.opus=00;36:*.spx=00;36:*.xspf=00;36:'), ('VSCODE_GIT_IPC_HANDLE', '/run/user/1000/vscode-git-de57f957e7.sock'), ('TERM_PROGRAM', 'vscode'), ('GST_V4L2_USE_LIBV4L2', '1'), ('UMS_SIZE', '256M'), ('AMENT_PREFIX_PATH', '/home/admin/workspace/host_udp_ws/install/dog_udp_comm:/home/admin/workspace/host_udp_ws/install/cspc_lidar:/opt/ros/humble'), ('LC_MESSAGES', 'en_US.UTF-8'), ('SHELL', '/bin/bash'), ('UMS_RO', '0'), ('LESSCLOSE', '/usr/bin/lesspipe %s %s'), ('UMS_FSTYPE', 'vfat'), ('VSCODE_GIT_ASKPASS_EXTRA_ARGS', ''), ('PWD', '/home/admin/workspace/host_udp_ws/build/dog_udp_comm'), ('LC_ALL', 'en_US.UTF-8'), ('SSH_CONNECTION', '192.168.88.243 63795 192.168.88.181 22'), ('PYTHONPATH', '/opt/ros/humble/lib/python3.10/site-packages:/opt/ros/humble/local/lib/python3.10/dist-packages'), ('UMS_MOUNT', '0'), ('COLCON', '1'), ('CMAKE_PREFIX_PATH', '/home/admin/workspace/host_udp_ws/install/cspc_lidar:/home/admin/workspace/host_udp_ws/install/dog_udp_comm:/opt/ros/humble'), ('UMS_FILE', '/userdata/ums_shared.img')]), 'shell': False}
[34.453307] (-) TimerEvent: {}
[34.549016] (dog_udp_comm) StdoutLine: {'line': b'[ 50%] \x1b[32mBuilding CXX object CMakeFiles/sender_node.dir/src/sender_node.cpp.o\x1b[0m\n'}
[34.553412] (-) TimerEvent: {}
[34.653989] (-) TimerEvent: {}
[34.754614] (-) TimerEvent: {}
[34.855288] (-) TimerEvent: {}
[34.956146] (-) TimerEvent: {}
[35.057268] (-) TimerEvent: {}
[35.158444] (-) TimerEvent: {}
[35.258823] (-) TimerEvent: {}
[35.359317] (-) TimerEvent: {}
[35.460051] (-) TimerEvent: {}
[35.561183] (-) TimerEvent: {}
[35.662059] (-) TimerEvent: {}
[35.762920] (-) TimerEvent: {}
[35.863679] (-) TimerEvent: {}
[35.964535] (-) TimerEvent: {}
[36.065282] (-) TimerEvent: {}
[36.166147] (-) TimerEvent: {}
[36.266798] (-) TimerEvent: {}
[36.367454] (-) TimerEvent: {}
[36.468170] (-) TimerEvent: {}
[36.568798] (-) TimerEvent: {}
[36.669252] (-) TimerEvent: {}
[36.769606] (-) TimerEvent: {}
[36.870079] (-) TimerEvent: {}
[36.970855] (-) TimerEvent: {}
[37.072033] (-) TimerEvent: {}
[37.172950] (-) TimerEvent: {}
[37.273690] (-) TimerEvent: {}
[37.374492] (-) TimerEvent: {}
[37.475452] (-) TimerEvent: {}
[37.576578] (-) TimerEvent: {}
[37.677517] (-) TimerEvent: {}
[37.778274] (-) TimerEvent: {}
[37.879045] (-) TimerEvent: {}
[37.979737] (-) TimerEvent: {}
[38.080498] (-) TimerEvent: {}
[38.181825] (-) TimerEvent: {}
[38.282609] (-) TimerEvent: {}
[38.383363] (-) TimerEvent: {}
[38.484185] (-) TimerEvent: {}
[38.584935] (-) TimerEvent: {}
[38.685883] (-) TimerEvent: {}
[38.786733] (-) TimerEvent: {}
[38.887614] (-) TimerEvent: {}
[38.988300] (-) TimerEvent: {}
[39.089089] (-) TimerEvent: {}
[39.189976] (-) TimerEvent: {}
[39.290641] (-) TimerEvent: {}
[39.391310] (-) TimerEvent: {}
[39.491941] (-) TimerEvent: {}
[39.592748] (-) TimerEvent: {}
[39.693909] (-) TimerEvent: {}
[39.794904] (-) TimerEvent: {}
[39.895688] (-) TimerEvent: {}
[39.996500] (-) TimerEvent: {}
[40.097159] (-) TimerEvent: {}
[40.197594] (-) TimerEvent: {}
[40.298190] (-) TimerEvent: {}
[40.398733] (-) TimerEvent: {}
[40.499087] (-) TimerEvent: {}
[40.599600] (-) TimerEvent: {}
[40.700588] (-) TimerEvent: {}
[40.801299] (-) TimerEvent: {}
[40.902401] (-) TimerEvent: {}
[41.003746] (-) TimerEvent: {}
[41.104526] (-) TimerEvent: {}
[41.205791] (-) TimerEvent: {}
[41.306492] (-) TimerEvent: {}
[41.407255] (-) TimerEvent: {}
[41.508007] (-) TimerEvent: {}
[41.608613] (-) TimerEvent: {}
[41.709065] (-) TimerEvent: {}
[41.809511] (-) TimerEvent: {}
[41.909985] (-) TimerEvent: {}
[42.010572] (-) TimerEvent: {}
[42.110977] (-) TimerEvent: {}
[42.211398] (-) TimerEvent: {}
[42.311805] (-) TimerEvent: {}
[42.412205] (-) TimerEvent: {}
[42.512619] (-) TimerEvent: {}
[42.613293] (-) TimerEvent: {}
[42.713877] (-) TimerEvent: {}
[42.814623] (-) TimerEvent: {}
[42.915122] (-) TimerEvent: {}
[43.015686] (-) TimerEvent: {}
[43.116446] (-) TimerEvent: {}
[43.217123] (-) TimerEvent: {}
[43.317772] (-) TimerEvent: {}
[43.418456] (-) TimerEvent: {}
[43.519360] (-) TimerEvent: {}
[43.620190] (-) TimerEvent: {}
[43.721120] (-) TimerEvent: {}
[43.822198] (-) TimerEvent: {}
[43.923243] (-) TimerEvent: {}
[44.024066] (-) TimerEvent: {}
[44.124724] (-) TimerEvent: {}
[44.225425] (-) TimerEvent: {}
[44.326154] (-) TimerEvent: {}
[44.427629] (-) TimerEvent: {}
[44.528625] (-) TimerEvent: {}
[44.629464] (-) TimerEvent: {}
[44.730161] (-) TimerEvent: {}
[44.830879] (-) TimerEvent: {}
[44.931565] (-) TimerEvent: {}
[45.032307] (-) TimerEvent: {}
[45.133381] (-) TimerEvent: {}
[45.234353] (-) TimerEvent: {}
[45.335584] (-) TimerEvent: {}
[45.437142] (-) TimerEvent: {}
[45.538158] (-) TimerEvent: {}
[45.638990] (-) TimerEvent: {}
[45.739725] (-) TimerEvent: {}
[45.840481] (-) TimerEvent: {}
[45.941204] (-) TimerEvent: {}
[46.042056] (-) TimerEvent: {}
[46.143078] (-) TimerEvent: {}
[46.244240] (-) TimerEvent: {}
[46.345250] (-) TimerEvent: {}
[46.446182] (-) TimerEvent: {}
[46.547301] (-) TimerEvent: {}
[46.648629] (-) TimerEvent: {}
[46.749624] (-) TimerEvent: {}
[46.850654] (-) TimerEvent: {}
[46.951505] (-) TimerEvent: {}
[47.052489] (-) TimerEvent: {}
[47.153216] (-) TimerEvent: {}
[47.253601] (-) TimerEvent: {}
[47.353977] (-) TimerEvent: {}
[47.454496] (-) TimerEvent: {}
[47.555385] (-) TimerEvent: {}
[47.656415] (-) TimerEvent: {}
[47.757351] (-) TimerEvent: {}
[47.858080] (-) TimerEvent: {}
[47.958923] (-) TimerEvent: {}
[48.059777] (-) TimerEvent: {}
[48.160862] (-) TimerEvent: {}
[48.262195] (-) TimerEvent: {}
[48.362885] (-) TimerEvent: {}
[48.463583] (-) TimerEvent: {}
[48.564541] (-) TimerEvent: {}
[48.665232] (-) TimerEvent: {}
[48.765955] (-) TimerEvent: {}
[48.867292] (-) TimerEvent: {}
[48.968118] (-) TimerEvent: {}
[49.069050] (-) TimerEvent: {}
[49.142080] (dog_udp_comm) StdoutLine: {'line': b'[100%] \x1b[32m\x1b[1mLinking CXX executable sender_node\x1b[0m\n'}
[49.169202] (-) TimerEvent: {}
[49.269852] (-) TimerEvent: {}
[49.371263] (-) TimerEvent: {}
[49.472641] (-) TimerEvent: {}
[49.573718] (-) TimerEvent: {}
[49.675298] (-) TimerEvent: {}
[49.776219] (-) TimerEvent: {}
[49.877173] (-) TimerEvent: {}
[49.978191] (-) TimerEvent: {}
[50.078834] (-) TimerEvent: {}
[50.082669] (dog_udp_comm) StdoutLine: {'line': b'[100%] Built target sender_node\n'}
[50.119988] (dog_udp_comm) CommandEnded: {'returncode': 0}
[50.125227] (dog_udp_comm) JobProgress: {'identifier': 'dog_udp_comm', 'progress': 'install'}
[50.125737] (dog_udp_comm) Command: {'cmd': ['/usr/bin/cmake', '--install', '/home/admin/workspace/host_udp_ws/build/dog_udp_comm'], 'cwd': '/home/admin/workspace/host_udp_ws/build/dog_udp_comm', 'env': OrderedDict([('PYTHON_BASIC_REPL', '1'), ('LESSOPEN', '| /usr/bin/lesspipe %s'), ('UMS_MOUNTPOINT', '/mnt/ums'), ('GST_V4L2_PREFERRED_FOURCC', 'NV12:YU12:NV16:YUY2'), ('LANGUAGE', 'en_US.UTF-8'), ('USER', 'admin'), ('SSH_CLIENT', '192.168.88.243 63795 22'), ('XDG_SESSION_TYPE', 'tty'), ('GIT_ASKPASS', '/home/admin/.vscode-server/cli/servers/Stable-6a49527b96e326fe62fbdb56f60e16877c9aa724/server/extensions/git/dist/askpass.sh'), ('SHLVL', '1'), ('USB_FUNCS', 'adb'), ('LD_LIBRARY_PATH', '/opt/ros/humble/opt/rviz_ogre_vendor/lib:/opt/ros/humble/lib/aarch64-linux-gnu:/opt/ros/humble/lib'), ('BROWSER', '/home/admin/.vscode-server/cli/servers/Stable-6a49527b96e326fe62fbdb56f60e16877c9aa724/server/bin/helpers/browser.sh'), ('MOTD_SHOWN', 'pam'), ('HOME', '/home/admin'), ('OLDPWD', '/home/admin/workspace'), ('TERM_PROGRAM_VERSION', '1.122.0'), ('VSCODE_IPC_HOOK_CLI', '/run/user/1000/vscode-ipc-56a0c44b-29c5-456f-a17e-0cc1c913a2bc.sock'), ('GST_INSPECT_NO_COLORS', '1'), ('GST_MPP_NO_RGA', '1'), ('ROS_PYTHON_VERSION', '3'), ('COGL_DRIVER', 'gles2'), ('VSCODE_GIT_ASKPASS_MAIN', '/home/admin/.vscode-server/cli/servers/Stable-6a49527b96e326fe62fbdb56f60e16877c9aa724/server/extensions/git/dist/askpass-main.js'), ('PS1', '\\[\x1b]633;A\x07\\]\\[\x1b]633;A\x07\\]\\[\\e]0;\\u@\\h: \\w\\a\\]${debian_chroot:+($debian_chroot)}\\[\\033[01;32m\\]\\u@\\h\\[\\033[00m\\]:\\[\\033[01;34m\\]\\w\\[\\033[00m\\]\\$ \\[\x1b]633;B\x07\\]\\[\x1b]633;B\x07\\]'), ('VSCODE_GIT_ASKPASS_NODE', '/home/admin/.vscode-server/cli/servers/Stable-6a49527b96e326fe62fbdb56f60e16877c9aa724/server/node'), ('PYDEVD_DISABLE_FILE_VALIDATION', '1'), ('BUNDLED_DEBUGPY_PATH', '/home/admin/.vscode-server/extensions/ms-python.debugpy-2026.6.0-linux-arm64/bundled/libs/debugpy'), ('VSCODE_PYTHON_AUTOACTIVATE_GUARD', '1'), ('DBUS_SESSION_BUS_ADDRESS', 'unix:path=/run/user/1000/bus'), ('COLORTERM', 'truecolor'), ('COLCON_PREFIX_PATH', '/home/admin/workspace/host_udp_ws/install'), ('GST_V4L2SRC_MAX_RESOLUTION', '3840x2160'), ('ROS_DISTRO', 'humble'), ('LOGNAME', 'admin'), ('_', '/usr/bin/colcon'), ('ROS_VERSION', '2'), ('XDG_SESSION_CLASS', 'user'), ('TERM', 'xterm-256color'), ('GST_GL_API', 'gles2'), ('XDG_SESSION_ID', '6'), ('GST_VIDEO_CONVERT_PREFERRED_FORMAT', 'NV12:NV16:I420:YUY2'), ('GST_V4L2SRC_RK_DEVICES', '_mainpath:_selfpath:_bypass:_scale'), ('ROS_LOCALHOST_ONLY', '1'), ('PATH', '/home/admin/.vscode-server/cli/servers/Stable-6a49527b96e326fe62fbdb56f60e16877c9aa724/server/bin/remote-cli:/home/admin/.local/bin:/opt/ros/humble/bin:/home/admin/.local/bin:/usr/local/sbin:/usr/local/bin:/usr/sbin:/usr/bin:/sbin:/bin:/usr/games:/usr/local/games:/snap/bin:/home/admin/.vscode-server/extensions/ms-python.debugpy-2026.6.0-linux-arm64/bundled/scripts/noConfigScripts'), ('XDG_RUNTIME_DIR', '/run/user/1000'), ('GST_GL_PLATFORM', 'egl'), ('GST_DEBUG_NO_COLOR', '1'), ('GST_V4L2SRC_DEFAULT_DEVICE', '/dev/video-camera0'), ('DISPLAY', ':0'), ('VSCODE_DEBUGPY_ADAPTER_ENDPOINTS', '/home/admin/.vscode-server/extensions/ms-python.debugpy-2026.6.0-linux-arm64/.noConfigDebugAdapterEndpoints/endpoint-c929ce49067852cf.txt'), ('LANG', 'en_US.UTF-8'), ('PYTHONSTARTUP', '/home/admin/.vscode-server/data/User/workspaceStorage/2a4873d7ff7a1bb6e3391ee746fb9efe/ms-python.python/pythonrc.py'), ('LS_COLORS', 'rs=0:di=01;34:ln=01;36:mh=00:pi=40;33:so=01;35:do=01;35:bd=40;33;01:cd=40;33;01:or=40;31;01:mi=00:su=37;41:sg=30;43:ca=30;41:tw=30;42:ow=34;42:st=37;44:ex=01;32:*.tar=01;31:*.tgz=01;31:*.arc=01;31:*.arj=01;31:*.taz=01;31:*.lha=01;31:*.lz4=01;31:*.lzh=01;31:*.lzma=01;31:*.tlz=01;31:*.txz=01;31:*.tzo=01;31:*.t7z=01;31:*.zip=01;31:*.z=01;31:*.dz=01;31:*.gz=01;31:*.lrz=01;31:*.lz=01;31:*.lzo=01;31:*.xz=01;31:*.zst=01;31:*.tzst=01;31:*.bz2=01;31:*.bz=01;31:*.tbz=01;31:*.tbz2=01;31:*.tz=01;31:*.deb=01;31:*.rpm=01;31:*.jar=01;31:*.war=01;31:*.ear=01;31:*.sar=01;31:*.rar=01;31:*.alz=01;31:*.ace=01;31:*.zoo=01;31:*.cpio=01;31:*.7z=01;31:*.rz=01;31:*.cab=01;31:*.wim=01;31:*.swm=01;31:*.dwm=01;31:*.esd=01;31:*.jpg=01;35:*.jpeg=01;35:*.mjpg=01;35:*.mjpeg=01;35:*.gif=01;35:*.bmp=01;35:*.pbm=01;35:*.pgm=01;35:*.ppm=01;35:*.tga=01;35:*.xbm=01;35:*.xpm=01;35:*.tif=01;35:*.tiff=01;35:*.png=01;35:*.svg=01;35:*.svgz=01;35:*.mng=01;35:*.pcx=01;35:*.mov=01;35:*.mpg=01;35:*.mpeg=01;35:*.m2v=01;35:*.mkv=01;35:*.webm=01;35:*.webp=01;35:*.ogm=01;35:*.mp4=01;35:*.m4v=01;35:*.mp4v=01;35:*.vob=01;35:*.qt=01;35:*.nuv=01;35:*.wmv=01;35:*.asf=01;35:*.rm=01;35:*.rmvb=01;35:*.flc=01;35:*.avi=01;35:*.fli=01;35:*.flv=01;35:*.gl=01;35:*.dl=01;35:*.xcf=01;35:*.xwd=01;35:*.yuv=01;35:*.cgm=01;35:*.emf=01;35:*.ogv=01;35:*.ogx=01;35:*.aac=00;36:*.au=00;36:*.flac=00;36:*.m4a=00;36:*.mid=00;36:*.midi=00;36:*.mka=00;36:*.mp3=00;36:*.mpc=00;36:*.ogg=00;36:*.ra=00;36:*.wav=00;36:*.oga=00;36:*.opus=00;36:*.spx=00;36:*.xspf=00;36:'), ('VSCODE_GIT_IPC_HANDLE', '/run/user/1000/vscode-git-de57f957e7.sock'), ('TERM_PROGRAM', 'vscode'), ('GST_V4L2_USE_LIBV4L2', '1'), ('UMS_SIZE', '256M'), ('AMENT_PREFIX_PATH', '/home/admin/workspace/host_udp_ws/install/dog_udp_comm:/home/admin/workspace/host_udp_ws/install/cspc_lidar:/opt/ros/humble'), ('LC_MESSAGES', 'en_US.UTF-8'), ('SHELL', '/bin/bash'), ('UMS_RO', '0'), ('LESSCLOSE', '/usr/bin/lesspipe %s %s'), ('UMS_FSTYPE', 'vfat'), ('VSCODE_GIT_ASKPASS_EXTRA_ARGS', ''), ('PWD', '/home/admin/workspace/host_udp_ws/build/dog_udp_comm'), ('LC_ALL', 'en_US.UTF-8'), ('SSH_CONNECTION', '192.168.88.243 63795 192.168.88.181 22'), ('PYTHONPATH', '/opt/ros/humble/lib/python3.10/site-packages:/opt/ros/humble/local/lib/python3.10/dist-packages'), ('UMS_MOUNT', '0'), ('COLCON', '1'), ('CMAKE_PREFIX_PATH', '/home/admin/workspace/host_udp_ws/install/cspc_lidar:/home/admin/workspace/host_udp_ws/install/dog_udp_comm:/opt/ros/humble'), ('UMS_FILE', '/userdata/ums_shared.img')]), 'shell': False}
[50.156965] (dog_udp_comm) StdoutLine: {'line': b'-- Install configuration: ""\n'}
[50.157851] (dog_udp_comm) StdoutLine: {'line': b'-- Installing: /home/admin/workspace/host_udp_ws/install/dog_udp_comm/lib/dog_udp_comm/sender_node\n'}
[50.162264] (dog_udp_comm) StdoutLine: {'line': b'-- Set runtime path of "/home/admin/workspace/host_udp_ws/install/dog_udp_comm/lib/dog_udp_comm/sender_node" to ""\n'}
[50.162924] (dog_udp_comm) StdoutLine: {'line': b'-- Installing: /home/admin/workspace/host_udp_ws/install/dog_udp_comm/lib/dog_udp_comm/keyboard_teleop.py\n'}
[50.163386] (dog_udp_comm) StdoutLine: {'line': b'-- Installing: /home/admin/workspace/host_udp_ws/install/dog_udp_comm/lib/dog_udp_comm/host_mpc_controller.py\n'}
[50.163872] (dog_udp_comm) StdoutLine: {'line': b'-- Installing: /home/admin/workspace/host_udp_ws/install/dog_udp_comm/lib/dog_udp_comm/pixel_to_scan_polar.py\n'}
[50.164345] (dog_udp_comm) StdoutLine: {'line': b'-- Installing: /home/admin/workspace/host_udp_ws/install/dog_udp_comm/lib/dog_udp_comm/tracking_string_bridge.py\n'}
[50.164762] (dog_udp_comm) StdoutLine: {'line': b'-- Installing: /home/admin/workspace/host_udp_ws/install/dog_udp_comm/lib/dog_udp_comm/tracking_center_tester.py\n'}
[50.165217] (dog_udp_comm) StdoutLine: {'line': b'-- Installing: /home/admin/workspace/host_udp_ws/install/dog_udp_comm/lib/dog_udp_comm/analyze_tracking_cmd_bag.py\n'}
[50.165676] (dog_udp_comm) StdoutLine: {'line': b'-- Installing: /home/admin/workspace/host_udp_ws/install/dog_udp_comm/share/dog_udp_comm/launch\n'}
[50.166158] (dog_udp_comm) StdoutLine: {'line': b'-- Installing: /home/admin/workspace/host_udp_ws/install/dog_udp_comm/share/dog_udp_comm/launch/__pycache__\n'}
[50.166641] (dog_udp_comm) StdoutLine: {'line': b'-- Installing: /home/admin/workspace/host_udp_ws/install/dog_udp_comm/share/dog_udp_comm/launch/__pycache__/sender_launch.cpython-313.pyc\n'}
[50.167049] (dog_udp_comm) StdoutLine: {'line': b'-- Installing: /home/admin/workspace/host_udp_ws/install/dog_udp_comm/share/dog_udp_comm/launch/__pycache__/person_follow_udp_launch.cpython-313.pyc\n'}
[50.167395] (dog_udp_comm) StdoutLine: {'line': b'-- Installing: /home/admin/workspace/host_udp_ws/install/dog_udp_comm/share/dog_udp_comm/launch/person_follow_udp_launch.py\n'}
[50.167740] (dog_udp_comm) StdoutLine: {'line': b'-- Installing: /home/admin/workspace/host_udp_ws/install/dog_udp_comm/share/dog_udp_comm/launch/sender_launch.py\n'}
[50.168084] (dog_udp_comm) StdoutLine: {'line': b'-- Installing: /home/admin/workspace/host_udp_ws/install/dog_udp_comm/share/dog_udp_comm/params\n'}
[50.168430] (dog_udp_comm) StdoutLine: {'line': b'-- Installing: /home/admin/workspace/host_udp_ws/install/dog_udp_comm/share/dog_udp_comm/params/person_follow_params.yaml\n'}
[50.169082] (dog_udp_comm) StdoutLine: {'line': b'-- Installing: /home/admin/workspace/host_udp_ws/install/dog_udp_comm/share/ament_index/resource_index/package_run_dependencies/dog_udp_comm\n'}
[50.172181] (dog_udp_comm) StdoutLine: {'line': b'-- Installing: /home/admin/workspace/host_udp_ws/install/dog_udp_comm/share/ament_index/resource_index/parent_prefix_path/dog_udp_comm\n'}
[50.173631] (dog_udp_comm) StdoutLine: {'line': b'-- Installing: /home/admin/workspace/host_udp_ws/install/dog_udp_comm/share/dog_udp_comm/environment/ament_prefix_path.sh\n'}
[50.175589] (dog_udp_comm) StdoutLine: {'line': b'-- Installing: /home/admin/workspace/host_udp_ws/install/dog_udp_comm/share/dog_udp_comm/environment/ament_prefix_path.dsv\n'}
[50.177488] (dog_udp_comm) StdoutLine: {'line': b'-- Installing: /home/admin/workspace/host_udp_ws/install/dog_udp_comm/share/dog_udp_comm/environment/path.sh\n'}
[50.178586] (dog_udp_comm) StdoutLine: {'line': b'-- Installing: /home/admin/workspace/host_udp_ws/install/dog_udp_comm/share/dog_udp_comm/environment/path.dsv\n'}
[50.179570] (-) TimerEvent: {}
[50.180968] (dog_udp_comm) StdoutLine: {'line': b'-- Installing: /home/admin/workspace/host_udp_ws/install/dog_udp_comm/share/dog_udp_comm/local_setup.bash\n'}
[50.181598] (dog_udp_comm) StdoutLine: {'line': b'-- Installing: /home/admin/workspace/host_udp_ws/install/dog_udp_comm/share/dog_udp_comm/local_setup.sh\n'}
[50.182251] (dog_udp_comm) StdoutLine: {'line': b'-- Installing: /home/admin/workspace/host_udp_ws/install/dog_udp_comm/share/dog_udp_comm/local_setup.zsh\n'}
[50.182879] (dog_udp_comm) StdoutLine: {'line': b'-- Installing: /home/admin/workspace/host_udp_ws/install/dog_udp_comm/share/dog_udp_comm/local_setup.dsv\n'}
[50.183797] (dog_udp_comm) StdoutLine: {'line': b'-- Installing: /home/admin/workspace/host_udp_ws/install/dog_udp_comm/share/dog_udp_comm/package.dsv\n'}
[50.184698] (dog_udp_comm) StdoutLine: {'line': b'-- Installing: /home/admin/workspace/host_udp_ws/install/dog_udp_comm/share/ament_index/resource_index/packages/dog_udp_comm\n'}
[50.185513] (dog_udp_comm) StdoutLine: {'line': b'-- Installing: /home/admin/workspace/host_udp_ws/install/dog_udp_comm/share/dog_udp_comm/cmake/dog_udp_commConfig.cmake\n'}
[50.186041] (dog_udp_comm) StdoutLine: {'line': b'-- Installing: /home/admin/workspace/host_udp_ws/install/dog_udp_comm/share/dog_udp_comm/cmake/dog_udp_commConfig-version.cmake\n'}
[50.186493] (dog_udp_comm) StdoutLine: {'line': b'-- Installing: /home/admin/workspace/host_udp_ws/install/dog_udp_comm/share/dog_udp_comm/package.xml\n'}
[50.187042] (dog_udp_comm) CommandEnded: {'returncode': 0}
[50.239501] (dog_udp_comm) JobEnded: {'identifier': 'dog_udp_comm', 'rc': 0}
[50.241859] (-) EventReactorShutdown: {}
>>>>>>>> 23658be (x z 参数整定 1.1):log/build_2026-05-29_15-43-43/events.log
