[0.000000] (-) TimerEvent: {}
[0.000438] (cspc_lidar) JobQueued: {'identifier': 'cspc_lidar', 'dependencies': OrderedDict()}
[0.000566] (dog_udp_comm) JobQueued: {'identifier': 'dog_udp_comm', 'dependencies': OrderedDict([('cspc_lidar', '/home/admin/workspace/host_udp_ws/install/cspc_lidar')])}
[0.000696] (cspc_lidar) JobStarted: {'identifier': 'cspc_lidar'}
[0.011693] (cspc_lidar) JobProgress: {'identifier': 'cspc_lidar', 'progress': 'cmake'}
[0.012392] (cspc_lidar) Command: {'cmd': ['/usr/bin/cmake', '/home/admin/workspace/host_udp_ws/src/cspc_lidar_sdk_ros2', '-DCMAKE_INSTALL_PREFIX=/home/admin/workspace/host_udp_ws/install/cspc_lidar'], 'cwd': '/home/admin/workspace/host_udp_ws/build/cspc_lidar', 'env': OrderedDict([('PYTHON_BASIC_REPL', '1'), ('LESSOPEN', '| /usr/bin/lesspipe %s'), ('UMS_MOUNTPOINT', '/mnt/ums'), ('GST_V4L2_PREFERRED_FOURCC', 'NV12:YU12:NV16:YUY2'), ('LANGUAGE', 'en_US.UTF-8'), ('USER', 'admin'), ('SSH_CLIENT', '192.168.88.243 63795 22'), ('XDG_SESSION_TYPE', 'tty'), ('GIT_ASKPASS', '/home/admin/.vscode-server/cli/servers/Stable-6a49527b96e326fe62fbdb56f60e16877c9aa724/server/extensions/git/dist/askpass.sh'), ('SHLVL', '1'), ('USB_FUNCS', 'adb'), ('LD_LIBRARY_PATH', '/opt/ros/humble/opt/rviz_ogre_vendor/lib:/opt/ros/humble/lib/aarch64-linux-gnu:/opt/ros/humble/lib'), ('BROWSER', '/home/admin/.vscode-server/cli/servers/Stable-6a49527b96e326fe62fbdb56f60e16877c9aa724/server/bin/helpers/browser.sh'), ('MOTD_SHOWN', 'pam'), ('HOME', '/home/admin'), ('OLDPWD', '/home/admin/workspace'), ('TERM_PROGRAM_VERSION', '1.122.0'), ('VSCODE_IPC_HOOK_CLI', '/run/user/1000/vscode-ipc-56a0c44b-29c5-456f-a17e-0cc1c913a2bc.sock'), ('GST_INSPECT_NO_COLORS', '1'), ('GST_MPP_NO_RGA', '1'), ('ROS_PYTHON_VERSION', '3'), ('COGL_DRIVER', 'gles2'), ('VSCODE_GIT_ASKPASS_MAIN', '/home/admin/.vscode-server/cli/servers/Stable-6a49527b96e326fe62fbdb56f60e16877c9aa724/server/extensions/git/dist/askpass-main.js'), ('PS1', '\\[\x1b]633;A\x07\\]\\[\x1b]633;A\x07\\]\\[\\e]0;\\u@\\h: \\w\\a\\]${debian_chroot:+($debian_chroot)}\\[\\033[01;32m\\]\\u@\\h\\[\\033[00m\\]:\\[\\033[01;34m\\]\\w\\[\\033[00m\\]\\$ \\[\x1b]633;B\x07\\]\\[\x1b]633;B\x07\\]'), ('VSCODE_GIT_ASKPASS_NODE', '/home/admin/.vscode-server/cli/servers/Stable-6a49527b96e326fe62fbdb56f60e16877c9aa724/server/node'), ('PYDEVD_DISABLE_FILE_VALIDATION', '1'), ('BUNDLED_DEBUGPY_PATH', '/home/admin/.vscode-server/extensions/ms-python.debugpy-2026.6.0-linux-arm64/bundled/libs/debugpy'), ('VSCODE_PYTHON_AUTOACTIVATE_GUARD', '1'), ('DBUS_SESSION_BUS_ADDRESS', 'unix:path=/run/user/1000/bus'), ('COLORTERM', 'truecolor'), ('COLCON_PREFIX_PATH', '/home/admin/workspace/host_udp_ws/install'), ('GST_V4L2SRC_MAX_RESOLUTION', '3840x2160'), ('ROS_DISTRO', 'humble'), ('LOGNAME', 'admin'), ('_', '/usr/bin/colcon'), ('ROS_VERSION', '2'), ('XDG_SESSION_CLASS', 'user'), ('TERM', 'xterm-256color'), ('GST_GL_API', 'gles2'), ('XDG_SESSION_ID', '6'), ('GST_VIDEO_CONVERT_PREFERRED_FORMAT', 'NV12:NV16:I420:YUY2'), ('GST_V4L2SRC_RK_DEVICES', '_mainpath:_selfpath:_bypass:_scale'), ('ROS_LOCALHOST_ONLY', '1'), ('PATH', '/home/admin/.vscode-server/cli/servers/Stable-6a49527b96e326fe62fbdb56f60e16877c9aa724/server/bin/remote-cli:/home/admin/.local/bin:/opt/ros/humble/bin:/home/admin/.local/bin:/usr/local/sbin:/usr/local/bin:/usr/sbin:/usr/bin:/sbin:/bin:/usr/games:/usr/local/games:/snap/bin:/home/admin/.vscode-server/extensions/ms-python.debugpy-2026.6.0-linux-arm64/bundled/scripts/noConfigScripts'), ('XDG_RUNTIME_DIR', '/run/user/1000'), ('GST_GL_PLATFORM', 'egl'), ('GST_DEBUG_NO_COLOR', '1'), ('GST_V4L2SRC_DEFAULT_DEVICE', '/dev/video-camera0'), ('DISPLAY', ':0'), ('VSCODE_DEBUGPY_ADAPTER_ENDPOINTS', '/home/admin/.vscode-server/extensions/ms-python.debugpy-2026.6.0-linux-arm64/.noConfigDebugAdapterEndpoints/endpoint-c929ce49067852cf.txt'), ('LANG', 'en_US.UTF-8'), ('PYTHONSTARTUP', '/home/admin/.vscode-server/data/User/workspaceStorage/2a4873d7ff7a1bb6e3391ee746fb9efe/ms-python.python/pythonrc.py'), ('LS_COLORS', 'rs=0:di=01;34:ln=01;36:mh=00:pi=40;33:so=01;35:do=01;35:bd=40;33;01:cd=40;33;01:or=40;31;01:mi=00:su=37;41:sg=30;43:ca=30;41:tw=30;42:ow=34;42:st=37;44:ex=01;32:*.tar=01;31:*.tgz=01;31:*.arc=01;31:*.arj=01;31:*.taz=01;31:*.lha=01;31:*.lz4=01;31:*.lzh=01;31:*.lzma=01;31:*.tlz=01;31:*.txz=01;31:*.tzo=01;31:*.t7z=01;31:*.zip=01;31:*.z=01;31:*.dz=01;31:*.gz=01;31:*.lrz=01;31:*.lz=01;31:*.lzo=01;31:*.xz=01;31:*.zst=01;31:*.tzst=01;31:*.bz2=01;31:*.bz=01;31:*.tbz=01;31:*.tbz2=01;31:*.tz=01;31:*.deb=01;31:*.rpm=01;31:*.jar=01;31:*.war=01;31:*.ear=01;31:*.sar=01;31:*.rar=01;31:*.alz=01;31:*.ace=01;31:*.zoo=01;31:*.cpio=01;31:*.7z=01;31:*.rz=01;31:*.cab=01;31:*.wim=01;31:*.swm=01;31:*.dwm=01;31:*.esd=01;31:*.jpg=01;35:*.jpeg=01;35:*.mjpg=01;35:*.mjpeg=01;35:*.gif=01;35:*.bmp=01;35:*.pbm=01;35:*.pgm=01;35:*.ppm=01;35:*.tga=01;35:*.xbm=01;35:*.xpm=01;35:*.tif=01;35:*.tiff=01;35:*.png=01;35:*.svg=01;35:*.svgz=01;35:*.mng=01;35:*.pcx=01;35:*.mov=01;35:*.mpg=01;35:*.mpeg=01;35:*.m2v=01;35:*.mkv=01;35:*.webm=01;35:*.webp=01;35:*.ogm=01;35:*.mp4=01;35:*.m4v=01;35:*.mp4v=01;35:*.vob=01;35:*.qt=01;35:*.nuv=01;35:*.wmv=01;35:*.asf=01;35:*.rm=01;35:*.rmvb=01;35:*.flc=01;35:*.avi=01;35:*.fli=01;35:*.flv=01;35:*.gl=01;35:*.dl=01;35:*.xcf=01;35:*.xwd=01;35:*.yuv=01;35:*.cgm=01;35:*.emf=01;35:*.ogv=01;35:*.ogx=01;35:*.aac=00;36:*.au=00;36:*.flac=00;36:*.m4a=00;36:*.mid=00;36:*.midi=00;36:*.mka=00;36:*.mp3=00;36:*.mpc=00;36:*.ogg=00;36:*.ra=00;36:*.wav=00;36:*.oga=00;36:*.opus=00;36:*.spx=00;36:*.xspf=00;36:'), ('VSCODE_GIT_IPC_HANDLE', '/run/user/1000/vscode-git-de57f957e7.sock'), ('TERM_PROGRAM', 'vscode'), ('GST_V4L2_USE_LIBV4L2', '1'), ('UMS_SIZE', '256M'), ('AMENT_PREFIX_PATH', '/home/admin/workspace/host_udp_ws/install/dog_udp_comm:/home/admin/workspace/host_udp_ws/install/cspc_lidar:/opt/ros/humble'), ('LC_MESSAGES', 'en_US.UTF-8'), ('SHELL', '/bin/bash'), ('UMS_RO', '0'), ('LESSCLOSE', '/usr/bin/lesspipe %s %s'), ('UMS_FSTYPE', 'vfat'), ('VSCODE_GIT_ASKPASS_EXTRA_ARGS', ''), ('PWD', '/home/admin/workspace/host_udp_ws/build/cspc_lidar'), ('LC_ALL', 'en_US.UTF-8'), ('SSH_CONNECTION', '192.168.88.243 63795 192.168.88.181 22'), ('PYTHONPATH', '/opt/ros/humble/lib/python3.10/site-packages:/opt/ros/humble/local/lib/python3.10/dist-packages'), ('UMS_MOUNT', '0'), ('COLCON', '1'), ('CMAKE_PREFIX_PATH', '/home/admin/workspace/host_udp_ws/install/dog_udp_comm:/home/admin/workspace/host_udp_ws/install/cspc_lidar:/opt/ros/humble'), ('UMS_FILE', '/userdata/ums_shared.img')]), 'shell': False}
[0.098764] (-) TimerEvent: {}
[0.199314] (-) TimerEvent: {}
[0.299732] (-) TimerEvent: {}
[0.353910] (cspc_lidar) StdoutLine: {'line': b'-- The C compiler identification is GNU 11.4.0\n'}
[0.399862] (-) TimerEvent: {}
[0.500376] (-) TimerEvent: {}
[0.600856] (-) TimerEvent: {}
[0.624105] (cspc_lidar) StdoutLine: {'line': b'-- The CXX compiler identification is GNU 11.4.0\n'}
[0.643628] (cspc_lidar) StdoutLine: {'line': b'-- Detecting C compiler ABI info\n'}
[0.700984] (-) TimerEvent: {}
[0.801371] (-) TimerEvent: {}
[0.874982] (cspc_lidar) StdoutLine: {'line': b'-- Detecting C compiler ABI info - done\n'}
[0.899003] (cspc_lidar) StdoutLine: {'line': b'-- Check for working C compiler: /usr/bin/cc - skipped\n'}
[0.900446] (cspc_lidar) StdoutLine: {'line': b'-- Detecting C compile features\n'}
[0.901220] (cspc_lidar) StdoutLine: {'line': b'-- Detecting C compile features - done\n'}
[0.901422] (-) TimerEvent: {}
[0.906096] (cspc_lidar) StdoutLine: {'line': b'-- Detecting CXX compiler ABI info\n'}
[1.001701] (-) TimerEvent: {}
[1.102667] (-) TimerEvent: {}
[1.146650] (cspc_lidar) StdoutLine: {'line': b'-- Detecting CXX compiler ABI info - done\n'}
[1.158623] (cspc_lidar) StdoutLine: {'line': b'-- Check for working CXX compiler: /usr/bin/c++ - skipped\n'}
[1.159381] (cspc_lidar) StdoutLine: {'line': b'-- Detecting CXX compile features\n'}
[1.160009] (cspc_lidar) StdoutLine: {'line': b'-- Detecting CXX compile features - done\n'}
[1.169621] (cspc_lidar) StdoutLine: {'line': b'-- Found ament_cmake: 1.3.14 (/opt/ros/humble/share/ament_cmake/cmake)\n'}
[1.202778] (-) TimerEvent: {}
[1.303576] (-) TimerEvent: {}
[1.405303] (-) TimerEvent: {}
[1.506344] (-) TimerEvent: {}
[1.542973] (cspc_lidar) StdoutLine: {'line': b'-- Found Python3: /usr/bin/python3 (found version "3.10.12") found components: Interpreter \n'}
[1.606554] (-) TimerEvent: {}
[1.707236] (-) TimerEvent: {}
[1.735050] (cspc_lidar) StdoutLine: {'line': b'-- Found rclcpp: 16.0.19 (/opt/ros/humble/share/rclcpp/cmake)\n'}
[1.807485] (-) TimerEvent: {}
[1.814369] (cspc_lidar) StdoutLine: {'line': b'-- Found rosidl_generator_c: 3.1.8 (/opt/ros/humble/share/rosidl_generator_c/cmake)\n'}
[1.823439] (cspc_lidar) StdoutLine: {'line': b'-- Found rosidl_adapter: 3.1.8 (/opt/ros/humble/share/rosidl_adapter/cmake)\n'}
[1.840452] (cspc_lidar) StdoutLine: {'line': b'-- Found rosidl_generator_cpp: 3.1.8 (/opt/ros/humble/share/rosidl_generator_cpp/cmake)\n'}
[1.864519] (cspc_lidar) StdoutLine: {'line': b'-- Using all available rosidl_typesupport_c: rosidl_typesupport_fastrtps_c;rosidl_typesupport_introspection_c\n'}
[1.896910] (cspc_lidar) StdoutLine: {'line': b'-- Using all available rosidl_typesupport_cpp: rosidl_typesupport_fastrtps_cpp;rosidl_typesupport_introspection_cpp\n'}
[1.907697] (-) TimerEvent: {}
[1.974891] (cspc_lidar) StdoutLine: {'line': b'-- Found rmw_implementation_cmake: 6.1.2 (/opt/ros/humble/share/rmw_implementation_cmake/cmake)\n'}
[1.980771] (cspc_lidar) StdoutLine: {'line': b'-- Found rmw_fastrtps_cpp: 6.2.10 (/opt/ros/humble/share/rmw_fastrtps_cpp/cmake)\n'}
[2.007858] (-) TimerEvent: {}
[2.108536] (-) TimerEvent: {}
[2.209206] (-) TimerEvent: {}
[2.217749] (cspc_lidar) StdoutLine: {'line': b'-- Found OpenSSL: /usr/lib/aarch64-linux-gnu/libcrypto.so (found version "3.0.2")  \n'}
[2.294126] (cspc_lidar) StdoutLine: {'line': b'-- Found FastRTPS: /opt/ros/humble/include  \n'}
[2.309443] (-) TimerEvent: {}
[2.371957] (cspc_lidar) StdoutLine: {'line': b"-- Using RMW implementation 'rmw_fastrtps_cpp' as default\n"}
[2.396655] (cspc_lidar) StdoutLine: {'line': b'-- Looking for pthread.h\n'}
[2.409530] (-) TimerEvent: {}
[2.510064] (-) TimerEvent: {}
[2.610724] (-) TimerEvent: {}
[2.634244] (cspc_lidar) StdoutLine: {'line': b'-- Looking for pthread.h - found\n'}
[2.634670] (cspc_lidar) StdoutLine: {'line': b'-- Performing Test CMAKE_HAVE_LIBC_PTHREAD\n'}
[2.710799] (-) TimerEvent: {}
[2.811160] (-) TimerEvent: {}
[2.872274] (cspc_lidar) StdoutLine: {'line': b'-- Performing Test CMAKE_HAVE_LIBC_PTHREAD - Success\n'}
[2.874838] (cspc_lidar) StdoutLine: {'line': b'-- Found Threads: TRUE  \n'}
[2.911267] (-) TimerEvent: {}
[3.011752] (-) TimerEvent: {}
[3.030198] (cspc_lidar) StdoutLine: {'line': b'-- Found sensor_msgs: 4.9.1 (/opt/ros/humble/share/sensor_msgs/cmake)\n'}
[3.111918] (-) TimerEvent: {}
[3.115372] (cspc_lidar) StdoutLine: {'line': b'-- Found visualization_msgs: 4.9.1 (/opt/ros/humble/share/visualization_msgs/cmake)\n'}
[3.161008] (cspc_lidar) StdoutLine: {'line': b'-- Found pcl_conversions: 2.4.5 (/opt/ros/humble/share/pcl_conversions/cmake)\n'}
[3.211998] (-) TimerEvent: {}
[3.239415] (cspc_lidar) StdoutLine: {'line': b"-- Checking for module 'eigen3'\n"}
[3.270376] (cspc_lidar) StdoutLine: {'line': b'--   Found eigen3, version 3.4.0\n'}
[3.312110] (-) TimerEvent: {}
[3.369028] (cspc_lidar) StdoutLine: {'line': b'-- Found Eigen: /usr/include/eigen3 (Required is at least version "3.1") \n'}
[3.369373] (cspc_lidar) StdoutLine: {'line': b'-- Eigen found (include: /usr/include/eigen3, version: 3.4.0)\n'}
[3.412372] (-) TimerEvent: {}
[3.430264] (cspc_lidar) StdoutLine: {'line': b"-- Checking for module 'flann'\n"}
[3.473509] (cspc_lidar) StdoutLine: {'line': b'--   Found flann, version 1.9.1\n'}
[3.512506] (-) TimerEvent: {}
[3.613020] (-) TimerEvent: {}
[3.613838] (cspc_lidar) StdoutLine: {'line': b'-- Found FLANN: /usr/lib/aarch64-linux-gnu/libflann_cpp.so  \n'}
[3.614095] (cspc_lidar) StdoutLine: {'line': b'-- FLANN found (include: /usr/include, lib: /usr/lib/aarch64-linux-gnu/libflann_cpp.so)\n'}
[3.713129] (-) TimerEvent: {}
[3.813525] (-) TimerEvent: {}
[3.914024] (-) TimerEvent: {}
[4.014600] (-) TimerEvent: {}
[4.115111] (-) TimerEvent: {}
[4.215522] (-) TimerEvent: {}
[4.315997] (-) TimerEvent: {}
[4.422201] (-) TimerEvent: {}
[4.522908] (-) TimerEvent: {}
[4.623323] (-) TimerEvent: {}
[4.725713] (-) TimerEvent: {}
[4.827444] (-) TimerEvent: {}
[4.928857] (-) TimerEvent: {}
[5.030033] (-) TimerEvent: {}
[5.130830] (-) TimerEvent: {}
[5.231975] (-) TimerEvent: {}
[5.332739] (-) TimerEvent: {}
[5.433602] (-) TimerEvent: {}
[5.534336] (-) TimerEvent: {}
[5.635241] (-) TimerEvent: {}
[5.736253] (-) TimerEvent: {}
[5.836868] (-) TimerEvent: {}
[5.937252] (-) TimerEvent: {}
[6.037628] (-) TimerEvent: {}
[6.138193] (-) TimerEvent: {}
[6.239015] (-) TimerEvent: {}
[6.339550] (-) TimerEvent: {}
[6.439928] (-) TimerEvent: {}
[6.476750] (cspc_lidar) StdoutLine: {'line': b"-- Checking for module 'libusb-1.0'\n"}
[6.529366] (cspc_lidar) StdoutLine: {'line': b'--   Found libusb-1.0, version 1.0.25\n'}
[6.540069] (-) TimerEvent: {}
[6.640571] (-) TimerEvent: {}
[6.655363] (cspc_lidar) StdoutLine: {'line': b'-- Found libusb: /usr/lib/aarch64-linux-gnu/libusb-1.0.so  \n'}
[6.662245] (cspc_lidar) StdoutLine: {'line': b'-- OpenNI found (version: 1.5.4.0, include: /usr/include/ni, lib: /usr/lib/libOpenNI.so;libusb::libusb)\n'}
[6.740718] (-) TimerEvent: {}
[6.841134] (-) TimerEvent: {}
[6.875575] (cspc_lidar) StdoutLine: {'line': b'-- OpenNI2 found (version: 2.2.0.33, include: /usr/include/openni2, lib: /usr/lib/aarch64-linux-gnu/libOpenNI2.so;libusb::libusb)\n'}
[6.941282] (-) TimerEvent: {}
[7.041727] (-) TimerEvent: {}
[7.142085] (-) TimerEvent: {}
[7.169558] (cspc_lidar) StdoutLine: {'line': b'-- Eigen found (include: /usr/include/eigen3, version: 3.4.0)\n'}
[7.190024] (cspc_lidar) StdoutLine: {'line': b'-- OpenNI found (version: 1.5.4.0, include: /usr/include/ni, lib: /usr/lib/libOpenNI.so;libusb::libusb)\n'}
[7.207669] (cspc_lidar) StdoutLine: {'line': b'-- OpenNI2 found (version: 2.2.0.33, include: /usr/include/openni2, lib: /usr/lib/aarch64-linux-gnu/libOpenNI2.so;libusb::libusb)\n'}
[7.242300] (-) TimerEvent: {}
[7.342954] (-) TimerEvent: {}
[7.443363] (-) TimerEvent: {}
[7.493349] (cspc_lidar) StdoutLine: {'line': b'-- Found Qhull version 8.0.2\n'}
[7.543488] (-) TimerEvent: {}
[7.643940] (-) TimerEvent: {}
[7.744477] (-) TimerEvent: {}
[7.765733] (cspc_lidar) StdoutLine: {'line': b'-- OpenNI found (version: 1.5.4.0, include: /usr/include/ni, lib: /usr/lib/libOpenNI.so;libusb::libusb)\n'}
[7.844636] (-) TimerEvent: {}
[7.945284] (-) TimerEvent: {}
[8.032515] (cspc_lidar) StdoutLine: {'line': b'-- Found PCL_COMMON: /usr/lib/aarch64-linux-gnu/libpcl_common.so  \n'}
[8.034468] (cspc_lidar) StdoutLine: {'line': b'-- Found PCL_KDTREE: /usr/lib/aarch64-linux-gnu/libpcl_kdtree.so  \n'}
[8.035814] (cspc_lidar) StdoutLine: {'line': b'-- Found PCL_OCTREE: /usr/lib/aarch64-linux-gnu/libpcl_octree.so  \n'}
[8.040035] (cspc_lidar) StdoutLine: {'line': b'-- Found PCL_SEARCH: /usr/lib/aarch64-linux-gnu/libpcl_search.so  \n'}
[8.043278] (cspc_lidar) StdoutLine: {'line': b'-- Found PCL_SAMPLE_CONSENSUS: /usr/lib/aarch64-linux-gnu/libpcl_sample_consensus.so  \n'}
[8.045393] (cspc_lidar) StdoutLine: {'line': b'-- Found PCL_FILTERS: /usr/lib/aarch64-linux-gnu/libpcl_filters.so  \n'}
[8.045974] (-) TimerEvent: {}
[8.046845] (cspc_lidar) StdoutLine: {'line': b'-- Found PCL_2D: /usr/include/pcl-1.12  \n'}
[8.047534] (cspc_lidar) StdoutLine: {'line': b'-- Found PCL_GEOMETRY: /usr/include/pcl-1.12  \n'}
[8.048054] (cspc_lidar) StdoutLine: {'line': b'-- Found PCL_IO: /usr/lib/aarch64-linux-gnu/libpcl_io.so  \n'}
[8.049619] (cspc_lidar) StdoutLine: {'line': b'-- Found PCL_FEATURES: /usr/lib/aarch64-linux-gnu/libpcl_features.so  \n'}
[8.050897] (cspc_lidar) StdoutLine: {'line': b'-- Found PCL_ML: /usr/lib/aarch64-linux-gnu/libpcl_ml.so  \n'}
[8.051987] (cspc_lidar) StdoutLine: {'line': b'-- Found PCL_SEGMENTATION: /usr/lib/aarch64-linux-gnu/libpcl_segmentation.so  \n'}
[8.054219] (cspc_lidar) StdoutLine: {'line': b'-- Found PCL_VISUALIZATION: /usr/lib/aarch64-linux-gnu/libpcl_visualization.so  \n'}
[8.055465] (cspc_lidar) StdoutLine: {'line': b'-- Found PCL_SURFACE: /usr/lib/aarch64-linux-gnu/libpcl_surface.so  \n'}
[8.056771] (cspc_lidar) StdoutLine: {'line': b'-- Found PCL_REGISTRATION: /usr/lib/aarch64-linux-gnu/libpcl_registration.so  \n'}
[8.058091] (cspc_lidar) StdoutLine: {'line': b'-- Found PCL_KEYPOINTS: /usr/lib/aarch64-linux-gnu/libpcl_keypoints.so  \n'}
[8.060330] (cspc_lidar) StdoutLine: {'line': b'-- Found PCL_TRACKING: /usr/lib/aarch64-linux-gnu/libpcl_tracking.so  \n'}
[8.062916] (cspc_lidar) StdoutLine: {'line': b'-- Found PCL_RECOGNITION: /usr/lib/aarch64-linux-gnu/libpcl_recognition.so  \n'}
[8.065899] (cspc_lidar) StdoutLine: {'line': b'-- Found PCL_STEREO: /usr/lib/aarch64-linux-gnu/libpcl_stereo.so  \n'}
[8.068016] (cspc_lidar) StdoutLine: {'line': b'-- Found PCL_APPS: /usr/lib/aarch64-linux-gnu/libpcl_apps.so  \n'}
[8.069354] (cspc_lidar) StdoutLine: {'line': b'-- Found PCL_IN_HAND_SCANNER: /usr/include/pcl-1.12  \n'}
[8.069854] (cspc_lidar) StdoutLine: {'line': b'-- Found PCL_MODELER: /usr/include/pcl-1.12  \n'}
[8.070772] (cspc_lidar) StdoutLine: {'line': b'-- Found PCL_POINT_CLOUD_EDITOR: /usr/include/pcl-1.12  \n'}
[8.072208] (cspc_lidar) StdoutLine: {'line': b'-- Found PCL_OUTOFCORE: /usr/lib/aarch64-linux-gnu/libpcl_outofcore.so  \n'}
[8.073532] (cspc_lidar) StdoutLine: {'line': b'-- Found PCL_PEOPLE: /usr/lib/aarch64-linux-gnu/libpcl_people.so  \n'}
[8.076265] (cspc_lidar) StderrLine: {'line': b'\x1b[33mCMake Warning (dev) at CMakeLists.txt:19 (find_package):\n'}
[8.076863] (cspc_lidar) StderrLine: {'line': b'  Policy CMP0074 is not set: find_package uses <PackageName>_ROOT variables.\n'}
[8.077221] (cspc_lidar) StderrLine: {'line': b'  Run "cmake --help-policy CMP0074" for policy details.  Use the cmake_policy\n'}
[8.077572] (cspc_lidar) StderrLine: {'line': b'  command to set the policy and suppress this warning.\n'}
[8.077912] (cspc_lidar) StderrLine: {'line': b'\n'}
[8.078260] (cspc_lidar) StderrLine: {'line': b'  CMake variable PCL_ROOT is set to:\n'}
[8.078609] (cspc_lidar) StderrLine: {'line': b'\n'}
[8.078962] (cspc_lidar) StderrLine: {'line': b'    /usr\n'}
[8.079326] (cspc_lidar) StderrLine: {'line': b'\n'}
[8.079691] (cspc_lidar) StderrLine: {'line': b'  For compatibility, CMake is ignoring the variable.\n'}
[8.080042] (cspc_lidar) StderrLine: {'line': b'This warning is for project developers.  Use -Wno-dev to suppress it.\n'}
[8.080490] (cspc_lidar) StderrLine: {'line': b'\x1b[0m\n'}
[8.107391] (cspc_lidar) StdoutLine: {'line': b'-- Found ament_lint_auto: 0.12.15 (/opt/ros/humble/share/ament_lint_auto/cmake)\n'}
[8.146274] (-) TimerEvent: {}
[8.247749] (-) TimerEvent: {}
[8.311846] (cspc_lidar) StdoutLine: {'line': b"-- Added test 'copyright' to check source files copyright and LICENSE\n"}
[8.314500] (cspc_lidar) StdoutLine: {'line': b"-- Added test 'cppcheck' to perform static code analysis on C / C++ code\n"}
[8.315024] (cspc_lidar) StdoutLine: {'line': b'-- Configured cppcheck include dirs: /home/admin/workspace/host_udp_ws/src/cspc_lidar_sdk_ros2/include/cspc_lidar;/home/admin/workspace/host_udp_ws/src/cspc_lidar_sdk_ros2/sdk\n'}
[8.315383] (cspc_lidar) StdoutLine: {'line': b'-- Configured cppcheck exclude dirs and/or files: \n'}
[8.317844] (cspc_lidar) StdoutLine: {'line': b"-- Added test 'cpplint' to check C / C++ code against the Google style\n"}
[8.318634] (cspc_lidar) StdoutLine: {'line': b'-- Configured cpplint exclude dirs and/or files: \n'}
[8.319803] (cspc_lidar) StdoutLine: {'line': b"-- Added test 'flake8' to check Python code syntax and style conventions\n"}
[8.321435] (cspc_lidar) StdoutLine: {'line': b"-- Added test 'lint_cmake' to check CMake code style\n"}
[8.323713] (cspc_lidar) StdoutLine: {'line': b"-- Added test 'pep257' to check Python code against some of the docstring style conventions in PEP 257\n"}
[8.326938] (cspc_lidar) StdoutLine: {'line': b"-- Added test 'uncrustify' to check C / C++ code style\n"}
[8.327457] (cspc_lidar) StdoutLine: {'line': b'-- Configured uncrustify additional arguments: \n'}
[8.328092] (cspc_lidar) StdoutLine: {'line': b"-- Added test 'xmllint' to check XML markup files\n"}
[8.330242] (cspc_lidar) StdoutLine: {'line': b'-- Configuring done\n'}
[8.348014] (-) TimerEvent: {}
[8.431687] (cspc_lidar) StdoutLine: {'line': b'-- Generating done\n'}
[8.448203] (-) TimerEvent: {}
[8.452221] (cspc_lidar) StdoutLine: {'line': b'-- Build files have been written to: /home/admin/workspace/host_udp_ws/build/cspc_lidar\n'}
[8.498159] (cspc_lidar) CommandEnded: {'returncode': 0}
[8.503016] (cspc_lidar) JobProgress: {'identifier': 'cspc_lidar', 'progress': 'build'}
[8.503163] (cspc_lidar) Command: {'cmd': ['/usr/bin/cmake', '--build', '/home/admin/workspace/host_udp_ws/build/cspc_lidar', '--', '-j8', '-l8'], 'cwd': '/home/admin/workspace/host_udp_ws/build/cspc_lidar', 'env': OrderedDict([('PYTHON_BASIC_REPL', '1'), ('LESSOPEN', '| /usr/bin/lesspipe %s'), ('UMS_MOUNTPOINT', '/mnt/ums'), ('GST_V4L2_PREFERRED_FOURCC', 'NV12:YU12:NV16:YUY2'), ('LANGUAGE', 'en_US.UTF-8'), ('USER', 'admin'), ('SSH_CLIENT', '192.168.88.243 63795 22'), ('XDG_SESSION_TYPE', 'tty'), ('GIT_ASKPASS', '/home/admin/.vscode-server/cli/servers/Stable-6a49527b96e326fe62fbdb56f60e16877c9aa724/server/extensions/git/dist/askpass.sh'), ('SHLVL', '1'), ('USB_FUNCS', 'adb'), ('LD_LIBRARY_PATH', '/opt/ros/humble/opt/rviz_ogre_vendor/lib:/opt/ros/humble/lib/aarch64-linux-gnu:/opt/ros/humble/lib'), ('BROWSER', '/home/admin/.vscode-server/cli/servers/Stable-6a49527b96e326fe62fbdb56f60e16877c9aa724/server/bin/helpers/browser.sh'), ('MOTD_SHOWN', 'pam'), ('HOME', '/home/admin'), ('OLDPWD', '/home/admin/workspace'), ('TERM_PROGRAM_VERSION', '1.122.0'), ('VSCODE_IPC_HOOK_CLI', '/run/user/1000/vscode-ipc-56a0c44b-29c5-456f-a17e-0cc1c913a2bc.sock'), ('GST_INSPECT_NO_COLORS', '1'), ('GST_MPP_NO_RGA', '1'), ('ROS_PYTHON_VERSION', '3'), ('COGL_DRIVER', 'gles2'), ('VSCODE_GIT_ASKPASS_MAIN', '/home/admin/.vscode-server/cli/servers/Stable-6a49527b96e326fe62fbdb56f60e16877c9aa724/server/extensions/git/dist/askpass-main.js'), ('PS1', '\\[\x1b]633;A\x07\\]\\[\x1b]633;A\x07\\]\\[\\e]0;\\u@\\h: \\w\\a\\]${debian_chroot:+($debian_chroot)}\\[\\033[01;32m\\]\\u@\\h\\[\\033[00m\\]:\\[\\033[01;34m\\]\\w\\[\\033[00m\\]\\$ \\[\x1b]633;B\x07\\]\\[\x1b]633;B\x07\\]'), ('VSCODE_GIT_ASKPASS_NODE', '/home/admin/.vscode-server/cli/servers/Stable-6a49527b96e326fe62fbdb56f60e16877c9aa724/server/node'), ('PYDEVD_DISABLE_FILE_VALIDATION', '1'), ('BUNDLED_DEBUGPY_PATH', '/home/admin/.vscode-server/extensions/ms-python.debugpy-2026.6.0-linux-arm64/bundled/libs/debugpy'), ('VSCODE_PYTHON_AUTOACTIVATE_GUARD', '1'), ('DBUS_SESSION_BUS_ADDRESS', 'unix:path=/run/user/1000/bus'), ('COLORTERM', 'truecolor'), ('COLCON_PREFIX_PATH', '/home/admin/workspace/host_udp_ws/install'), ('GST_V4L2SRC_MAX_RESOLUTION', '3840x2160'), ('ROS_DISTRO', 'humble'), ('LOGNAME', 'admin'), ('_', '/usr/bin/colcon'), ('ROS_VERSION', '2'), ('XDG_SESSION_CLASS', 'user'), ('TERM', 'xterm-256color'), ('GST_GL_API', 'gles2'), ('XDG_SESSION_ID', '6'), ('GST_VIDEO_CONVERT_PREFERRED_FORMAT', 'NV12:NV16:I420:YUY2'), ('GST_V4L2SRC_RK_DEVICES', '_mainpath:_selfpath:_bypass:_scale'), ('ROS_LOCALHOST_ONLY', '1'), ('PATH', '/home/admin/.vscode-server/cli/servers/Stable-6a49527b96e326fe62fbdb56f60e16877c9aa724/server/bin/remote-cli:/home/admin/.local/bin:/opt/ros/humble/bin:/home/admin/.local/bin:/usr/local/sbin:/usr/local/bin:/usr/sbin:/usr/bin:/sbin:/bin:/usr/games:/usr/local/games:/snap/bin:/home/admin/.vscode-server/extensions/ms-python.debugpy-2026.6.0-linux-arm64/bundled/scripts/noConfigScripts'), ('XDG_RUNTIME_DIR', '/run/user/1000'), ('GST_GL_PLATFORM', 'egl'), ('GST_DEBUG_NO_COLOR', '1'), ('GST_V4L2SRC_DEFAULT_DEVICE', '/dev/video-camera0'), ('DISPLAY', ':0'), ('VSCODE_DEBUGPY_ADAPTER_ENDPOINTS', '/home/admin/.vscode-server/extensions/ms-python.debugpy-2026.6.0-linux-arm64/.noConfigDebugAdapterEndpoints/endpoint-c929ce49067852cf.txt'), ('LANG', 'en_US.UTF-8'), ('PYTHONSTARTUP', '/home/admin/.vscode-server/data/User/workspaceStorage/2a4873d7ff7a1bb6e3391ee746fb9efe/ms-python.python/pythonrc.py'), ('LS_COLORS', 'rs=0:di=01;34:ln=01;36:mh=00:pi=40;33:so=01;35:do=01;35:bd=40;33;01:cd=40;33;01:or=40;31;01:mi=00:su=37;41:sg=30;43:ca=30;41:tw=30;42:ow=34;42:st=37;44:ex=01;32:*.tar=01;31:*.tgz=01;31:*.arc=01;31:*.arj=01;31:*.taz=01;31:*.lha=01;31:*.lz4=01;31:*.lzh=01;31:*.lzma=01;31:*.tlz=01;31:*.txz=01;31:*.tzo=01;31:*.t7z=01;31:*.zip=01;31:*.z=01;31:*.dz=01;31:*.gz=01;31:*.lrz=01;31:*.lz=01;31:*.lzo=01;31:*.xz=01;31:*.zst=01;31:*.tzst=01;31:*.bz2=01;31:*.bz=01;31:*.tbz=01;31:*.tbz2=01;31:*.tz=01;31:*.deb=01;31:*.rpm=01;31:*.jar=01;31:*.war=01;31:*.ear=01;31:*.sar=01;31:*.rar=01;31:*.alz=01;31:*.ace=01;31:*.zoo=01;31:*.cpio=01;31:*.7z=01;31:*.rz=01;31:*.cab=01;31:*.wim=01;31:*.swm=01;31:*.dwm=01;31:*.esd=01;31:*.jpg=01;35:*.jpeg=01;35:*.mjpg=01;35:*.mjpeg=01;35:*.gif=01;35:*.bmp=01;35:*.pbm=01;35:*.pgm=01;35:*.ppm=01;35:*.tga=01;35:*.xbm=01;35:*.xpm=01;35:*.tif=01;35:*.tiff=01;35:*.png=01;35:*.svg=01;35:*.svgz=01;35:*.mng=01;35:*.pcx=01;35:*.mov=01;35:*.mpg=01;35:*.mpeg=01;35:*.m2v=01;35:*.mkv=01;35:*.webm=01;35:*.webp=01;35:*.ogm=01;35:*.mp4=01;35:*.m4v=01;35:*.mp4v=01;35:*.vob=01;35:*.qt=01;35:*.nuv=01;35:*.wmv=01;35:*.asf=01;35:*.rm=01;35:*.rmvb=01;35:*.flc=01;35:*.avi=01;35:*.fli=01;35:*.flv=01;35:*.gl=01;35:*.dl=01;35:*.xcf=01;35:*.xwd=01;35:*.yuv=01;35:*.cgm=01;35:*.emf=01;35:*.ogv=01;35:*.ogx=01;35:*.aac=00;36:*.au=00;36:*.flac=00;36:*.m4a=00;36:*.mid=00;36:*.midi=00;36:*.mka=00;36:*.mp3=00;36:*.mpc=00;36:*.ogg=00;36:*.ra=00;36:*.wav=00;36:*.oga=00;36:*.opus=00;36:*.spx=00;36:*.xspf=00;36:'), ('VSCODE_GIT_IPC_HANDLE', '/run/user/1000/vscode-git-de57f957e7.sock'), ('TERM_PROGRAM', 'vscode'), ('GST_V4L2_USE_LIBV4L2', '1'), ('UMS_SIZE', '256M'), ('AMENT_PREFIX_PATH', '/home/admin/workspace/host_udp_ws/install/dog_udp_comm:/home/admin/workspace/host_udp_ws/install/cspc_lidar:/opt/ros/humble'), ('LC_MESSAGES', 'en_US.UTF-8'), ('SHELL', '/bin/bash'), ('UMS_RO', '0'), ('LESSCLOSE', '/usr/bin/lesspipe %s %s'), ('UMS_FSTYPE', 'vfat'), ('VSCODE_GIT_ASKPASS_EXTRA_ARGS', ''), ('PWD', '/home/admin/workspace/host_udp_ws/build/cspc_lidar'), ('LC_ALL', 'en_US.UTF-8'), ('SSH_CONNECTION', '192.168.88.243 63795 192.168.88.181 22'), ('PYTHONPATH', '/opt/ros/humble/lib/python3.10/site-packages:/opt/ros/humble/local/lib/python3.10/dist-packages'), ('UMS_MOUNT', '0'), ('COLCON', '1'), ('CMAKE_PREFIX_PATH', '/home/admin/workspace/host_udp_ws/install/dog_udp_comm:/home/admin/workspace/host_udp_ws/install/cspc_lidar:/opt/ros/humble'), ('UMS_FILE', '/userdata/ums_shared.img')]), 'shell': False}
[8.548367] (-) TimerEvent: {}
[8.649185] (-) TimerEvent: {}
[8.683780] (cspc_lidar) StdoutLine: {'line': b'[ 11%] \x1b[32mBuilding CXX object CMakeFiles/cspc_lidar.dir/sdk/mtime.cpp.o\x1b[0m\n'}
[8.686437] (cspc_lidar) StdoutLine: {'line': b'[ 22%] \x1b[32mBuilding CXX object CMakeFiles/cspc_lidar.dir/sdk/calibration.cpp.o\x1b[0m\n'}
[8.689404] (cspc_lidar) StdoutLine: {'line': b'[ 33%] \x1b[32mBuilding CXX object CMakeFiles/cspc_lidar.dir/sdk/point_cloud_optimize.cpp.o\x1b[0m\n'}
[8.690681] (cspc_lidar) StdoutLine: {'line': b'[ 55%] \x1b[32mBuilding CXX object CMakeFiles/cspc_lidar.dir/sdk/node_lidar.cpp.o\x1b[0m\n'}
[8.691012] (cspc_lidar) StdoutLine: {'line': b'[ 55%] \x1b[32mBuilding CXX object CMakeFiles/cspc_lidar.dir/sdk/serial_port.cpp.o\x1b[0m\n'}
[8.695458] (cspc_lidar) StdoutLine: {'line': b'[ 77%] \x1b[32mBuilding CXX object CMakeFiles/cspc_lidar.dir/sdk/lidar_data_processing.cpp.o\x1b[0m\n'}
[8.699216] (cspc_lidar) StdoutLine: {'line': b'[ 77%] \x1b[32mBuilding CXX object CMakeFiles/cspc_lidar.dir/sdk/timer.cpp.o\x1b[0m\n'}
[8.706510] (cspc_lidar) StdoutLine: {'line': b'[ 88%] \x1b[32mBuilding CXX object CMakeFiles/cspc_lidar.dir/src/node_lidar_ros.cpp.o\x1b[0m\n'}
[8.749298] (-) TimerEvent: {}
[8.849692] (-) TimerEvent: {}
[8.950073] (-) TimerEvent: {}
[9.050516] (-) TimerEvent: {}
[9.151019] (-) TimerEvent: {}
[9.251726] (-) TimerEvent: {}
[9.352747] (-) TimerEvent: {}
[9.453991] (-) TimerEvent: {}
[9.554980] (-) TimerEvent: {}
[9.609274] (cspc_lidar) StderrLine: {'line': b'\x1b[01m\x1b[K/home/admin/workspace/host_udp_ws/src/cspc_lidar_sdk_ros2/sdk/node_lidar.cpp:\x1b[m\x1b[K In function \xe2\x80\x98\x1b[01m\x1b[Kvoid flushSerial()\x1b[m\x1b[K\xe2\x80\x99:\n'}
[9.609619] (cspc_lidar) StderrLine: {'line': b'\x1b[01m\x1b[K/home/admin/workspace/host_udp_ws/src/cspc_lidar_sdk_ros2/sdk/node_lidar.cpp:53:24:\x1b[m\x1b[K \x1b[01;35m\x1b[Kwarning: \x1b[m\x1b[Kunused variable \xe2\x80\x98\x1b[01m\x1b[Kbytes_read\x1b[m\x1b[K\xe2\x80\x99 [\x1b[01;35m\x1b[K\x1b]8;;https://gcc.gnu.org/onlinedocs/gcc/Warning-Options.html#index-Wunused-variable\x07-Wunused-variable\x1b]8;;\x07\x1b[m\x1b[K]\n'}
[9.609797] (cspc_lidar) StderrLine: {'line': b'   53 |                 size_t \x1b[01;35m\x1b[Kbytes_read\x1b[m\x1b[K = node_lidar.serial_port->read_data(buffer, len);\n'}
[9.609885] (cspc_lidar) StderrLine: {'line': b'      |                        \x1b[01;35m\x1b[K^~~~~~~~~~\x1b[m\x1b[K\n'}
[9.610967] (cspc_lidar) StderrLine: {'line': b'\x1b[01m\x1b[K/home/admin/workspace/host_udp_ws/src/cspc_lidar_sdk_ros2/sdk/node_lidar.cpp:\x1b[m\x1b[K In function \xe2\x80\x98\x1b[01m\x1b[Kbool lidar_state_judgment()\x1b[m\x1b[K\xe2\x80\x99:\n'}
[9.611243] (cspc_lidar) StderrLine: {'line': b'\x1b[01m\x1b[K/home/admin/workspace/host_udp_ws/src/cspc_lidar_sdk_ros2/sdk/node_lidar.cpp:86:45:\x1b[m\x1b[K \x1b[01;35m\x1b[Kwarning: \x1b[m\x1b[Kformat \xe2\x80\x98\x1b[01m\x1b[K%lld\x1b[m\x1b[K\xe2\x80\x99 expects argument of type \xe2\x80\x98\x1b[01m\x1b[Klong long int\x1b[m\x1b[K\xe2\x80\x99, but argument 2 has type \xe2\x80\x98\x1b[01m\x1b[Kuint64_t\x1b[m\x1b[K\xe2\x80\x99 {aka \xe2\x80\x98\x1b[01m\x1b[Klong unsigned int\x1b[m\x1b[K\xe2\x80\x99} [\x1b[01;35m\x1b[K\x1b]8;;https://gcc.gnu.org/onlinedocs/gcc/Warning-Options.html#index-Wformat=\x07-Wformat=\x1b]8;;\x07\x1b[m\x1b[K]\n'}
[9.611365] (cspc_lidar) StderrLine: {'line': b'   86 |                 printf("\xe7\x8a\xb6\xe6\x80\x81\xe5\xbc\x82\xe5\xb8\xb8\xe9\x87\x8d\xe6\x96\xb0\xe5\x90\xaf\xe5\x8a\xa8 \x1b[01;35m\x1b[K%lld\x1b[m\x1b[K\\n",\x1b[32m\x1b[Klidar_status_time\x1b[m\x1b[K);\n'}
[9.611445] (cspc_lidar) StderrLine: {'line': b'      |                                          \x1b[01;35m\x1b[K~~~^\x1b[m\x1b[K    \x1b[32m\x1b[K~~~~~~~~~~~~~~~~~\x1b[m\x1b[K\n'}
[9.611518] (cspc_lidar) StderrLine: {'line': b'      |                                             \x1b[01;35m\x1b[K|\x1b[m\x1b[K    \x1b[32m\x1b[K|\x1b[m\x1b[K\n'}
[9.611590] (cspc_lidar) StderrLine: {'line': b'      |                                             \x1b[01;35m\x1b[K|\x1b[m\x1b[K    \x1b[32m\x1b[Kuint64_t {aka long unsigned int}\x1b[m\x1b[K\n'}
[9.611662] (cspc_lidar) StderrLine: {'line': b'      |                                             \x1b[01;35m\x1b[Klong long int\x1b[m\x1b[K\n'}
[9.611730] (cspc_lidar) StderrLine: {'line': b'      |                                          \x1b[32m\x1b[K%ld\x1b[m\x1b[K\n'}
[9.612008] (cspc_lidar) StderrLine: {'line': b'\x1b[01m\x1b[K/home/admin/workspace/host_udp_ws/src/cspc_lidar_sdk_ros2/sdk/node_lidar.cpp:62:21:\x1b[m\x1b[K \x1b[01;35m\x1b[Kwarning: \x1b[m\x1b[Kunused variable \xe2\x80\x98\x1b[01m\x1b[Kstatus_judge\x1b[m\x1b[K\xe2\x80\x99 [\x1b[01;35m\x1b[K\x1b]8;;https://gcc.gnu.org/onlinedocs/gcc/Warning-Options.html#index-Wunused-variable\x07-Wunused-variable\x1b]8;;\x07\x1b[m\x1b[K]\n'}
[9.612639] (cspc_lidar) StderrLine: {'line': b'   62 |         static bool \x1b[01;35m\x1b[Kstatus_judge\x1b[m\x1b[K = false;     //\xe6\x95\xb4\xe4\xbd\x93\xe7\x8a\xb6\xe6\x80\x81\xe5\x88\xa4\xe6\x96\xad\n'}
[9.614098] (cspc_lidar) StderrLine: {'line': b'      |                     \x1b[01;35m\x1b[K^~~~~~~~~~~~\x1b[m\x1b[K\n'}
[9.614975] (cspc_lidar) StderrLine: {'line': b'\x1b[01m\x1b[K/home/admin/workspace/host_udp_ws/src/cspc_lidar_sdk_ros2/sdk/node_lidar.cpp:65:21:\x1b[m\x1b[K \x1b[01;35m\x1b[Kwarning: \x1b[m\x1b[Kvariable \xe2\x80\x98\x1b[01m\x1b[Klidar_start_flag\x1b[m\x1b[K\xe2\x80\x99 set but not used [\x1b[01;35m\x1b[K\x1b]8;;https://gcc.gnu.org/onlinedocs/gcc/Warning-Options.html#index-Wunused-but-set-variable\x07-Wunused-but-set-variable\x1b]8;;\x07\x1b[m\x1b[K]\n'}
[9.615433] (cspc_lidar) StderrLine: {'line': b'   65 |         static bool \x1b[01;35m\x1b[Klidar_start_flag\x1b[m\x1b[K = false; //\xe4\xb8\x8b\xe5\x8f\x91\xe9\x9b\xb7\xe8\xbe\xbe\xe5\x90\xaf\xe5\x8a\xa8\xe6\x8c\x87\xe4\xbb\xa4\xe5\x90\x8e\xe7\x9a\x84\xe9\x9b\xb7\xe8\xbe\xbe\xe5\x8f\x8d\xe9\xa6\x88\xe6\xa0\x87\xe5\xbf\x97\n'}
[9.615879] (cspc_lidar) StderrLine: {'line': b'      |                     \x1b[01;35m\x1b[K^~~~~~~~~~~~~~~~\x1b[m\x1b[K\n'}
[9.616954] (cspc_lidar) StderrLine: {'line': b'\x1b[01m\x1b[K/home/admin/workspace/host_udp_ws/src/cspc_lidar_sdk_ros2/sdk/point_cloud_optimize.cpp:\x1b[m\x1b[K In member function \xe2\x80\x98\x1b[01m\x1b[Kvoid Point_cloud_optimize::PointCloudFilter(LaserScan*)\x1b[m\x1b[K\xe2\x80\x99:\n'}
[9.617494] (cspc_lidar) StderrLine: {'line': b'\x1b[01m\x1b[K/home/admin/workspace/host_udp_ws/src/cspc_lidar_sdk_ros2/sdk/point_cloud_optimize.cpp:25:25:\x1b[m\x1b[K \x1b[01;35m\x1b[Kwarning: \x1b[m\x1b[Kcomparison of integer expressions of different signedness: \xe2\x80\x98\x1b[01m\x1b[Kint\x1b[m\x1b[K\xe2\x80\x99 and \xe2\x80\x98\x1b[01m\x1b[Kstd::vector<LaserPoint>::size_type\x1b[m\x1b[K\xe2\x80\x99 {aka \xe2\x80\x98\x1b[01m\x1b[Klong unsigned int\x1b[m\x1b[K\xe2\x80\x99} [\x1b[01;35m\x1b[K\x1b]8;;https://gcc.gnu.org/onlinedocs/gcc/Warning-Options.html#index-Wsign-compare\x07-Wsign-compare\x1b]8;;\x07\x1b[m\x1b[K]\n'}
[9.618011] (cspc_lidar) StderrLine: {'line': b'   25 |         for (i0 = 0; \x1b[01;35m\x1b[Ki0 < Scan->points.size()\x1b[m\x1b[K; i0++)\n'}
[9.618398] (cspc_lidar) StderrLine: {'line': b'      |                      \x1b[01;35m\x1b[K~~~^~~~~~~~~~~~~~~~~~~~~\x1b[m\x1b[K\n'}
[9.619823] (cspc_lidar) StderrLine: {'line': b'\x1b[01m\x1b[K/home/admin/workspace/host_udp_ws/src/cspc_lidar_sdk_ros2/sdk/point_cloud_optimize.cpp:28:25:\x1b[m\x1b[K \x1b[01;35m\x1b[Kwarning: \x1b[m\x1b[Kcomparison of integer expressions of different signedness: \xe2\x80\x98\x1b[01m\x1b[Kint\x1b[m\x1b[K\xe2\x80\x99 and \xe2\x80\x98\x1b[01m\x1b[Kstd::vector<LaserPoint>::size_type\x1b[m\x1b[K\xe2\x80\x99 {aka \xe2\x80\x98\x1b[01m\x1b[Klong unsigned int\x1b[m\x1b[K\xe2\x80\x99} [\x1b[01;35m\x1b[K\x1b]8;;https://gcc.gnu.org/onlinedocs/gcc/Warning-Options.html#index-Wsign-compare\x07-Wsign-compare\x1b]8;;\x07\x1b[m\x1b[K]\n'}
[9.620403] (cspc_lidar) StderrLine: {'line': b'   28 |                 i1 = \x1b[01;35m\x1b[Ki1 < Scan->points.size()\x1b[m\x1b[K ? i1 : i1 - Scan->points.size();\n'}
[9.621113] (cspc_lidar) StderrLine: {'line': b'      |                      \x1b[01;35m\x1b[K~~~^~~~~~~~~~~~~~~~~~~~~\x1b[m\x1b[K\n'}
[9.621728] (cspc_lidar) StderrLine: {'line': b'\x1b[01m\x1b[K/home/admin/workspace/host_udp_ws/src/cspc_lidar_sdk_ros2/sdk/point_cloud_optimize.cpp:30:25:\x1b[m\x1b[K \x1b[01;35m\x1b[Kwarning: \x1b[m\x1b[Kcomparison of integer expressions of different signedness: \xe2\x80\x98\x1b[01m\x1b[Kint\x1b[m\x1b[K\xe2\x80\x99 and \xe2\x80\x98\x1b[01m\x1b[Kstd::vector<LaserPoint>::size_type\x1b[m\x1b[K\xe2\x80\x99 {aka \xe2\x80\x98\x1b[01m\x1b[Klong unsigned int\x1b[m\x1b[K\xe2\x80\x99} [\x1b[01;35m\x1b[K\x1b]8;;https://gcc.gnu.org/onlinedocs/gcc/Warning-Options.html#index-Wsign-compare\x07-Wsign-compare\x1b]8;;\x07\x1b[m\x1b[K]\n'}
[9.622151] (cspc_lidar) StderrLine: {'line': b'   30 |                 i2 = \x1b[01;35m\x1b[Ki2 < Scan->points.size()\x1b[m\x1b[K ? i2 : i2 - Scan->points.size();\n'}
[9.622964] (cspc_lidar) StderrLine: {'line': b'      |                      \x1b[01;35m\x1b[K~~~^~~~~~~~~~~~~~~~~~~~~\x1b[m\x1b[K\n'}
[9.623360] (cspc_lidar) StderrLine: {'line': b'\x1b[01m\x1b[K/home/admin/workspace/host_udp_ws/src/cspc_lidar_sdk_ros2/sdk/point_cloud_optimize.cpp:32:25:\x1b[m\x1b[K \x1b[01;35m\x1b[Kwarning: \x1b[m\x1b[Kcomparison of integer expressions of different signedness: \xe2\x80\x98\x1b[01m\x1b[Kint\x1b[m\x1b[K\xe2\x80\x99 and \xe2\x80\x98\x1b[01m\x1b[Kstd::vector<LaserPoint>::size_type\x1b[m\x1b[K\xe2\x80\x99 {aka \xe2\x80\x98\x1b[01m\x1b[Klong unsigned int\x1b[m\x1b[K\xe2\x80\x99} [\x1b[01;35m\x1b[K\x1b]8;;https://gcc.gnu.org/onlinedocs/gcc/Warning-Options.html#index-Wsign-compare\x07-Wsign-compare\x1b]8;;\x07\x1b[m\x1b[K]\n'}
[9.623735] (cspc_lidar) StderrLine: {'line': b'   32 |                 i3 = \x1b[01;35m\x1b[Ki3 < Scan->points.size()\x1b[m\x1b[K ? i3 : i3 - Scan->points.size();\n'}
[9.624130] (cspc_lidar) StderrLine: {'line': b'      |                      \x1b[01;35m\x1b[K~~~^~~~~~~~~~~~~~~~~~~~~\x1b[m\x1b[K\n'}
[9.625021] (cspc_lidar) StderrLine: {'line': b'\x1b[01m\x1b[K/home/admin/workspace/host_udp_ws/src/cspc_lidar_sdk_ros2/sdk/node_lidar.cpp:\x1b[m\x1b[K In function \xe2\x80\x98\x1b[01m\x1b[Kint read_forever()\x1b[m\x1b[K\xe2\x80\x99:\n'}
[9.627278] (cspc_lidar) StderrLine: {'line': b'\x1b[01m\x1b[K/home/admin/workspace/host_udp_ws/src/cspc_lidar_sdk_ros2/sdk/node_lidar.cpp:206:82:\x1b[m\x1b[K \x1b[01;35m\x1b[Kwarning: \x1b[m\x1b[Kformat \xe2\x80\x98\x1b[01m\x1b[K%d\x1b[m\x1b[K\xe2\x80\x99 expects argument of type \xe2\x80\x98\x1b[01m\x1b[Kint\x1b[m\x1b[K\xe2\x80\x99, but argument 2 has type \xe2\x80\x98\x1b[01m\x1b[Ksize_t\x1b[m\x1b[K\xe2\x80\x99 {aka \xe2\x80\x98\x1b[01m\x1b[Klong unsigned int\x1b[m\x1b[K\xe2\x80\x99} [\x1b[01;35m\x1b[K\x1b]8;;https://gcc.gnu.org/onlinedocs/gcc/Warning-Options.html#index-Wformat=\x07-Wformat=\x1b]8;;\x07\x1b[m\x1b[K]\n'}
[9.628365] (cspc_lidar) StderrLine: {'line': b'  206 |                                                         printf("full----- count=\x1b[01;35m\x1b[K%d\x1b[m\x1b[K,time=%lld,frequence=%d\\n",\x1b[32m\x1b[Kscan_count\x1b[m\x1b[K,current_times(),local_scan[0].scan_frequence);\n'}
[9.629060] (cspc_lidar) StderrLine: {'line': b'      |                                                                                 \x1b[01;35m\x1b[K~^\x1b[m\x1b[K                           \x1b[32m\x1b[K~~~~~~~~~~\x1b[m\x1b[K\n'}
[9.629594] (cspc_lidar) StderrLine: {'line': b'      |                                                                                  \x1b[01;35m\x1b[K|\x1b[m\x1b[K                           \x1b[32m\x1b[K|\x1b[m\x1b[K\n'}
[9.630023] (cspc_lidar) StderrLine: {'line': b'      |                                                                                  \x1b[01;35m\x1b[Kint\x1b[m\x1b[K                         \x1b[32m\x1b[Ksize_t {aka long unsigned int}\x1b[m\x1b[K\n'}
[9.630441] (cspc_lidar) StderrLine: {'line': b'      |                                                                                 \x1b[32m\x1b[K%ld\x1b[m\x1b[K\n'}
[9.630829] (cspc_lidar) StderrLine: {'line': b'\x1b[01m\x1b[K/home/admin/workspace/host_udp_ws/src/cspc_lidar_sdk_ros2/sdk/node_lidar.cpp:206:92:\x1b[m\x1b[K \x1b[01;35m\x1b[Kwarning: \x1b[m\x1b[Kformat \xe2\x80\x98\x1b[01m\x1b[K%lld\x1b[m\x1b[K\xe2\x80\x99 expects argument of type \xe2\x80\x98\x1b[01m\x1b[Klong long int\x1b[m\x1b[K\xe2\x80\x99, but argument 3 has type \xe2\x80\x98\x1b[01m\x1b[Kint64_t\x1b[m\x1b[K\xe2\x80\x99 {aka \xe2\x80\x98\x1b[01m\x1b[Klong int\x1b[m\x1b[K\xe2\x80\x99} [\x1b[01;35m\x1b[K\x1b]8;;https://gcc.gnu.org/onlinedocs/gcc/Warning-Options.html#index-Wformat=\x07-Wformat=\x1b]8;;\x07\x1b[m\x1b[K]\n'}
[9.631212] (cspc_lidar) StderrLine: {'line': b'  206 |                                                         printf("full----- count=%d,time=\x1b[01;35m\x1b[K%lld\x1b[m\x1b[K,frequence=%d\\n",scan_count,\x1b[32m\x1b[Kcurrent_times()\x1b[m\x1b[K,local_scan[0].scan_frequence);\n'}
[9.631615] (cspc_lidar) StderrLine: {'line': b'      |                                                                                         \x1b[01;35m\x1b[K~~~^\x1b[m\x1b[K                            \x1b[32m\x1b[K~~~~~~~~~~~~~~~\x1b[m\x1b[K\n'}
[9.631971] (cspc_lidar) StderrLine: {'line': b'      |                                                                                            \x1b[01;35m\x1b[K|\x1b[m\x1b[K                                         \x1b[32m\x1b[K|\x1b[m\x1b[K\n'}
[9.632321] (cspc_lidar) StderrLine: {'line': b'      |                                                                                            \x1b[01;35m\x1b[Klong long int\x1b[m\x1b[K                             \x1b[32m\x1b[Kint64_t {aka long int}\x1b[m\x1b[K\n'}
[9.632758] (cspc_lidar) StderrLine: {'line': b'      |                                                                                         \x1b[32m\x1b[K%ld\x1b[m\x1b[K\n'}
[9.633126] (cspc_lidar) StderrLine: {'line': b'\x1b[01m\x1b[K/home/admin/workspace/host_udp_ws/src/cspc_lidar_sdk_ros2/sdk/node_lidar.cpp:\x1b[m\x1b[K In function \xe2\x80\x98\x1b[01m\x1b[Kvoid send_lidar_data(LaserScan&)\x1b[m\x1b[K\xe2\x80\x99:\n'}
[9.633511] (cspc_lidar) StderrLine: {'line': b'\x1b[01m\x1b[K/home/admin/workspace/host_udp_ws/src/cspc_lidar_sdk_ros2/sdk/node_lidar.cpp:312:43:\x1b[m\x1b[K \x1b[01;35m\x1b[Kwarning: \x1b[m\x1b[Kcomparison of integer expressions of different signedness: \xe2\x80\x98\x1b[01m\x1b[Kint\x1b[m\x1b[K\xe2\x80\x99 and \xe2\x80\x98\x1b[01m\x1b[Ksize_t\x1b[m\x1b[K\xe2\x80\x99 {aka \xe2\x80\x98\x1b[01m\x1b[Klong unsigned int\x1b[m\x1b[K\xe2\x80\x99} [\x1b[01;35m\x1b[K\x1b]8;;https://gcc.gnu.org/onlinedocs/gcc/Warning-Options.html#index-Wsign-compare\x07-Wsign-compare\x1b]8;;\x07\x1b[m\x1b[K]\n'}
[9.633878] (cspc_lidar) StderrLine: {'line': b'  312 |                         for (int i = 0; \x1b[01;35m\x1b[Ki < count\x1b[m\x1b[K; i++)\n'}
[9.634226] (cspc_lidar) StderrLine: {'line': b'      |                                         \x1b[01;35m\x1b[K~~^~~~~~~\x1b[m\x1b[K\n'}
[9.634574] (cspc_lidar) StderrLine: {'line': b'\x1b[01m\x1b[K/home/admin/workspace/host_udp_ws/src/cspc_lidar_sdk_ros2/sdk/point_cloud_optimize.cpp:155:25:\x1b[m\x1b[K \x1b[01;35m\x1b[Kwarning: \x1b[m\x1b[Kcomparison of integer expressions of different signedness: \xe2\x80\x98\x1b[01m\x1b[Kint\x1b[m\x1b[K\xe2\x80\x99 and \xe2\x80\x98\x1b[01m\x1b[Kstd::vector<LaserPoint>::size_type\x1b[m\x1b[K\xe2\x80\x99 {aka \xe2\x80\x98\x1b[01m\x1b[Klong unsigned int\x1b[m\x1b[K\xe2\x80\x99} [\x1b[01;35m\x1b[K\x1b]8;;https://gcc.gnu.org/onlinedocs/gcc/Warning-Options.html#index-Wsign-compare\x07-Wsign-compare\x1b]8;;\x07\x1b[m\x1b[K]\n'}
[9.634940] (cspc_lidar) StderrLine: {'line': b'  155 |         for (i0 = 0; \x1b[01;35m\x1b[Ki0 < Scan->points.size()\x1b[m\x1b[K; i0++)\n'}
[9.635289] (cspc_lidar) StderrLine: {'line': b'      |                      \x1b[01;35m\x1b[K~~~^~~~~~~~~~~~~~~~~~~~~\x1b[m\x1b[K\n'}
[9.635636] (cspc_lidar) StderrLine: {'line': b'\x1b[01m\x1b[K/home/admin/workspace/host_udp_ws/src/cspc_lidar_sdk_ros2/sdk/point_cloud_optimize.cpp:158:25:\x1b[m\x1b[K \x1b[01;35m\x1b[Kwarning: \x1b[m\x1b[Kcomparison of integer expressions of different signedness: \xe2\x80\x98\x1b[01m\x1b[Kint\x1b[m\x1b[K\xe2\x80\x99 and \xe2\x80\x98\x1b[01m\x1b[Kstd::vector<LaserPoint>::size_type\x1b[m\x1b[K\xe2\x80\x99 {aka \xe2\x80\x98\x1b[01m\x1b[Klong unsigned int\x1b[m\x1b[K\xe2\x80\x99} [\x1b[01;35m\x1b[K\x1b]8;;https://gcc.gnu.org/onlinedocs/gcc/Warning-Options.html#index-Wsign-compare\x07-Wsign-compare\x1b]8;;\x07\x1b[m\x1b[K]\n'}
[9.636080] (cspc_lidar) StderrLine: {'line': b'  158 |                 i1 = \x1b[01;35m\x1b[Ki1 < Scan->points.size()\x1b[m\x1b[K ? i1 : i1 - Scan->points.size();\n'}
[9.636451] (cspc_lidar) StderrLine: {'line': b'      |                      \x1b[01;35m\x1b[K~~~^~~~~~~~~~~~~~~~~~~~~\x1b[m\x1b[K\n'}
[9.636802] (cspc_lidar) StderrLine: {'line': b'\x1b[01m\x1b[K/home/admin/workspace/host_udp_ws/src/cspc_lidar_sdk_ros2/sdk/point_cloud_optimize.cpp:160:25:\x1b[m\x1b[K \x1b[01;35m\x1b[Kwarning: \x1b[m\x1b[Kcomparison of integer expressions of different signedness: \xe2\x80\x98\x1b[01m\x1b[Kint\x1b[m\x1b[K\xe2\x80\x99 and \xe2\x80\x98\x1b[01m\x1b[Kstd::vector<LaserPoint>::size_type\x1b[m\x1b[K\xe2\x80\x99 {aka \xe2\x80\x98\x1b[01m\x1b[Klong unsigned int\x1b[m\x1b[K\xe2\x80\x99} [\x1b[01;35m\x1b[K\x1b]8;;https://gcc.gnu.org/onlinedocs/gcc/Warning-Options.html#index-Wsign-compare\x07-Wsign-compare\x1b]8;;\x07\x1b[m\x1b[K]\n'}
[9.637168] (cspc_lidar) StderrLine: {'line': b'  160 |                 i2 = \x1b[01;35m\x1b[Ki2 < Scan->points.size()\x1b[m\x1b[K ? i2 : i2 - Scan->points.size();\n'}
[9.637523] (cspc_lidar) StderrLine: {'line': b'      |                      \x1b[01;35m\x1b[K~~~^~~~~~~~~~~~~~~~~~~~~\x1b[m\x1b[K\n'}
[9.637872] (cspc_lidar) StderrLine: {'line': b'\x1b[01m\x1b[K/home/admin/workspace/host_udp_ws/src/cspc_lidar_sdk_ros2/sdk/point_cloud_optimize.cpp:162:25:\x1b[m\x1b[K \x1b[01;35m\x1b[Kwarning: \x1b[m\x1b[Kcomparison of integer expressions of different signedness: \xe2\x80\x98\x1b[01m\x1b[Kint\x1b[m\x1b[K\xe2\x80\x99 and \xe2\x80\x98\x1b[01m\x1b[Kstd::vector<LaserPoint>::size_type\x1b[m\x1b[K\xe2\x80\x99 {aka \xe2\x80\x98\x1b[01m\x1b[Klong unsigned int\x1b[m\x1b[K\xe2\x80\x99} [\x1b[01;35m\x1b[K\x1b]8;;https://gcc.gnu.org/onlinedocs/gcc/Warning-Options.html#index-Wsign-compare\x07-Wsign-compare\x1b]8;;\x07\x1b[m\x1b[K]\n'}
[9.638287] (cspc_lidar) StderrLine: {'line': b'  162 |                 i3 = \x1b[01;35m\x1b[Ki3 < Scan->points.size()\x1b[m\x1b[K ? i3 : i3 - Scan->points.size();\n'}
[9.638687] (cspc_lidar) StderrLine: {'line': b'      |                      \x1b[01;35m\x1b[K~~~^~~~~~~~~~~~~~~~~~~~~\x1b[m\x1b[K\n'}
[9.639044] (cspc_lidar) StderrLine: {'line': b'\x1b[01m\x1b[K/home/admin/workspace/host_udp_ws/src/cspc_lidar_sdk_ros2/sdk/point_cloud_optimize.cpp:164:25:\x1b[m\x1b[K \x1b[01;35m\x1b[Kwarning: \x1b[m\x1b[Kcomparison of integer expressions of different signedness: \xe2\x80\x98\x1b[01m\x1b[Kint\x1b[m\x1b[K\xe2\x80\x99 and \xe2\x80\x98\x1b[01m\x1b[Kstd::vector<LaserPoint>::size_type\x1b[m\x1b[K\xe2\x80\x99 {aka \xe2\x80\x98\x1b[01m\x1b[Klong unsigned int\x1b[m\x1b[K\xe2\x80\x99} [\x1b[01;35m\x1b[K\x1b]8;;https://gcc.gnu.org/onlinedocs/gcc/Warning-Options.html#index-Wsign-compare\x07-Wsign-compare\x1b]8;;\x07\x1b[m\x1b[K]\n'}
[9.639502] (cspc_lidar) StderrLine: {'line': b'  164 |                 i4 = \x1b[01;35m\x1b[Ki4 < Scan->points.size()\x1b[m\x1b[K ? i4 : i4 - Scan->points.size();\n'}
[9.639871] (cspc_lidar) StderrLine: {'line': b'      |                      \x1b[01;35m\x1b[K~~~^~~~~~~~~~~~~~~~~~~~~\x1b[m\x1b[K\n'}
[9.640510] (cspc_lidar) StderrLine: {'line': b'\x1b[01m\x1b[K/home/admin/workspace/host_udp_ws/src/cspc_lidar_sdk_ros2/sdk/point_cloud_optimize.cpp:\x1b[m\x1b[K In member function \xe2\x80\x98\x1b[01m\x1b[Kint Point_cloud_optimize::UltrasonicSimRanging(LaserPoint&)\x1b[m\x1b[K\xe2\x80\x99:\n'}
[9.640917] (cspc_lidar) StderrLine: {'line': b'\x1b[01m\x1b[K/home/admin/workspace/host_udp_ws/src/cspc_lidar_sdk_ros2/sdk/point_cloud_optimize.cpp:228:13:\x1b[m\x1b[K \x1b[01;35m\x1b[Kwarning: \x1b[m\x1b[Kunused variable \xe2\x80\x98\x1b[01m\x1b[Ki\x1b[m\x1b[K\xe2\x80\x99 [\x1b[01;35m\x1b[K\x1b]8;;https://gcc.gnu.org/onlinedocs/gcc/Warning-Options.html#index-Wunused-variable\x07-Wunused-variable\x1b]8;;\x07\x1b[m\x1b[K]\n'}
[9.641290] (cspc_lidar) StderrLine: {'line': b'  228 |         int \x1b[01;35m\x1b[Ki\x1b[m\x1b[K, index;\n'}
[9.641641] (cspc_lidar) StderrLine: {'line': b'      |             \x1b[01;35m\x1b[K^\x1b[m\x1b[K\n'}
[9.641994] (cspc_lidar) StderrLine: {'line': b'\x1b[01m\x1b[K/home/admin/workspace/host_udp_ws/src/cspc_lidar_sdk_ros2/sdk/point_cloud_optimize.cpp:229:15:\x1b[m\x1b[K \x1b[01;35m\x1b[Kwarning: \x1b[m\x1b[Kunused variable \xe2\x80\x98\x1b[01m\x1b[Ktempdep\x1b[m\x1b[K\xe2\x80\x99 [\x1b[01;35m\x1b[K\x1b]8;;https://gcc.gnu.org/onlinedocs/gcc/Warning-Options.html#index-Wunused-variable\x07-Wunused-variable\x1b]8;;\x07\x1b[m\x1b[K]\n'}
[9.642671] (cspc_lidar) StderrLine: {'line': b'  229 |         short \x1b[01;35m\x1b[Ktempdep\x1b[m\x1b[K;\n'}
[9.643062] (cspc_lidar) StderrLine: {'line': b'      |               \x1b[01;35m\x1b[K^~~~~~~\x1b[m\x1b[K\n'}
[9.643418] (cspc_lidar) StderrLine: {'line': b'\x1b[01m\x1b[K/home/admin/workspace/host_udp_ws/src/cspc_lidar_sdk_ros2/sdk/point_cloud_optimize.cpp:253:1:\x1b[m\x1b[K \x1b[01;35m\x1b[Kwarning: \x1b[m\x1b[Kno return statement in function returning non-void [\x1b[01;35m\x1b[K\x1b]8;;https://gcc.gnu.org/onlinedocs/gcc/Warning-Options.html#index-Wreturn-type\x07-Wreturn-type\x1b]8;;\x07\x1b[m\x1b[K]\n'}
[9.645515] (cspc_lidar) StderrLine: {'line': b'  253 | \x1b[01;35m\x1b[K}\x1b[m\x1b[K\n'}
[9.646091] (cspc_lidar) StderrLine: {'line': b'      | \x1b[01;35m\x1b[K^\x1b[m\x1b[K\n'}
[9.646566] (cspc_lidar) StderrLine: {'line': b'\x1b[01m\x1b[K/home/admin/workspace/host_udp_ws/src/cspc_lidar_sdk_ros2/sdk/point_cloud_optimize.cpp:\x1b[m\x1b[K In member function \xe2\x80\x98\x1b[01m\x1b[Kvoid Point_cloud_optimize::lidar_blocked_judge(int)\x1b[m\x1b[K\xe2\x80\x99:\n'}
[9.646985] (cspc_lidar) StderrLine: {'line': b'\x1b[01m\x1b[K/home/admin/workspace/host_udp_ws/src/cspc_lidar_sdk_ros2/sdk/point_cloud_optimize.cpp:341:60:\x1b[m\x1b[K \x1b[01;35m\x1b[Kwarning: \x1b[m\x1b[Kformat \xe2\x80\x98\x1b[01m\x1b[K%d\x1b[m\x1b[K\xe2\x80\x99 expects argument of type \xe2\x80\x98\x1b[01m\x1b[Kint\x1b[m\x1b[K\xe2\x80\x99, but argument 3 has type \xe2\x80\x98\x1b[01m\x1b[Ksize_t\x1b[m\x1b[K\xe2\x80\x99 {aka \xe2\x80\x98\x1b[01m\x1b[Klong unsigned int\x1b[m\x1b[K\xe2\x80\x99} [\x1b[01;35m\x1b[K\x1b]8;;https://gcc.gnu.org/onlinedocs/gcc/Warning-Options.html#index-Wformat=\x07-Wformat=\x1b]8;;\x07\x1b[m\x1b[K]\n'}
[9.647469] (cspc_lidar) StderrLine: {'line': b'  341 |                 printf("lidar \xe9\x9b\xb7\xe8\xbe\xbe\xe8\xa2\xab\xe4\xb8\xa5\xe9\x87\x8d\xe9\x81\xae\xe6\x8c\xa1\xe7\x99\xbe\xe5\x88\x86\xe4\xb9\x8b\xe4\xb8\x83\xe5\x8d\x81 %d,\x1b[01;35m\x1b[K%d\x1b[m\x1b[K\\n",node_lidar.lidar_block.lidar_zero_count,\x1b[32m\x1b[Knode_lidar.scan_node_count\x1b[m\x1b[K);\n'}
[9.647866] (cspc_lidar) StderrLine: {'line': b'      |                                                           \x1b[01;35m\x1b[K~^\x1b[m\x1b[K                                            \x1b[32m\x1b[K~~~~~~~~~~~~~~~~~~~~~~~~~~\x1b[m\x1b[K\n'}
[9.648237] (cspc_lidar) StderrLine: {'line': b'      |                                                            \x1b[01;35m\x1b[K|\x1b[m\x1b[K                                                       \x1b[32m\x1b[K|\x1b[m\x1b[K\n'}
[9.648599] (cspc_lidar) StderrLine: {'line': b'      |                                                            \x1b[01;35m\x1b[Kint\x1b[m\x1b[K                                                     \x1b[32m\x1b[Ksize_t {aka long unsigned int}\x1b[m\x1b[K\n'}
[9.648959] (cspc_lidar) StderrLine: {'line': b'      |                                                           \x1b[32m\x1b[K%ld\x1b[m\x1b[K\n'}
[9.649408] (cspc_lidar) StderrLine: {'line': b'\x1b[01m\x1b[K/home/admin/workspace/host_udp_ws/src/cspc_lidar_sdk_ros2/sdk/point_cloud_optimize.cpp:\x1b[m\x1b[K In member function \xe2\x80\x98\x1b[01m\x1b[Kvoid Point_cloud_optimize::lidar_blocked_init()\x1b[m\x1b[K\xe2\x80\x99:\n'}
[9.650359] (cspc_lidar) StderrLine: {'line': b'\x1b[01m\x1b[K/home/admin/workspace/host_udp_ws/src/cspc_lidar_sdk_ros2/sdk/point_cloud_optimize.cpp:404:69:\x1b[m\x1b[K \x1b[01;35m\x1b[Kwarning: \x1b[m\x1b[Ksuggest parentheses around \xe2\x80\x98\x1b[01m\x1b[K&&\x1b[m\x1b[K\xe2\x80\x99 within \xe2\x80\x98\x1b[01m\x1b[K||\x1b[m\x1b[K\xe2\x80\x99 [\x1b[01;35m\x1b[K\x1b]8;;https://gcc.gnu.org/onlinedocs/gcc/Warning-Options.html#index-Wparentheses\x07-Wparentheses\x1b]8;;\x07\x1b[m\x1b[K]\n'}
[9.650842] (cspc_lidar) StderrLine: {'line': b'  404 |                         if((angle >= 0 && angle < 90)|| \x1b[01;35m\x1b[Kangle > 270 && angle <=360\x1b[m\x1b[K){\n'}
[9.651239] (cspc_lidar) StderrLine: {'line': b'      |                                                         \x1b[01;35m\x1b[K~~~~~~~~~~~~^~~~~~~~~~~~~~\x1b[m\x1b[K\n'}
[9.651604] (cspc_lidar) StderrLine: {'line': b'\x1b[01m\x1b[K/home/admin/workspace/host_udp_ws/src/cspc_lidar_sdk_ros2/sdk/point_cloud_optimize.cpp:375:21:\x1b[m\x1b[K \x1b[01;35m\x1b[Kwarning: \x1b[m\x1b[Kunused variable \xe2\x80\x98\x1b[01m\x1b[Ktemp\x1b[m\x1b[K\xe2\x80\x99 [\x1b[01;35m\x1b[K\x1b]8;;https://gcc.gnu.org/onlinedocs/gcc/Warning-Options.html#index-Wunused-variable\x07-Wunused-variable\x1b]8;;\x07\x1b[m\x1b[K]\n'}
[9.651969] (cspc_lidar) StderrLine: {'line': b'  375 |         float r, d, \x1b[01;35m\x1b[Ktemp\x1b[m\x1b[K;\n'}
[9.652315] (cspc_lidar) StderrLine: {'line': b'      |                     \x1b[01;35m\x1b[K^~~~\x1b[m\x1b[K\n'}
[9.652709] (cspc_lidar) StderrLine: {'line': b'\x1b[01m\x1b[K/home/admin/workspace/host_udp_ws/src/cspc_lidar_sdk_ros2/sdk/lidar_data_processing.cpp:\x1b[m\x1b[K In member function \xe2\x80\x98\x1b[01m\x1b[Kbool Lidar_Data_Processing::wait_start_reply(uint64_t)\x1b[m\x1b[K\xe2\x80\x99:\n'}
[9.653080] (cspc_lidar) StderrLine: {'line': b'\x1b[01m\x1b[K/home/admin/workspace/host_udp_ws/src/cspc_lidar_sdk_ros2/sdk/lidar_data_processing.cpp:107:49:\x1b[m\x1b[K \x1b[01;35m\x1b[Kwarning: \x1b[m\x1b[Kcomparison of integer expressions of different signedness: \xe2\x80\x98\x1b[01m\x1b[Kint64_t\x1b[m\x1b[K\xe2\x80\x99 {aka \xe2\x80\x98\x1b[01m\x1b[Klong int\x1b[m\x1b[K\xe2\x80\x99} and \xe2\x80\x98\x1b[01m\x1b[Kuint64_t\x1b[m\x1b[K\xe2\x80\x99 {aka \xe2\x80\x98\x1b[01m\x1b[Klong unsigned int\x1b[m\x1b[K\xe2\x80\x99} [\x1b[01;35m\x1b[K\x1b]8;;https://gcc.gnu.org/onlinedocs/gcc/Warning-Options.html#index-Wsign-compare\x07-Wsign-compare\x1b]8;;\x07\x1b[m\x1b[K]\n'}
[9.653508] (cspc_lidar) StderrLine: {'line': b'  107 |   while (\x1b[01;35m\x1b[K(waitTime = current_times() - startTs) <= timeout\x1b[m\x1b[K){\n'}
[9.653856] (cspc_lidar) StderrLine: {'line': b'      |          \x1b[01;35m\x1b[K~~~~~~~~~~~~~~~~~~~~~~~~~~~~~~~~~~~~~~~^~~~~~~~~~\x1b[m\x1b[K\n'}
[9.654204] (cspc_lidar) StderrLine: {'line': b'\x1b[01m\x1b[K/home/admin/workspace/host_udp_ws/src/cspc_lidar_sdk_ros2/sdk/lidar_data_processing.cpp:\x1b[m\x1b[K In member function \xe2\x80\x98\x1b[01m\x1b[Kresult_t Lidar_Data_Processing::waitSpeedRight(uint8_t, uint64_t)\x1b[m\x1b[K\xe2\x80\x99:\n'}
[9.654556] (cspc_lidar) StderrLine: {'line': b'\x1b[01m\x1b[K/home/admin/workspace/host_udp_ws/src/cspc_lidar_sdk_ros2/sdk/lidar_data_processing.cpp:209:56:\x1b[m\x1b[K \x1b[01;35m\x1b[Kwarning: \x1b[m\x1b[Kunused parameter \xe2\x80\x98\x1b[01m\x1b[Kcmd\x1b[m\x1b[K\xe2\x80\x99 [\x1b[01;35m\x1b[K\x1b]8;;https://gcc.gnu.org/onlinedocs/gcc/Warning-Options.html#index-Wunused-parameter\x07-Wunused-parameter\x1b]8;;\x07\x1b[m\x1b[K]\n'}
[9.654900] (-) TimerEvent: {}
[9.655788] (cspc_lidar) StderrLine: {'line': b'  209 | result_t Lidar_Data_Processing::waitSpeedRight(\x1b[01;35m\x1b[Kuint8_t cmd\x1b[m\x1b[K,uint64_t timeout)\n'}
[9.656300] (cspc_lidar) StderrLine: {'line': b'      |                                                \x1b[01;35m\x1b[K~~~~~~~~^~~\x1b[m\x1b[K\n'}
[9.656707] (cspc_lidar) StderrLine: {'line': b'\x1b[01m\x1b[K/home/admin/workspace/host_udp_ws/src/cspc_lidar_sdk_ros2/sdk/lidar_data_processing.cpp:\x1b[m\x1b[K In member function \xe2\x80\x98\x1b[01m\x1b[Kresult_t Lidar_Data_Processing::waitResponseHeader(uint8_t, uint64_t)\x1b[m\x1b[K\xe2\x80\x99:\n'}
[9.657424] (cspc_lidar) StderrLine: {'line': b'\x1b[01m\x1b[K/home/admin/workspace/host_udp_ws/src/cspc_lidar_sdk_ros2/sdk/lidar_data_processing.cpp:481:28:\x1b[m\x1b[K \x1b[01;35m\x1b[Kwarning: \x1b[m\x1b[Kformat \xe2\x80\x98\x1b[01m\x1b[K%d\x1b[m\x1b[K\xe2\x80\x99 expects argument of type \xe2\x80\x98\x1b[01m\x1b[Kint\x1b[m\x1b[K\xe2\x80\x99, but argument 4 has type \xe2\x80\x98\x1b[01m\x1b[Ksize_t\x1b[m\x1b[K\xe2\x80\x99 {aka \xe2\x80\x98\x1b[01m\x1b[Klong unsigned int\x1b[m\x1b[K\xe2\x80\x99} [\x1b[01;35m\x1b[K\x1b]8;;https://gcc.gnu.org/onlinedocs/gcc/Warning-Options.html#index-Wformat=\x07-Wformat=\x1b]8;;\x07\x1b[m\x1b[K]\n'}
[9.657895] (cspc_lidar) StderrLine: {'line': b'  481 |       printf("data**%d,%d,\x1b[01;35m\x1b[K%d\x1b[m\x1b[K\\n",check_sum_cal,recvBuffer[remainSize-1],\x1b[32m\x1b[KremainSize\x1b[m\x1b[K);\n'}
[9.658383] (cspc_lidar) StderrLine: {'line': b'      |                           \x1b[01;35m\x1b[K~^\x1b[m\x1b[K                                           \x1b[32m\x1b[K~~~~~~~~~~\x1b[m\x1b[K\n'}
[9.658856] (cspc_lidar) StderrLine: {'line': b'      |                            \x1b[01;35m\x1b[K|\x1b[m\x1b[K                                           \x1b[32m\x1b[K|\x1b[m\x1b[K\n'}
[9.659327] (cspc_lidar) StderrLine: {'line': b'      |                            \x1b[01;35m\x1b[Kint\x1b[m\x1b[K                                         \x1b[32m\x1b[Ksize_t {aka long unsigned int}\x1b[m\x1b[K\n'}
[9.659827] (cspc_lidar) StderrLine: {'line': b'      |                           \x1b[32m\x1b[K%ld\x1b[m\x1b[K\n'}
[9.661389] (cspc_lidar) StderrLine: {'line': b'\x1b[01m\x1b[K/home/admin/workspace/host_udp_ws/src/cspc_lidar_sdk_ros2/sdk/lidar_data_processing.cpp:\x1b[m\x1b[K In member function \xe2\x80\x98\x1b[01m\x1b[Kresult_t Lidar_Data_Processing::waitPackage_coin(node_info*, uint32_t)\x1b[m\x1b[K\xe2\x80\x99:\n'}
[9.663115] (cspc_lidar) StderrLine: {'line': b'\x1b[01m\x1b[K/home/admin/workspace/host_udp_ws/src/cspc_lidar_sdk_ros2/sdk/lidar_data_processing.cpp:973:9:\x1b[m\x1b[K \x1b[01;35m\x1b[Kwarning: \x1b[m\x1b[Kunused variable \xe2\x80\x98\x1b[01m\x1b[Kk\x1b[m\x1b[K\xe2\x80\x99 [\x1b[01;35m\x1b[K\x1b]8;;https://gcc.gnu.org/onlinedocs/gcc/Warning-Options.html#index-Wunused-variable\x07-Wunused-variable\x1b]8;;\x07\x1b[m\x1b[K]\n'}
[9.663851] (cspc_lidar) StderrLine: {'line': b'  973 |     int \x1b[01;35m\x1b[Kk\x1b[m\x1b[K;\n'}
[9.664370] (cspc_lidar) StderrLine: {'line': b'      |         \x1b[01;35m\x1b[K^\x1b[m\x1b[K\n'}
[9.664795] (cspc_lidar) StderrLine: {'line': b'\x1b[01m\x1b[K/home/admin/workspace/host_udp_ws/src/cspc_lidar_sdk_ros2/sdk/lidar_data_processing.cpp:873:11:\x1b[m\x1b[K \x1b[01;35m\x1b[Kwarning: \x1b[m\x1b[Kvariable \xe2\x80\x98\x1b[01m\x1b[KAngleCorrectForDistance\x1b[m\x1b[K\xe2\x80\x99 set but not used [\x1b[01;35m\x1b[K\x1b]8;;https://gcc.gnu.org/onlinedocs/gcc/Warning-Options.html#index-Wunused-but-set-variable\x07-Wunused-but-set-variable\x1b]8;;\x07\x1b[m\x1b[K]\n'}
[9.665201] (cspc_lidar) StderrLine: {'line': b'  873 |   int32_t \x1b[01;35m\x1b[KAngleCorrectForDistance\x1b[m\x1b[K = 0;\n'}
[9.665566] (cspc_lidar) StderrLine: {'line': b'      |           \x1b[01;35m\x1b[K^~~~~~~~~~~~~~~~~~~~~~~\x1b[m\x1b[K\n'}
[9.666033] (cspc_lidar) StderrLine: {'line': b'\x1b[01m\x1b[K/home/admin/workspace/host_udp_ws/src/cspc_lidar_sdk_ros2/sdk/lidar_data_processing.cpp:875:11:\x1b[m\x1b[K \x1b[01;35m\x1b[Kwarning: \x1b[m\x1b[Kunused variable \xe2\x80\x98\x1b[01m\x1b[Kpackage_type\x1b[m\x1b[K\xe2\x80\x99 [\x1b[01;35m\x1b[K\x1b]8;;https://gcc.gnu.org/onlinedocs/gcc/Warning-Options.html#index-Wunused-variable\x07-Wunused-variable\x1b]8;;\x07\x1b[m\x1b[K]\n'}
[9.666439] (cspc_lidar) StderrLine: {'line': b'  875 |   uint8_t \x1b[01;35m\x1b[Kpackage_type\x1b[m\x1b[K = 0;\n'}
[9.666805] (cspc_lidar) StderrLine: {'line': b'      |           \x1b[01;35m\x1b[K^~~~~~~~~~~~\x1b[m\x1b[K\n'}
[9.667166] (cspc_lidar) StderrLine: {'line': b'\x1b[01m\x1b[K/home/admin/workspace/host_udp_ws/src/cspc_lidar_sdk_ros2/sdk/lidar_data_processing.cpp:877:12:\x1b[m\x1b[K \x1b[01;35m\x1b[Kwarning: \x1b[m\x1b[Kunused variable \xe2\x80\x98\x1b[01m\x1b[Kstart\x1b[m\x1b[K\xe2\x80\x99 [\x1b[01;35m\x1b[K\x1b]8;;https://gcc.gnu.org/onlinedocs/gcc/Warning-Options.html#index-Wunused-variable\x07-Wunused-variable\x1b]8;;\x07\x1b[m\x1b[K]\n'}
[9.667583] (cspc_lidar) StderrLine: {'line': b'  877 |   uint16_t \x1b[01;35m\x1b[Kstart\x1b[m\x1b[K;\n'}
[9.667931] (cspc_lidar) StderrLine: {'line': b'      |            \x1b[01;35m\x1b[K^~~~~\x1b[m\x1b[K\n'}
[9.668283] (cspc_lidar) StderrLine: {'line': b'\x1b[01m\x1b[K/home/admin/workspace/host_udp_ws/src/cspc_lidar_sdk_ros2/sdk/lidar_data_processing.cpp:878:12:\x1b[m\x1b[K \x1b[01;35m\x1b[Kwarning: \x1b[m\x1b[Kunused variable \xe2\x80\x98\x1b[01m\x1b[Kstop\x1b[m\x1b[K\xe2\x80\x99 [\x1b[01;35m\x1b[K\x1b]8;;https://gcc.gnu.org/onlinedocs/gcc/Warning-Options.html#index-Wunused-variable\x07-Wunused-variable\x1b]8;;\x07\x1b[m\x1b[K]\n'}
[9.668650] (cspc_lidar) StderrLine: {'line': b'  878 |   uint16_t \x1b[01;35m\x1b[Kstop\x1b[m\x1b[K;\n'}
[9.669013] (cspc_lidar) StderrLine: {'line': b'      |            \x1b[01;35m\x1b[K^~~~\x1b[m\x1b[K\n'}
[9.755206] (-) TimerEvent: {}
[9.797510] (cspc_lidar) StderrLine: {'line': b'\x1b[01m\x1b[K/home/admin/workspace/host_udp_ws/src/cspc_lidar_sdk_ros2/sdk/node_lidar.cpp:\x1b[m\x1b[K At global scope:\n'}
[9.798356] (cspc_lidar) StderrLine: {'line': b'\x1b[01m\x1b[K/home/admin/workspace/host_udp_ws/src/cspc_lidar_sdk_ros2/sdk/node_lidar.cpp:62:21:\x1b[m\x1b[K \x1b[01;35m\x1b[Kwarning: \x1b[m\x1b[K\xe2\x80\x98\x1b[01m\x1b[Kstatus_judge\x1b[m\x1b[K\xe2\x80\x99 defined but not used [\x1b[01;35m\x1b[K\x1b]8;;https://gcc.gnu.org/onlinedocs/gcc/Warning-Options.html#index-Wunused-variable\x07-Wunused-variable\x1b]8;;\x07\x1b[m\x1b[K]\n'}
[9.798888] (cspc_lidar) StderrLine: {'line': b'   62 |         static bool \x1b[01;35m\x1b[Kstatus_judge\x1b[m\x1b[K = false;     //\xe6\x95\xb4\xe4\xbd\x93\xe7\x8a\xb6\xe6\x80\x81\xe5\x88\xa4\xe6\x96\xad\n'}
[9.799416] (cspc_lidar) StderrLine: {'line': b'      |                     \x1b[01;35m\x1b[K^~~~~~~~~~~~\x1b[m\x1b[K\n'}
[9.856098] (-) TimerEvent: {}
[9.901663] (cspc_lidar) StderrLine: {'line': b'\x1b[01m\x1b[K/home/admin/workspace/host_udp_ws/src/cspc_lidar_sdk_ros2/sdk/calibration.cpp:\x1b[m\x1b[K In function \xe2\x80\x98\x1b[01m\x1b[Kvoid pcloud_build_by_scan(LaserScan&, pcloud_t&)\x1b[m\x1b[K\xe2\x80\x99:\n'}
[9.902571] (cspc_lidar) StderrLine: {'line': b'\x1b[01m\x1b[K/home/admin/workspace/host_udp_ws/src/cspc_lidar_sdk_ros2/sdk/calibration.cpp:44:21:\x1b[m\x1b[K \x1b[01;35m\x1b[Kwarning: \x1b[m\x1b[Kcomparison of integer expressions of different signedness: \xe2\x80\x98\x1b[01m\x1b[Kint\x1b[m\x1b[K\xe2\x80\x99 and \xe2\x80\x98\x1b[01m\x1b[Kstd::vector<LaserPoint>::size_type\x1b[m\x1b[K\xe2\x80\x99 {aka \xe2\x80\x98\x1b[01m\x1b[Klong unsigned int\x1b[m\x1b[K\xe2\x80\x99} [\x1b[01;35m\x1b[K\x1b]8;;https://gcc.gnu.org/onlinedocs/gcc/Warning-Options.html#index-Wsign-compare\x07-Wsign-compare\x1b]8;;\x07\x1b[m\x1b[K]\n'}
[9.903146] (cspc_lidar) StderrLine: {'line': b'   44 |   for (int i = 0; \x1b[01;35m\x1b[Ki < outscan.points.size()\x1b[m\x1b[K; i++)\n'}
[9.903664] (cspc_lidar) StderrLine: {'line': b'      |                   \x1b[01;35m\x1b[K~~^~~~~~~~~~~~~~~~~~~~~~~\x1b[m\x1b[K\n'}
[9.904219] (cspc_lidar) StderrLine: {'line': b'\x1b[01m\x1b[K/home/admin/workspace/host_udp_ws/src/cspc_lidar_sdk_ros2/sdk/calibration.cpp:46:11:\x1b[m\x1b[K \x1b[01;35m\x1b[Kwarning: \x1b[m\x1b[K\xe2\x80\x98\x1b[01m\x1b[Kvoid* memset(void*, int, size_t)\x1b[m\x1b[K\xe2\x80\x99 clearing an object of non-trivial type \xe2\x80\x98\x1b[01m\x1b[Kpoint_t\x1b[m\x1b[K\xe2\x80\x99 {aka \xe2\x80\x98\x1b[01m\x1b[Kstruct _point_\x1b[m\x1b[K\xe2\x80\x99}; use assignment or value-initialization instead [\x1b[01;35m\x1b[K\x1b]8;;https://gcc.gnu.org/onlinedocs/gcc/Warning-Options.html#index-Wclass-memaccess\x07-Wclass-memaccess\x1b]8;;\x07\x1b[m\x1b[K]\n'}
[9.904596] (cspc_lidar) StderrLine: {'line': b'   46 |     \x1b[01;35m\x1b[Kmemset(&point, 0, sizeof(point_t))\x1b[m\x1b[K;\n'}
[9.904943] (cspc_lidar) StderrLine: {'line': b'      |     \x1b[01;35m\x1b[K~~~~~~^~~~~~~~~~~~~~~~~~~~~~~~~~~~\x1b[m\x1b[K\n'}
[9.905286] (cspc_lidar) StderrLine: {'line': b'In file included from \x1b[01m\x1b[K/home/admin/workspace/host_udp_ws/src/cspc_lidar_sdk_ros2/sdk/calibration.cpp:8\x1b[m\x1b[K:\n'}
[9.905633] (cspc_lidar) StderrLine: {'line': b'\x1b[01m\x1b[K/home/admin/workspace/host_udp_ws/src/cspc_lidar_sdk_ros2/sdk/calibration.h:52:16:\x1b[m\x1b[K \x1b[01;36m\x1b[Knote: \x1b[m\x1b[K\xe2\x80\x98\x1b[01m\x1b[Kpoint_t\x1b[m\x1b[K\xe2\x80\x99 {aka \xe2\x80\x98\x1b[01m\x1b[Kstruct _point_\x1b[m\x1b[K\xe2\x80\x99} declared here\n'}
[9.906357] (cspc_lidar) StderrLine: {'line': b'   52 | typedef struct \x1b[01;36m\x1b[K_point_\x1b[m\x1b[K\n'}
[9.906750] (cspc_lidar) StderrLine: {'line': b'      |                \x1b[01;36m\x1b[K^~~~~~~\x1b[m\x1b[K\n'}
[9.907099] (cspc_lidar) StderrLine: {'line': b'\x1b[01m\x1b[K/home/admin/workspace/host_udp_ws/src/cspc_lidar_sdk_ros2/sdk/calibration.cpp:\x1b[m\x1b[K In function \xe2\x80\x98\x1b[01m\x1b[Kint find_index(point_t, pcloud_t&)\x1b[m\x1b[K\xe2\x80\x99:\n'}
[9.907447] (cspc_lidar) StderrLine: {'line': b'\x1b[01m\x1b[K/home/admin/workspace/host_udp_ws/src/cspc_lidar_sdk_ros2/sdk/calibration.cpp:105:9:\x1b[m\x1b[K \x1b[01;35m\x1b[Kwarning: \x1b[m\x1b[K\xe2\x80\x98\x1b[01m\x1b[Kvoid* memset(void*, int, size_t)\x1b[m\x1b[K\xe2\x80\x99 clearing an object of non-trivial type \xe2\x80\x98\x1b[01m\x1b[Kpoint_t\x1b[m\x1b[K\xe2\x80\x99 {aka \xe2\x80\x98\x1b[01m\x1b[Kstruct _point_\x1b[m\x1b[K\xe2\x80\x99}; use assignment or value-initialization instead [\x1b[01;35m\x1b[K\x1b]8;;https://gcc.gnu.org/onlinedocs/gcc/Warning-Options.html#index-Wclass-memaccess\x07-Wclass-memaccess\x1b]8;;\x07\x1b[m\x1b[K]\n'}
[9.907806] (cspc_lidar) StderrLine: {'line': b'  105 |   \x1b[01;35m\x1b[Kmemset(&point_min, 0, sizeof(point_t))\x1b[m\x1b[K;\n'}
[9.908174] (cspc_lidar) StderrLine: {'line': b'      |   \x1b[01;35m\x1b[K~~~~~~^~~~~~~~~~~~~~~~~~~~~~~~~~~~~~~~\x1b[m\x1b[K\n'}
[9.908566] (cspc_lidar) StderrLine: {'line': b'In file included from \x1b[01m\x1b[K/home/admin/workspace/host_udp_ws/src/cspc_lidar_sdk_ros2/sdk/calibration.cpp:8\x1b[m\x1b[K:\n'}
[9.908996] (cspc_lidar) StderrLine: {'line': b'\x1b[01m\x1b[K/home/admin/workspace/host_udp_ws/src/cspc_lidar_sdk_ros2/sdk/calibration.h:52:16:\x1b[m\x1b[K \x1b[01;36m\x1b[Knote: \x1b[m\x1b[K\xe2\x80\x98\x1b[01m\x1b[Kpoint_t\x1b[m\x1b[K\xe2\x80\x99 {aka \xe2\x80\x98\x1b[01m\x1b[Kstruct _point_\x1b[m\x1b[K\xe2\x80\x99} declared here\n'}
[9.911855] (cspc_lidar) StderrLine: {'line': b'   52 | typedef struct \x1b[01;36m\x1b[K_point_\x1b[m\x1b[K\n'}
[9.914667] (cspc_lidar) StderrLine: {'line': b'      |                \x1b[01;36m\x1b[K^~~~~~~\x1b[m\x1b[K\n'}
[9.915112] (cspc_lidar) StderrLine: {'line': b'\x1b[01m\x1b[K/home/admin/workspace/host_udp_ws/src/cspc_lidar_sdk_ros2/sdk/calibration.cpp:124:23:\x1b[m\x1b[K \x1b[01;35m\x1b[Kwarning: \x1b[m\x1b[Kcomparison of integer expressions of different signedness: \xe2\x80\x98\x1b[01m\x1b[Kint\x1b[m\x1b[K\xe2\x80\x99 and \xe2\x80\x98\x1b[01m\x1b[Kstd::vector<_point_>::size_type\x1b[m\x1b[K\xe2\x80\x99 {aka \xe2\x80\x98\x1b[01m\x1b[Klong unsigned int\x1b[m\x1b[K\xe2\x80\x99} [\x1b[01;35m\x1b[K\x1b]8;;https://gcc.gnu.org/onlinedocs/gcc/Warning-Options.html#index-Wsign-compare\x07-Wsign-compare\x1b]8;;\x07\x1b[m\x1b[K]\n'}
[9.915569] (cspc_lidar) StderrLine: {'line': b'  124 |   if (\x1b[01;35m\x1b[Kpoint_min.index > pcloud.data.size()\x1b[m\x1b[K)\n'}
[9.915977] (cspc_lidar) StderrLine: {'line': b'      |       \x1b[01;35m\x1b[K~~~~~~~~~~~~~~~~^~~~~~~~~~~~~~~~~~~~\x1b[m\x1b[K\n'}
[9.916378] (cspc_lidar) StderrLine: {'line': b'\x1b[01m\x1b[K/home/admin/workspace/host_udp_ws/src/cspc_lidar_sdk_ros2/sdk/calibration.cpp:\x1b[m\x1b[K In function \xe2\x80\x98\x1b[01m\x1b[Kbool intersect(LineSegment, LineSegment, Vector2D&)\x1b[m\x1b[K\xe2\x80\x99:\n'}
[9.916761] (cspc_lidar) StderrLine: {'line': b'\x1b[01m\x1b[K/home/admin/workspace/host_udp_ws/src/cspc_lidar_sdk_ros2/sdk/calibration.cpp:167:10:\x1b[m\x1b[K \x1b[01;35m\x1b[Kwarning: \x1b[m\x1b[Kunused variable \xe2\x80\x98\x1b[01m\x1b[Kcross1\x1b[m\x1b[K\xe2\x80\x99 [\x1b[01;35m\x1b[K\x1b]8;;https://gcc.gnu.org/onlinedocs/gcc/Warning-Options.html#index-Wunused-variable\x07-Wunused-variable\x1b]8;;\x07\x1b[m\x1b[K]\n'}
[9.918126] (cspc_lidar) StderrLine: {'line': b'  167 |   double \x1b[01;35m\x1b[Kcross1\x1b[m\x1b[K = position1.x * direction1.y - position1.y * direction1.x;\n'}
[9.918890] (cspc_lidar) StderrLine: {'line': b'      |          \x1b[01;35m\x1b[K^~~~~~\x1b[m\x1b[K\n'}
[9.919668] (cspc_lidar) StderrLine: {'line': b'\x1b[01m\x1b[K/home/admin/workspace/host_udp_ws/src/cspc_lidar_sdk_ros2/sdk/calibration.cpp:\x1b[m\x1b[K In function \xe2\x80\x98\x1b[01m\x1b[Kdouble pointToLineDist(point_t, double, double)\x1b[m\x1b[K\xe2\x80\x99:\n'}
[9.920174] (cspc_lidar) StderrLine: {'line': b'\x1b[01m\x1b[K/home/admin/workspace/host_udp_ws/src/cspc_lidar_sdk_ros2/sdk/calibration.cpp:439:10:\x1b[m\x1b[K \x1b[01;35m\x1b[Kwarning: \x1b[m\x1b[Kunused variable \xe2\x80\x98\x1b[01m\x1b[Ky0\x1b[m\x1b[K\xe2\x80\x99 [\x1b[01;35m\x1b[K\x1b]8;;https://gcc.gnu.org/onlinedocs/gcc/Warning-Options.html#index-Wunused-variable\x07-Wunused-variable\x1b]8;;\x07\x1b[m\x1b[K]\n'}
[9.920663] (cspc_lidar) StderrLine: {'line': b'  439 |   double \x1b[01;35m\x1b[Ky0\x1b[m\x1b[K = k * x0 + b;\n'}
[9.921042] (cspc_lidar) StderrLine: {'line': b'      |          \x1b[01;35m\x1b[K^~\x1b[m\x1b[K\n'}
[9.921658] (cspc_lidar) StderrLine: {'line': b'\x1b[01m\x1b[K/home/admin/workspace/host_udp_ws/src/cspc_lidar_sdk_ros2/sdk/calibration.cpp:\x1b[m\x1b[K In function \xe2\x80\x98\x1b[01m\x1b[Kbool line_judgment(std::vector<_point_>, point_t)\x1b[m\x1b[K\xe2\x80\x99:\n'}
[9.922258] (cspc_lidar) StderrLine: {'line': b'\x1b[01m\x1b[K/home/admin/workspace/host_udp_ws/src/cspc_lidar_sdk_ros2/sdk/calibration.cpp:462:19:\x1b[m\x1b[K \x1b[01;35m\x1b[Kwarning: \x1b[m\x1b[Kcomparison of integer expressions of different signedness: \xe2\x80\x98\x1b[01m\x1b[Kstd::vector<_point_>::size_type\x1b[m\x1b[K\xe2\x80\x99 {aka \xe2\x80\x98\x1b[01m\x1b[Klong unsigned int\x1b[m\x1b[K\xe2\x80\x99} and \xe2\x80\x98\x1b[01m\x1b[Kint\x1b[m\x1b[K\xe2\x80\x99 [\x1b[01;35m\x1b[K\x1b]8;;https://gcc.gnu.org/onlinedocs/gcc/Warning-Options.html#index-Wsign-compare\x07-Wsign-compare\x1b]8;;\x07\x1b[m\x1b[K]\n'}
[9.922753] (cspc_lidar) StderrLine: {'line': b'  462 |   if (\x1b[01;35m\x1b[Kline.size() <= reference\x1b[m\x1b[K)\n'}
[9.923146] (cspc_lidar) StderrLine: {'line': b'      |       \x1b[01;35m\x1b[K~~~~~~~~~~~~^~~~~~~~~~~~\x1b[m\x1b[K\n'}
[9.923510] (cspc_lidar) StderrLine: {'line': b'\x1b[01m\x1b[K/home/admin/workspace/host_udp_ws/src/cspc_lidar_sdk_ros2/sdk/calibration.cpp:467:19:\x1b[m\x1b[K \x1b[01;35m\x1b[Kwarning: \x1b[m\x1b[Kcomparison of integer expressions of different signedness: \xe2\x80\x98\x1b[01m\x1b[Kstd::vector<_point_>::size_type\x1b[m\x1b[K\xe2\x80\x99 {aka \xe2\x80\x98\x1b[01m\x1b[Klong unsigned int\x1b[m\x1b[K\xe2\x80\x99} and \xe2\x80\x98\x1b[01m\x1b[Kint\x1b[m\x1b[K\xe2\x80\x99 [\x1b[01;35m\x1b[K\x1b]8;;https://gcc.gnu.org/onlinedocs/gcc/Warning-Options.html#index-Wsign-compare\x07-Wsign-compare\x1b]8;;\x07\x1b[m\x1b[K]\n'}
[9.923925] (cspc_lidar) StderrLine: {'line': b'  467 |   if (\x1b[01;35m\x1b[Kline.size() <= reference\x1b[m\x1b[K)\n'}
[9.924292] (cspc_lidar) StderrLine: {'line': b'      |       \x1b[01;35m\x1b[K~~~~~~~~~~~~^~~~~~~~~~~~\x1b[m\x1b[K\n'}
[9.924652] (cspc_lidar) StderrLine: {'line': b'\x1b[01m\x1b[K/home/admin/workspace/host_udp_ws/src/cspc_lidar_sdk_ros2/sdk/calibration.cpp:471:23:\x1b[m\x1b[K \x1b[01;35m\x1b[Kwarning: \x1b[m\x1b[Kcomparison of integer expressions of different signedness: \xe2\x80\x98\x1b[01m\x1b[Kint\x1b[m\x1b[K\xe2\x80\x99 and \xe2\x80\x98\x1b[01m\x1b[Kstd::vector<_point_>::size_type\x1b[m\x1b[K\xe2\x80\x99 {aka \xe2\x80\x98\x1b[01m\x1b[Klong unsigned int\x1b[m\x1b[K\xe2\x80\x99} [\x1b[01;35m\x1b[K\x1b]8;;https://gcc.gnu.org/onlinedocs/gcc/Warning-Options.html#index-Wsign-compare\x07-Wsign-compare\x1b]8;;\x07\x1b[m\x1b[K]\n'}
[9.925029] (cspc_lidar) StderrLine: {'line': b'  471 |     for (int i = 1; \x1b[01;35m\x1b[Ki < line.size() - 1\x1b[m\x1b[K; i++)\n'}
[9.925401] (cspc_lidar) StderrLine: {'line': b'      |                     \x1b[01;35m\x1b[K~~^~~~~~~~~~~~~~~~~\x1b[m\x1b[K\n'}
[9.925767] (cspc_lidar) StderrLine: {'line': b'\x1b[01m\x1b[K/home/admin/workspace/host_udp_ws/src/cspc_lidar_sdk_ros2/sdk/calibration.cpp:\x1b[m\x1b[K In function \xe2\x80\x98\x1b[01m\x1b[Kvoid fitting_line(pcloud_t&)\x1b[m\x1b[K\xe2\x80\x99:\n'}
[9.926184] (cspc_lidar) StderrLine: {'line': b'\x1b[01m\x1b[K/home/admin/workspace/host_udp_ws/src/cspc_lidar_sdk_ros2/sdk/calibration.cpp:542:25:\x1b[m\x1b[K \x1b[01;35m\x1b[Kwarning: \x1b[m\x1b[Kcomparison of integer expressions of different signedness: \xe2\x80\x98\x1b[01m\x1b[Kstd::vector<_point_>::size_type\x1b[m\x1b[K\xe2\x80\x99 {aka \xe2\x80\x98\x1b[01m\x1b[Klong unsigned int\x1b[m\x1b[K\xe2\x80\x99} and \xe2\x80\x98\x1b[01m\x1b[Kint\x1b[m\x1b[K\xe2\x80\x99 [\x1b[01;35m\x1b[K\x1b]8;;https://gcc.gnu.org/onlinedocs/gcc/Warning-Options.html#index-Wsign-compare\x07-Wsign-compare\x1b]8;;\x07\x1b[m\x1b[K]\n'}
[9.926614] (cspc_lidar) StderrLine: {'line': b'  542 |         if (\x1b[01;35m\x1b[Kline.size() >= calibration_params.line_judgment_point_num\x1b[m\x1b[K)\n'}
[9.926977] (cspc_lidar) StderrLine: {'line': b'      |             \x1b[01;35m\x1b[K~~~~~~~~~~~~^~~~~~~~~~~~~~~~~~~~~~~~~~~~~~~~~~~~~~~~~~~~~\x1b[m\x1b[K\n'}
[9.927341] (cspc_lidar) StderrLine: {'line': b'\x1b[01m\x1b[K/home/admin/workspace/host_udp_ws/src/cspc_lidar_sdk_ros2/sdk/calibration.cpp:560:63:\x1b[m\x1b[K \x1b[01;35m\x1b[Kwarning: \x1b[m\x1b[Kcomparison of integer expressions of different signedness: \xe2\x80\x98\x1b[01m\x1b[Kstd::vector<_point_>::size_type\x1b[m\x1b[K\xe2\x80\x99 {aka \xe2\x80\x98\x1b[01m\x1b[Klong unsigned int\x1b[m\x1b[K\xe2\x80\x99} and \xe2\x80\x98\x1b[01m\x1b[Kint\x1b[m\x1b[K\xe2\x80\x99 [\x1b[01;35m\x1b[K\x1b]8;;https://gcc.gnu.org/onlinedocs/gcc/Warning-Options.html#index-Wsign-compare\x07-Wsign-compare\x1b]8;;\x07\x1b[m\x1b[K]\n'}
[9.927735] (cspc_lidar) StderrLine: {'line': b'  560 |         if(point.index == point_last_one.index && \x1b[01;35m\x1b[Kline.size() >= calibration_params.line_judgment_point_num\x1b[m\x1b[K)\n'}
[9.928130] (cspc_lidar) StderrLine: {'line': b'      |                                                   \x1b[01;35m\x1b[K~~~~~~~~~~~~^~~~~~~~~~~~~~~~~~~~~~~~~~~~~~~~~~~~~~~~~~~~~\x1b[m\x1b[K\n'}
[9.928489] (cspc_lidar) StderrLine: {'line': b'\x1b[01m\x1b[K/home/admin/workspace/host_udp_ws/src/cspc_lidar_sdk_ros2/sdk/calibration.cpp:571:26:\x1b[m\x1b[K \x1b[01;35m\x1b[Kwarning: \x1b[m\x1b[Kcomparison of integer expressions of different signedness: \xe2\x80\x98\x1b[01m\x1b[Kint\x1b[m\x1b[K\xe2\x80\x99 and \xe2\x80\x98\x1b[01m\x1b[Kstd::vector<_point_>::size_type\x1b[m\x1b[K\xe2\x80\x99 {aka \xe2\x80\x98\x1b[01m\x1b[Klong unsigned int\x1b[m\x1b[K\xe2\x80\x99} [\x1b[01;35m\x1b[K\x1b]8;;https://gcc.gnu.org/onlinedocs/gcc/Warning-Options.html#index-Wsign-compare\x07-Wsign-compare\x1b]8;;\x07\x1b[m\x1b[K]\n'}
[9.928864] (cspc_lidar) StderrLine: {'line': b'  571 |   if(\x1b[01;35m\x1b[Kpoint_record2.index < pcloud.data.size()\x1b[m\x1b[K\n'}
[9.929225] (cspc_lidar) StderrLine: {'line': b'      |      \x1b[01;35m\x1b[K~~~~~~~~~~~~~~~~~~~~^~~~~~~~~~~~~~~~~~~~\x1b[m\x1b[K\n'}
[9.929818] (cspc_lidar) StderrLine: {'line': b'\x1b[01m\x1b[K/home/admin/workspace/host_udp_ws/src/cspc_lidar_sdk_ros2/sdk/calibration.cpp:572:28:\x1b[m\x1b[K \x1b[01;35m\x1b[Kwarning: \x1b[m\x1b[Kcomparison of integer expressions of different signedness: \xe2\x80\x98\x1b[01m\x1b[Kint\x1b[m\x1b[K\xe2\x80\x99 and \xe2\x80\x98\x1b[01m\x1b[Kstd::vector<_point_>::size_type\x1b[m\x1b[K\xe2\x80\x99 {aka \xe2\x80\x98\x1b[01m\x1b[Klong unsigned int\x1b[m\x1b[K\xe2\x80\x99} [\x1b[01;35m\x1b[K\x1b]8;;https://gcc.gnu.org/onlinedocs/gcc/Warning-Options.html#index-Wsign-compare\x07-Wsign-compare\x1b]8;;\x07\x1b[m\x1b[K]\n'}
[9.930239] (cspc_lidar) StderrLine: {'line': b'  572 |   &&  \x1b[01;35m\x1b[Kpoint_last_one.index < pcloud.data.size()\x1b[m\x1b[K\n'}
[9.930619] (cspc_lidar) StderrLine: {'line': b'      |       \x1b[01;35m\x1b[K~~~~~~~~~~~~~~~~~~~~~^~~~~~~~~~~~~~~~~~~~\x1b[m\x1b[K\n'}
[9.931050] (cspc_lidar) StderrLine: {'line': b'\x1b[01m\x1b[K/home/admin/workspace/host_udp_ws/src/cspc_lidar_sdk_ros2/sdk/calibration.cpp:573:27:\x1b[m\x1b[K \x1b[01;35m\x1b[Kwarning: \x1b[m\x1b[Kcomparison of integer expressions of different signedness: \xe2\x80\x98\x1b[01m\x1b[Kint\x1b[m\x1b[K\xe2\x80\x99 and \xe2\x80\x98\x1b[01m\x1b[Kstd::vector<_point_>::size_type\x1b[m\x1b[K\xe2\x80\x99 {aka \xe2\x80\x98\x1b[01m\x1b[Klong unsigned int\x1b[m\x1b[K\xe2\x80\x99} [\x1b[01;35m\x1b[K\x1b]8;;https://gcc.gnu.org/onlinedocs/gcc/Warning-Options.html#index-Wsign-compare\x07-Wsign-compare\x1b]8;;\x07\x1b[m\x1b[K]\n'}
[9.931521] (cspc_lidar) StderrLine: {'line': b'  573 |   &&  \x1b[01;35m\x1b[Kpoint_record1.index < pcloud.data.size()\x1b[m\x1b[K)\n'}
[9.933069] (cspc_lidar) StderrLine: {'line': b'      |       \x1b[01;35m\x1b[K~~~~~~~~~~~~~~~~~~~~^~~~~~~~~~~~~~~~~~~~\x1b[m\x1b[K\n'}
[9.933657] (cspc_lidar) StderrLine: {'line': b'\x1b[01m\x1b[K/home/admin/workspace/host_udp_ws/src/cspc_lidar_sdk_ros2/sdk/calibration.cpp:597:28:\x1b[m\x1b[K \x1b[01;35m\x1b[Kwarning: \x1b[m\x1b[Kcomparison of integer expressions of different signedness: \xe2\x80\x98\x1b[01m\x1b[Kstd::vector<_point_>::size_type\x1b[m\x1b[K\xe2\x80\x99 {aka \xe2\x80\x98\x1b[01m\x1b[Klong unsigned int\x1b[m\x1b[K\xe2\x80\x99} and \xe2\x80\x98\x1b[01m\x1b[Kint\x1b[m\x1b[K\xe2\x80\x99 [\x1b[01;35m\x1b[K\x1b]8;;https://gcc.gnu.org/onlinedocs/gcc/Warning-Options.html#index-Wsign-compare\x07-Wsign-compare\x1b]8;;\x07\x1b[m\x1b[K]\n'}
[9.934194] (cspc_lidar) StderrLine: {'line': b'  597 |     if (\x1b[01;35m\x1b[Kline_append.size() >= calibration_params.line_judgment_point_num\x1b[m\x1b[K)\n'}
[9.934685] (cspc_lidar) StderrLine: {'line': b'      |         \x1b[01;35m\x1b[K~~~~~~~~~~~~~~~~~~~^~~~~~~~~~~~~~~~~~~~~~~~~~~~~~~~~~~~~~~~~~~~~\x1b[m\x1b[K\n'}
[9.935127] (cspc_lidar) StderrLine: {'line': b'\x1b[01m\x1b[K/home/admin/workspace/host_udp_ws/src/cspc_lidar_sdk_ros2/sdk/calibration.cpp:606:29:\x1b[m\x1b[K \x1b[01;35m\x1b[Kwarning: \x1b[m\x1b[Kcomparison of integer expressions of different signedness: \xe2\x80\x98\x1b[01m\x1b[Kstd::vector<_point_>::size_type\x1b[m\x1b[K\xe2\x80\x99 {aka \xe2\x80\x98\x1b[01m\x1b[Klong unsigned int\x1b[m\x1b[K\xe2\x80\x99} and \xe2\x80\x98\x1b[01m\x1b[Kint\x1b[m\x1b[K\xe2\x80\x99 [\x1b[01;35m\x1b[K\x1b]8;;https://gcc.gnu.org/onlinedocs/gcc/Warning-Options.html#index-Wsign-compare\x07-Wsign-compare\x1b]8;;\x07\x1b[m\x1b[K]\n'}
[9.935621] (cspc_lidar) StderrLine: {'line': b'  606 |             if (\x1b[01;35m\x1b[Kline.size() >= calibration_params.line_judgment_point_num\x1b[m\x1b[K)\n'}
[9.936902] (cspc_lidar) StderrLine: {'line': b'      |                 \x1b[01;35m\x1b[K~~~~~~~~~~~~^~~~~~~~~~~~~~~~~~~~~~~~~~~~~~~~~~~~~~~~~~~~~\x1b[m\x1b[K\n'}
[9.937449] (cspc_lidar) StderrLine: {'line': b'\x1b[01m\x1b[K/home/admin/workspace/host_udp_ws/src/cspc_lidar_sdk_ros2/sdk/calibration.cpp:617:68:\x1b[m\x1b[K \x1b[01;35m\x1b[Kwarning: \x1b[m\x1b[Kcomparison of integer expressions of different signedness: \xe2\x80\x98\x1b[01m\x1b[Kstd::vector<_point_>::size_type\x1b[m\x1b[K\xe2\x80\x99 {aka \xe2\x80\x98\x1b[01m\x1b[Klong unsigned int\x1b[m\x1b[K\xe2\x80\x99} and \xe2\x80\x98\x1b[01m\x1b[Kint\x1b[m\x1b[K\xe2\x80\x99 [\x1b[01;35m\x1b[K\x1b]8;;https://gcc.gnu.org/onlinedocs/gcc/Warning-Options.html#index-Wsign-compare\x07-Wsign-compare\x1b]8;;\x07\x1b[m\x1b[K]\n'}
[9.937976] (cspc_lidar) StderrLine: {'line': b'  617 |           if(point.index == point_append_last.index && \x1b[01;35m\x1b[Kline.size() >= calibration_params.line_judgment_point_num\x1b[m\x1b[K)\n'}
[9.938438] (cspc_lidar) StderrLine: {'line': b'      |                                                        \x1b[01;35m\x1b[K~~~~~~~~~~~~^~~~~~~~~~~~~~~~~~~~~~~~~~~~~~~~~~~~~~~~~~~~~\x1b[m\x1b[K\n'}
[9.938858] (cspc_lidar) StderrLine: {'line': b'\x1b[01m\x1b[K/home/admin/workspace/host_udp_ws/src/cspc_lidar_sdk_ros2/sdk/calibration.cpp:632:23:\x1b[m\x1b[K \x1b[01;35m\x1b[Kwarning: \x1b[m\x1b[Kcomparison of integer expressions of different signedness: \xe2\x80\x98\x1b[01m\x1b[Kint\x1b[m\x1b[K\xe2\x80\x99 and \xe2\x80\x98\x1b[01m\x1b[Kstd::vector<std::vector<_point_> >::size_type\x1b[m\x1b[K\xe2\x80\x99 {aka \xe2\x80\x98\x1b[01m\x1b[Klong unsigned int\x1b[m\x1b[K\xe2\x80\x99} [\x1b[01;35m\x1b[K\x1b]8;;https://gcc.gnu.org/onlinedocs/gcc/Warning-Options.html#index-Wsign-compare\x07-Wsign-compare\x1b]8;;\x07\x1b[m\x1b[K]\n'}
[9.939306] (cspc_lidar) StderrLine: {'line': b'  632 |     for (int i = 0; \x1b[01;35m\x1b[Ki < lines.size() - 1\x1b[m\x1b[K; i++)\n'}
[9.939785] (cspc_lidar) StderrLine: {'line': b'      |                     \x1b[01;35m\x1b[K~~^~~~~~~~~~~~~~~~~~\x1b[m\x1b[K\n'}
[9.940201] (cspc_lidar) StderrLine: {'line': b'\x1b[01m\x1b[K/home/admin/workspace/host_udp_ws/src/cspc_lidar_sdk_ros2/sdk/calibration.cpp:\x1b[m\x1b[K In function \xe2\x80\x98\x1b[01m\x1b[Kvoid lidar_calibration(LaserScan&)\x1b[m\x1b[K\xe2\x80\x99:\n'}
[9.940691] (cspc_lidar) StderrLine: {'line': b'\x1b[01m\x1b[K/home/admin/workspace/host_udp_ws/src/cspc_lidar_sdk_ros2/sdk/calibration.cpp:662:11:\x1b[m\x1b[K \x1b[01;35m\x1b[Kwarning: \x1b[m\x1b[K\xe2\x80\x98\x1b[01m\x1b[Kvoid* memset(void*, int, size_t)\x1b[m\x1b[K\xe2\x80\x99 clearing an object of type \xe2\x80\x98\x1b[01m\x1b[Kstruct LaserPoint\x1b[m\x1b[K\xe2\x80\x99 with no trivial copy-assignment; use assignment or value-initialization instead [\x1b[01;35m\x1b[K\x1b]8;;https://gcc.gnu.org/onlinedocs/gcc/Warning-Options.html#index-Wclass-memaccess\x07-Wclass-memaccess\x1b]8;;\x07\x1b[m\x1b[K]\n'}
[9.941444] (cspc_lidar) StderrLine: {'line': b'  662 |     \x1b[01;35m\x1b[Kmemset(&outscan_point, 0, sizeof(LaserPoint))\x1b[m\x1b[K;\n'}
[9.941957] (cspc_lidar) StderrLine: {'line': b'      |     \x1b[01;35m\x1b[K~~~~~~^~~~~~~~~~~~~~~~~~~~~~~~~~~~~~~~~~~~~~~\x1b[m\x1b[K\n'}
[9.942528] (cspc_lidar) StderrLine: {'line': b'In file included from \x1b[01m\x1b[K/home/admin/workspace/host_udp_ws/src/cspc_lidar_sdk_ros2/sdk/calibration.h:4\x1b[m\x1b[K,\n'}
[9.943171] (cspc_lidar) StderrLine: {'line': b'                 from \x1b[01m\x1b[K/home/admin/workspace/host_udp_ws/src/cspc_lidar_sdk_ros2/sdk/calibration.cpp:8\x1b[m\x1b[K:\n'}
[9.943667] (cspc_lidar) StderrLine: {'line': b'\x1b[01m\x1b[K/home/admin/workspace/host_udp_ws/src/cspc_lidar_sdk_ros2/sdk/lidar_information.h:210:8:\x1b[m\x1b[K \x1b[01;36m\x1b[Knote: \x1b[m\x1b[K\xe2\x80\x98\x1b[01m\x1b[Kstruct LaserPoint\x1b[m\x1b[K\xe2\x80\x99 declared here\n'}
[9.944135] (cspc_lidar) StderrLine: {'line': b'  210 | struct \x1b[01;36m\x1b[KLaserPoint\x1b[m\x1b[K\n'}
[9.944580] (cspc_lidar) StderrLine: {'line': b'      |        \x1b[01;36m\x1b[K^~~~~~~~~~\x1b[m\x1b[K\n'}
[9.956325] (-) TimerEvent: {}
[10.056961] (-) TimerEvent: {}
[10.112920] (cspc_lidar) StderrLine: {'line': b'In file included from \x1b[01m\x1b[K/home/admin/workspace/host_udp_ws/src/cspc_lidar_sdk_ros2/sdk/serial_port.cpp:12\x1b[m\x1b[K:\n'}
[10.113710] (cspc_lidar) StderrLine: {'line': b'\x1b[01m\x1b[K/home/admin/workspace/host_udp_ws/src/cspc_lidar_sdk_ros2/sdk/serial_port.h:\x1b[m\x1b[K In constructor \xe2\x80\x98\x1b[01m\x1b[KSerial_Port::Serial_Port(const string&, uint32_t, Timeout, bytesize_t, parity_t, stopbits_t, flowcontrol_t)\x1b[m\x1b[K\xe2\x80\x99:\n'}
[10.114295] (cspc_lidar) StderrLine: {'line': b'\x1b[01m\x1b[K/home/admin/workspace/host_udp_ws/src/cspc_lidar_sdk_ros2/sdk/serial_port.h:102:14:\x1b[m\x1b[K \x1b[01;35m\x1b[Kwarning: \x1b[m\x1b[K\xe2\x80\x98\x1b[01m\x1b[KSerial_Port::bytesize_\x1b[m\x1b[K\xe2\x80\x99 will be initialized after [\x1b[01;35m\x1b[K\x1b]8;;https://gcc.gnu.org/onlinedocs/gcc/Warning-Options.html#index-Wreorder\x07-Wreorder\x1b]8;;\x07\x1b[m\x1b[K]\n'}
[10.114705] (cspc_lidar) StderrLine: {'line': b'  102 |   bytesize_t \x1b[01;35m\x1b[Kbytesize_\x1b[m\x1b[K;       // Size of the bytes\n'}
[10.115060] (cspc_lidar) StderrLine: {'line': b'      |              \x1b[01;35m\x1b[K^~~~~~~~~\x1b[m\x1b[K\n'}
[10.115404] (cspc_lidar) StderrLine: {'line': b'\x1b[01m\x1b[K/home/admin/workspace/host_udp_ws/src/cspc_lidar_sdk_ros2/sdk/serial_port.h:101:12:\x1b[m\x1b[K \x1b[01;35m\x1b[Kwarning: \x1b[m\x1b[K  \xe2\x80\x98\x1b[01m\x1b[Kparity_t Serial_Port::parity_\x1b[m\x1b[K\xe2\x80\x99 [\x1b[01;35m\x1b[K\x1b]8;;https://gcc.gnu.org/onlinedocs/gcc/Warning-Options.html#index-Wreorder\x07-Wreorder\x1b]8;;\x07\x1b[m\x1b[K]\n'}
[10.115760] (cspc_lidar) StderrLine: {'line': b'  101 |   parity_t \x1b[01;35m\x1b[Kparity_\x1b[m\x1b[K;           // Parity\n'}
[10.116192] (cspc_lidar) StderrLine: {'line': b'      |            \x1b[01;35m\x1b[K^~~~~~~\x1b[m\x1b[K\n'}
[10.116663] (cspc_lidar) StderrLine: {'line': b'\x1b[01m\x1b[K/home/admin/workspace/host_udp_ws/src/cspc_lidar_sdk_ros2/sdk/serial_port.cpp:31:1:\x1b[m\x1b[K \x1b[01;35m\x1b[Kwarning: \x1b[m\x1b[K  when initialized here [\x1b[01;35m\x1b[K\x1b]8;;https://gcc.gnu.org/onlinedocs/gcc/Warning-Options.html#index-Wreorder\x07-Wreorder\x1b]8;;\x07\x1b[m\x1b[K]\n'}
[10.117049] (cspc_lidar) StderrLine: {'line': b'   31 | \x1b[01;35m\x1b[KSerial_Port\x1b[m\x1b[K::Serial_Port(const string &port, uint32_t baudrate, Timeout timeout,\n'}
[10.117409] (cspc_lidar) StderrLine: {'line': b'      | \x1b[01;35m\x1b[K^~~~~~~~~~~\x1b[m\x1b[K\n'}
[10.118569] (cspc_lidar) StderrLine: {'line': b'\x1b[01m\x1b[K/home/admin/workspace/host_udp_ws/src/cspc_lidar_sdk_ros2/sdk/serial_port.cpp:\x1b[m\x1b[K In member function \xe2\x80\x98\x1b[01m\x1b[Kbool Serial_Port::setBaudrate(long unsigned int)\x1b[m\x1b[K\xe2\x80\x99:\n'}
[10.119021] (cspc_lidar) StderrLine: {'line': b'\x1b[01m\x1b[K/home/admin/workspace/host_udp_ws/src/cspc_lidar_sdk_ros2/sdk/serial_port.cpp:578:11:\x1b[m\x1b[K \x1b[01;35m\x1b[Kwarning: \x1b[m\x1b[Kunused variable \xe2\x80\x98\x1b[01m\x1b[Knew_baud\x1b[m\x1b[K\xe2\x80\x99 [\x1b[01;35m\x1b[K\x1b]8;;https://gcc.gnu.org/onlinedocs/gcc/Warning-Options.html#index-Wunused-variable\x07-Wunused-variable\x1b]8;;\x07\x1b[m\x1b[K]\n'}
[10.119427] (cspc_lidar) StderrLine: {'line': b'  578 |   speed_t \x1b[01;35m\x1b[Knew_baud\x1b[m\x1b[K = static_cast<speed_t>(baudrate);\n'}
[10.119788] (cspc_lidar) StderrLine: {'line': b'      |           \x1b[01;35m\x1b[K^~~~~~~~\x1b[m\x1b[K\n'}
[10.157274] (-) TimerEvent: {}
[10.187968] (cspc_lidar) StderrLine: {'line': b'\x1b[01m\x1b[K/home/admin/workspace/host_udp_ws/src/cspc_lidar_sdk_ros2/sdk/serial_port.cpp:\x1b[m\x1b[K In member function \xe2\x80\x98\x1b[01m\x1b[Kbool Serial_Port::setCustomBaudRate(long unsigned int)\x1b[m\x1b[K\xe2\x80\x99:\n'}
[10.188839] (cspc_lidar) StderrLine: {'line': b'\x1b[01m\x1b[K/home/admin/workspace/host_udp_ws/src/cspc_lidar_sdk_ros2/sdk/serial_port.cpp:571:1:\x1b[m\x1b[K \x1b[01;35m\x1b[Kwarning: \x1b[m\x1b[Kcontrol reaches end of non-void function [\x1b[01;35m\x1b[K\x1b]8;;https://gcc.gnu.org/onlinedocs/gcc/Warning-Options.html#index-Wreturn-type\x07-Wreturn-type\x1b]8;;\x07\x1b[m\x1b[K]\n'}
[10.189413] (cspc_lidar) StderrLine: {'line': b'  571 | \x1b[01;35m\x1b[K}\x1b[m\x1b[K\n'}
[10.189850] (cspc_lidar) StderrLine: {'line': b'      | \x1b[01;35m\x1b[K^\x1b[m\x1b[K\n'}
[10.257437] (-) TimerEvent: {}
[10.358283] (-) TimerEvent: {}
[10.459736] (-) TimerEvent: {}
[10.560544] (-) TimerEvent: {}
[10.661438] (-) TimerEvent: {}
[10.762438] (-) TimerEvent: {}
[10.863852] (-) TimerEvent: {}
[10.965123] (-) TimerEvent: {}
[11.066180] (-) TimerEvent: {}
[11.167414] (-) TimerEvent: {}
[11.268566] (-) TimerEvent: {}
[11.369667] (-) TimerEvent: {}
[11.470298] (-) TimerEvent: {}
[11.570808] (-) TimerEvent: {}
[11.671280] (-) TimerEvent: {}
[11.771647] (-) TimerEvent: {}
[11.872392] (-) TimerEvent: {}
[11.973408] (-) TimerEvent: {}
[12.073929] (-) TimerEvent: {}
[12.174357] (-) TimerEvent: {}
[12.274804] (-) TimerEvent: {}
[12.375223] (-) TimerEvent: {}
[12.475680] (-) TimerEvent: {}
[12.576212] (-) TimerEvent: {}
[12.676671] (-) TimerEvent: {}
[12.777264] (-) TimerEvent: {}
[12.877909] (-) TimerEvent: {}
[12.978245] (-) TimerEvent: {}
[13.078691] (-) TimerEvent: {}
[13.179372] (-) TimerEvent: {}
[13.279852] (-) TimerEvent: {}
[13.380648] (-) TimerEvent: {}
[13.481554] (-) TimerEvent: {}
[13.582287] (-) TimerEvent: {}
[13.683150] (-) TimerEvent: {}
[13.784855] (-) TimerEvent: {}
[13.885800] (-) TimerEvent: {}
[13.986506] (-) TimerEvent: {}
[14.087322] (-) TimerEvent: {}
[14.188371] (-) TimerEvent: {}
[14.289515] (-) TimerEvent: {}
[14.390230] (-) TimerEvent: {}
[14.490808] (-) TimerEvent: {}
[14.591616] (-) TimerEvent: {}
[14.692747] (-) TimerEvent: {}
[14.793442] (-) TimerEvent: {}
[14.894184] (-) TimerEvent: {}
[14.994695] (-) TimerEvent: {}
[15.095483] (-) TimerEvent: {}
[15.196157] (-) TimerEvent: {}
[15.296888] (-) TimerEvent: {}
[15.397689] (-) TimerEvent: {}
[15.498392] (-) TimerEvent: {}
[15.599181] (-) TimerEvent: {}
[15.699879] (-) TimerEvent: {}
[15.800537] (-) TimerEvent: {}
[15.901638] (-) TimerEvent: {}
[16.002896] (-) TimerEvent: {}
[16.103657] (-) TimerEvent: {}
[16.204331] (-) TimerEvent: {}
[16.304855] (-) TimerEvent: {}
[16.405266] (-) TimerEvent: {}
[16.505872] (-) TimerEvent: {}
[16.606609] (-) TimerEvent: {}
[16.707281] (-) TimerEvent: {}
[16.808138] (-) TimerEvent: {}
[16.908904] (-) TimerEvent: {}
[17.009682] (-) TimerEvent: {}
[17.110345] (-) TimerEvent: {}
[17.211146] (-) TimerEvent: {}
[17.312114] (-) TimerEvent: {}
[17.413055] (-) TimerEvent: {}
[17.514614] (-) TimerEvent: {}
[17.615671] (-) TimerEvent: {}
[17.716798] (-) TimerEvent: {}
[17.818051] (-) TimerEvent: {}
[17.918940] (-) TimerEvent: {}
[18.019615] (-) TimerEvent: {}
[18.120354] (-) TimerEvent: {}
[18.221192] (-) TimerEvent: {}
[18.322136] (-) TimerEvent: {}
[18.422857] (-) TimerEvent: {}
[18.523644] (-) TimerEvent: {}
[18.589683] (cspc_lidar) StderrLine: {'line': b'\x1b[01m\x1b[K/home/admin/workspace/host_udp_ws/src/cspc_lidar_sdk_ros2/src/node_lidar_ros.cpp:\x1b[m\x1b[K In function \xe2\x80\x98\x1b[01m\x1b[Kvoid Scan_to_PointCloud(LaserScan&, sensor_msgs::msg::PointCloud2&)\x1b[m\x1b[K\xe2\x80\x99:\n'}
[18.590176] (cspc_lidar) StderrLine: {'line': b'\x1b[01m\x1b[K/home/admin/workspace/host_udp_ws/src/cspc_lidar_sdk_ros2/src/node_lidar_ros.cpp:85:24:\x1b[m\x1b[K \x1b[01;35m\x1b[Kwarning: \x1b[m\x1b[Kcomparison of integer expressions of different signedness: \xe2\x80\x98\x1b[01m\x1b[Kint\x1b[m\x1b[K\xe2\x80\x99 and \xe2\x80\x98\x1b[01m\x1b[Kstd::vector<LaserPoint>::size_type\x1b[m\x1b[K\xe2\x80\x99 {aka \xe2\x80\x98\x1b[01m\x1b[Klong unsigned int\x1b[m\x1b[K\xe2\x80\x99} [\x1b[01;35m\x1b[K\x1b]8;;https://gcc.gnu.org/onlinedocs/gcc/Warning-Options.html#index-Wsign-compare\x07-Wsign-compare\x1b]8;;\x07\x1b[m\x1b[K]\n'}
[18.590443] (cspc_lidar) StderrLine: {'line': b'   85 |         for(int i = 0;\x1b[01;35m\x1b[Ki<scan.points.size()\x1b[m\x1b[K;i++)\n'}
[18.590600] (cspc_lidar) StderrLine: {'line': b'      |                       \x1b[01;35m\x1b[K~^~~~~~~~~~~~~~~~~~~\x1b[m\x1b[K\n'}
[18.623726] (-) TimerEvent: {}
[18.628946] (cspc_lidar) StderrLine: {'line': b'\x1b[01m\x1b[K/home/admin/workspace/host_udp_ws/src/cspc_lidar_sdk_ros2/src/node_lidar_ros.cpp:\x1b[m\x1b[K In function \xe2\x80\x98\x1b[01m\x1b[Kint main(int, char**)\x1b[m\x1b[K\xe2\x80\x99:\n'}
[18.630525] (cspc_lidar) StderrLine: {'line': b'\x1b[01m\x1b[K/home/admin/workspace/host_udp_ws/src/cspc_lidar_sdk_ros2/src/node_lidar_ros.cpp:181:40:\x1b[m\x1b[K \x1b[01;35m\x1b[Kwarning: \x1b[m\x1b[Kcomparison of integer expressions of different signedness: \xe2\x80\x98\x1b[01m\x1b[Kint\x1b[m\x1b[K\xe2\x80\x99 and \xe2\x80\x98\x1b[01m\x1b[Kstd::vector<LaserPoint>::size_type\x1b[m\x1b[K\xe2\x80\x99 {aka \xe2\x80\x98\x1b[01m\x1b[Klong unsigned int\x1b[m\x1b[K\xe2\x80\x99} [\x1b[01;35m\x1b[K\x1b]8;;https://gcc.gnu.org/onlinedocs/gcc/Warning-Options.html#index-Wsign-compare\x07-Wsign-compare\x1b]8;;\x07\x1b[m\x1b[K]\n'}
[18.631183] (cspc_lidar) StderrLine: {'line': b'  181 |                         for(int i=0; \x1b[01;35m\x1b[Ki < scan.points.size()\x1b[m\x1b[K; i++) {\n'}
[18.631661] (cspc_lidar) StderrLine: {'line': b'      |                                      \x1b[01;35m\x1b[K~~^~~~~~~~~~~~~~~~~~~~\x1b[m\x1b[K\n'}
[18.723997] (-) TimerEvent: {}
[18.825491] (-) TimerEvent: {}
[18.926365] (-) TimerEvent: {}
[19.027146] (-) TimerEvent: {}
[19.127840] (-) TimerEvent: {}
[19.228616] (-) TimerEvent: {}
[19.329919] (-) TimerEvent: {}
[19.430543] (-) TimerEvent: {}
[19.530920] (-) TimerEvent: {}
[19.631263] (-) TimerEvent: {}
[19.732033] (-) TimerEvent: {}
[19.833432] (-) TimerEvent: {}
[19.934627] (-) TimerEvent: {}
[20.035734] (-) TimerEvent: {}
[20.136591] (-) TimerEvent: {}
[20.237594] (-) TimerEvent: {}
[20.338305] (-) TimerEvent: {}
[20.438982] (-) TimerEvent: {}
[20.539641] (-) TimerEvent: {}
[20.640332] (-) TimerEvent: {}
[20.741031] (-) TimerEvent: {}
[20.841679] (-) TimerEvent: {}
[20.942428] (-) TimerEvent: {}
[21.043100] (-) TimerEvent: {}
[21.144073] (-) TimerEvent: {}
[21.245493] (-) TimerEvent: {}
[21.346330] (-) TimerEvent: {}
[21.447138] (-) TimerEvent: {}
[21.548031] (-) TimerEvent: {}
[21.648700] (-) TimerEvent: {}
[21.749297] (-) TimerEvent: {}
[21.849676] (-) TimerEvent: {}
[21.950219] (-) TimerEvent: {}
[22.050916] (-) TimerEvent: {}
[22.151653] (-) TimerEvent: {}
[22.252344] (-) TimerEvent: {}
[22.353269] (-) TimerEvent: {}
[22.454084] (-) TimerEvent: {}
[22.554831] (-) TimerEvent: {}
[22.655680] (-) TimerEvent: {}
[22.756355] (-) TimerEvent: {}
[22.857011] (-) TimerEvent: {}
[22.957669] (-) TimerEvent: {}
[23.058524] (-) TimerEvent: {}
[23.159508] (-) TimerEvent: {}
[23.260163] (-) TimerEvent: {}
[23.360838] (-) TimerEvent: {}
[23.461554] (-) TimerEvent: {}
[23.562828] (-) TimerEvent: {}
[23.663598] (-) TimerEvent: {}
[23.764240] (-) TimerEvent: {}
[23.864955] (-) TimerEvent: {}
[23.965859] (-) TimerEvent: {}
[24.067074] (-) TimerEvent: {}
[24.167747] (-) TimerEvent: {}
[24.268977] (-) TimerEvent: {}
[24.370142] (-) TimerEvent: {}
[24.470816] (-) TimerEvent: {}
[24.571501] (-) TimerEvent: {}
[24.672209] (-) TimerEvent: {}
[24.773075] (-) TimerEvent: {}
[24.874135] (-) TimerEvent: {}
[24.974530] (-) TimerEvent: {}
[25.074929] (-) TimerEvent: {}
[25.175421] (-) TimerEvent: {}
[25.276073] (-) TimerEvent: {}
[25.376470] (-) TimerEvent: {}
[25.476852] (-) TimerEvent: {}
[25.577523] (-) TimerEvent: {}
[25.678600] (-) TimerEvent: {}
[25.780422] (-) TimerEvent: {}
[25.881820] (-) TimerEvent: {}
[25.982712] (-) TimerEvent: {}
[26.083521] (-) TimerEvent: {}
[26.184788] (-) TimerEvent: {}
[26.285969] (-) TimerEvent: {}
[26.386897] (-) TimerEvent: {}
[26.487739] (-) TimerEvent: {}
[26.588456] (-) TimerEvent: {}
[26.689537] (-) TimerEvent: {}
[26.790636] (-) TimerEvent: {}
[26.891317] (-) TimerEvent: {}
[26.992020] (-) TimerEvent: {}
[27.092885] (-) TimerEvent: {}
[27.193852] (-) TimerEvent: {}
[27.294889] (-) TimerEvent: {}
[27.396317] (-) TimerEvent: {}
[27.497270] (-) TimerEvent: {}
[27.598089] (-) TimerEvent: {}
[27.699140] (-) TimerEvent: {}
[27.799985] (-) TimerEvent: {}
[27.900995] (-) TimerEvent: {}
[28.001719] (-) TimerEvent: {}
[28.102453] (-) TimerEvent: {}
[28.203163] (-) TimerEvent: {}
[28.304083] (-) TimerEvent: {}
[28.404818] (-) TimerEvent: {}
[28.506012] (-) TimerEvent: {}
[28.606949] (-) TimerEvent: {}
[28.708097] (-) TimerEvent: {}
[28.809286] (-) TimerEvent: {}
[28.911433] (-) TimerEvent: {}
[29.012528] (-) TimerEvent: {}
[29.113987] (-) TimerEvent: {}
[29.214787] (-) TimerEvent: {}
[29.316121] (-) TimerEvent: {}
[29.417359] (-) TimerEvent: {}
[29.518243] (-) TimerEvent: {}
[29.618914] (-) TimerEvent: {}
[29.719447] (-) TimerEvent: {}
[29.819945] (-) TimerEvent: {}
[29.920367] (-) TimerEvent: {}
[30.020719] (-) TimerEvent: {}
[30.121143] (-) TimerEvent: {}
[30.221792] (-) TimerEvent: {}
[30.322644] (-) TimerEvent: {}
[30.423382] (-) TimerEvent: {}
[30.524041] (-) TimerEvent: {}
[30.625074] (-) TimerEvent: {}
[30.726020] (-) TimerEvent: {}
[30.798939] (cspc_lidar) StdoutLine: {'line': b'[100%] \x1b[32m\x1b[1mLinking CXX executable cspc_lidar\x1b[0m\n'}
[30.826140] (-) TimerEvent: {}
[30.927491] (-) TimerEvent: {}
[31.028705] (-) TimerEvent: {}
[31.129786] (-) TimerEvent: {}
[31.230698] (-) TimerEvent: {}
[31.331202] (-) TimerEvent: {}
[31.431923] (-) TimerEvent: {}
[31.532291] (-) TimerEvent: {}
[31.632665] (-) TimerEvent: {}
[31.733056] (-) TimerEvent: {}
[31.833415] (-) TimerEvent: {}
[31.933921] (-) TimerEvent: {}
[32.034605] (-) TimerEvent: {}
[32.135005] (-) TimerEvent: {}
[32.235377] (-) TimerEvent: {}
[32.335779] (-) TimerEvent: {}
[32.436446] (-) TimerEvent: {}
[32.536942] (-) TimerEvent: {}
[32.637561] (-) TimerEvent: {}
[32.738171] (-) TimerEvent: {}
[32.838899] (-) TimerEvent: {}
[32.939672] (-) TimerEvent: {}
[33.005032] (cspc_lidar) StdoutLine: {'line': b'[100%] Built target cspc_lidar\n'}
[33.029122] (cspc_lidar) CommandEnded: {'returncode': 0}
[33.032812] (cspc_lidar) JobProgress: {'identifier': 'cspc_lidar', 'progress': 'install'}
[33.039854] (-) TimerEvent: {}
[33.062170] (cspc_lidar) Command: {'cmd': ['/usr/bin/cmake', '--install', '/home/admin/workspace/host_udp_ws/build/cspc_lidar'], 'cwd': '/home/admin/workspace/host_udp_ws/build/cspc_lidar', 'env': OrderedDict([('PYTHON_BASIC_REPL', '1'), ('LESSOPEN', '| /usr/bin/lesspipe %s'), ('UMS_MOUNTPOINT', '/mnt/ums'), ('GST_V4L2_PREFERRED_FOURCC', 'NV12:YU12:NV16:YUY2'), ('LANGUAGE', 'en_US.UTF-8'), ('USER', 'admin'), ('SSH_CLIENT', '192.168.88.243 63795 22'), ('XDG_SESSION_TYPE', 'tty'), ('GIT_ASKPASS', '/home/admin/.vscode-server/cli/servers/Stable-6a49527b96e326fe62fbdb56f60e16877c9aa724/server/extensions/git/dist/askpass.sh'), ('SHLVL', '1'), ('USB_FUNCS', 'adb'), ('LD_LIBRARY_PATH', '/opt/ros/humble/opt/rviz_ogre_vendor/lib:/opt/ros/humble/lib/aarch64-linux-gnu:/opt/ros/humble/lib'), ('BROWSER', '/home/admin/.vscode-server/cli/servers/Stable-6a49527b96e326fe62fbdb56f60e16877c9aa724/server/bin/helpers/browser.sh'), ('MOTD_SHOWN', 'pam'), ('HOME', '/home/admin'), ('OLDPWD', '/home/admin/workspace'), ('TERM_PROGRAM_VERSION', '1.122.0'), ('VSCODE_IPC_HOOK_CLI', '/run/user/1000/vscode-ipc-56a0c44b-29c5-456f-a17e-0cc1c913a2bc.sock'), ('GST_INSPECT_NO_COLORS', '1'), ('GST_MPP_NO_RGA', '1'), ('ROS_PYTHON_VERSION', '3'), ('COGL_DRIVER', 'gles2'), ('VSCODE_GIT_ASKPASS_MAIN', '/home/admin/.vscode-server/cli/servers/Stable-6a49527b96e326fe62fbdb56f60e16877c9aa724/server/extensions/git/dist/askpass-main.js'), ('PS1', '\\[\x1b]633;A\x07\\]\\[\x1b]633;A\x07\\]\\[\\e]0;\\u@\\h: \\w\\a\\]${debian_chroot:+($debian_chroot)}\\[\\033[01;32m\\]\\u@\\h\\[\\033[00m\\]:\\[\\033[01;34m\\]\\w\\[\\033[00m\\]\\$ \\[\x1b]633;B\x07\\]\\[\x1b]633;B\x07\\]'), ('VSCODE_GIT_ASKPASS_NODE', '/home/admin/.vscode-server/cli/servers/Stable-6a49527b96e326fe62fbdb56f60e16877c9aa724/server/node'), ('PYDEVD_DISABLE_FILE_VALIDATION', '1'), ('BUNDLED_DEBUGPY_PATH', '/home/admin/.vscode-server/extensions/ms-python.debugpy-2026.6.0-linux-arm64/bundled/libs/debugpy'), ('VSCODE_PYTHON_AUTOACTIVATE_GUARD', '1'), ('DBUS_SESSION_BUS_ADDRESS', 'unix:path=/run/user/1000/bus'), ('COLORTERM', 'truecolor'), ('COLCON_PREFIX_PATH', '/home/admin/workspace/host_udp_ws/install'), ('GST_V4L2SRC_MAX_RESOLUTION', '3840x2160'), ('ROS_DISTRO', 'humble'), ('LOGNAME', 'admin'), ('_', '/usr/bin/colcon'), ('ROS_VERSION', '2'), ('XDG_SESSION_CLASS', 'user'), ('TERM', 'xterm-256color'), ('GST_GL_API', 'gles2'), ('XDG_SESSION_ID', '6'), ('GST_VIDEO_CONVERT_PREFERRED_FORMAT', 'NV12:NV16:I420:YUY2'), ('GST_V4L2SRC_RK_DEVICES', '_mainpath:_selfpath:_bypass:_scale'), ('ROS_LOCALHOST_ONLY', '1'), ('PATH', '/home/admin/.vscode-server/cli/servers/Stable-6a49527b96e326fe62fbdb56f60e16877c9aa724/server/bin/remote-cli:/home/admin/.local/bin:/opt/ros/humble/bin:/home/admin/.local/bin:/usr/local/sbin:/usr/local/bin:/usr/sbin:/usr/bin:/sbin:/bin:/usr/games:/usr/local/games:/snap/bin:/home/admin/.vscode-server/extensions/ms-python.debugpy-2026.6.0-linux-arm64/bundled/scripts/noConfigScripts'), ('XDG_RUNTIME_DIR', '/run/user/1000'), ('GST_GL_PLATFORM', 'egl'), ('GST_DEBUG_NO_COLOR', '1'), ('GST_V4L2SRC_DEFAULT_DEVICE', '/dev/video-camera0'), ('DISPLAY', ':0'), ('VSCODE_DEBUGPY_ADAPTER_ENDPOINTS', '/home/admin/.vscode-server/extensions/ms-python.debugpy-2026.6.0-linux-arm64/.noConfigDebugAdapterEndpoints/endpoint-c929ce49067852cf.txt'), ('LANG', 'en_US.UTF-8'), ('PYTHONSTARTUP', '/home/admin/.vscode-server/data/User/workspaceStorage/2a4873d7ff7a1bb6e3391ee746fb9efe/ms-python.python/pythonrc.py'), ('LS_COLORS', 'rs=0:di=01;34:ln=01;36:mh=00:pi=40;33:so=01;35:do=01;35:bd=40;33;01:cd=40;33;01:or=40;31;01:mi=00:su=37;41:sg=30;43:ca=30;41:tw=30;42:ow=34;42:st=37;44:ex=01;32:*.tar=01;31:*.tgz=01;31:*.arc=01;31:*.arj=01;31:*.taz=01;31:*.lha=01;31:*.lz4=01;31:*.lzh=01;31:*.lzma=01;31:*.tlz=01;31:*.txz=01;31:*.tzo=01;31:*.t7z=01;31:*.zip=01;31:*.z=01;31:*.dz=01;31:*.gz=01;31:*.lrz=01;31:*.lz=01;31:*.lzo=01;31:*.xz=01;31:*.zst=01;31:*.tzst=01;31:*.bz2=01;31:*.bz=01;31:*.tbz=01;31:*.tbz2=01;31:*.tz=01;31:*.deb=01;31:*.rpm=01;31:*.jar=01;31:*.war=01;31:*.ear=01;31:*.sar=01;31:*.rar=01;31:*.alz=01;31:*.ace=01;31:*.zoo=01;31:*.cpio=01;31:*.7z=01;31:*.rz=01;31:*.cab=01;31:*.wim=01;31:*.swm=01;31:*.dwm=01;31:*.esd=01;31:*.jpg=01;35:*.jpeg=01;35:*.mjpg=01;35:*.mjpeg=01;35:*.gif=01;35:*.bmp=01;35:*.pbm=01;35:*.pgm=01;35:*.ppm=01;35:*.tga=01;35:*.xbm=01;35:*.xpm=01;35:*.tif=01;35:*.tiff=01;35:*.png=01;35:*.svg=01;35:*.svgz=01;35:*.mng=01;35:*.pcx=01;35:*.mov=01;35:*.mpg=01;35:*.mpeg=01;35:*.m2v=01;35:*.mkv=01;35:*.webm=01;35:*.webp=01;35:*.ogm=01;35:*.mp4=01;35:*.m4v=01;35:*.mp4v=01;35:*.vob=01;35:*.qt=01;35:*.nuv=01;35:*.wmv=01;35:*.asf=01;35:*.rm=01;35:*.rmvb=01;35:*.flc=01;35:*.avi=01;35:*.fli=01;35:*.flv=01;35:*.gl=01;35:*.dl=01;35:*.xcf=01;35:*.xwd=01;35:*.yuv=01;35:*.cgm=01;35:*.emf=01;35:*.ogv=01;35:*.ogx=01;35:*.aac=00;36:*.au=00;36:*.flac=00;36:*.m4a=00;36:*.mid=00;36:*.midi=00;36:*.mka=00;36:*.mp3=00;36:*.mpc=00;36:*.ogg=00;36:*.ra=00;36:*.wav=00;36:*.oga=00;36:*.opus=00;36:*.spx=00;36:*.xspf=00;36:'), ('VSCODE_GIT_IPC_HANDLE', '/run/user/1000/vscode-git-de57f957e7.sock'), ('TERM_PROGRAM', 'vscode'), ('GST_V4L2_USE_LIBV4L2', '1'), ('UMS_SIZE', '256M'), ('AMENT_PREFIX_PATH', '/home/admin/workspace/host_udp_ws/install/dog_udp_comm:/home/admin/workspace/host_udp_ws/install/cspc_lidar:/opt/ros/humble'), ('LC_MESSAGES', 'en_US.UTF-8'), ('SHELL', '/bin/bash'), ('UMS_RO', '0'), ('LESSCLOSE', '/usr/bin/lesspipe %s %s'), ('UMS_FSTYPE', 'vfat'), ('VSCODE_GIT_ASKPASS_EXTRA_ARGS', ''), ('PWD', '/home/admin/workspace/host_udp_ws/build/cspc_lidar'), ('LC_ALL', 'en_US.UTF-8'), ('SSH_CONNECTION', '192.168.88.243 63795 192.168.88.181 22'), ('PYTHONPATH', '/opt/ros/humble/lib/python3.10/site-packages:/opt/ros/humble/local/lib/python3.10/dist-packages'), ('UMS_MOUNT', '0'), ('COLCON', '1'), ('CMAKE_PREFIX_PATH', '/home/admin/workspace/host_udp_ws/install/dog_udp_comm:/home/admin/workspace/host_udp_ws/install/cspc_lidar:/opt/ros/humble'), ('UMS_FILE', '/userdata/ums_shared.img')]), 'shell': False}
[33.086011] (cspc_lidar) StdoutLine: {'line': b'-- Install configuration: ""\n'}
[33.086961] (cspc_lidar) StdoutLine: {'line': b'-- Installing: /home/admin/workspace/host_udp_ws/install/cspc_lidar/lib/cspc_lidar/cspc_lidar\n'}
[33.106130] (cspc_lidar) StdoutLine: {'line': b'-- Set runtime path of "/home/admin/workspace/host_udp_ws/install/cspc_lidar/lib/cspc_lidar/cspc_lidar" to ""\n'}
[33.106824] (cspc_lidar) StdoutLine: {'line': b'-- Installing: /home/admin/workspace/host_udp_ws/install/cspc_lidar/lib/cspc_lidar/front_distance_tester.py\n'}
[33.107396] (cspc_lidar) StdoutLine: {'line': b'-- Installing: /home/admin/workspace/host_udp_ws/install/cspc_lidar/share/cspc_lidar/launch\n'}
[33.108142] (cspc_lidar) StdoutLine: {'line': b'-- Installing: /home/admin/workspace/host_udp_ws/install/cspc_lidar/share/cspc_lidar/launch/lidar_launch.py\n'}
[33.108746] (cspc_lidar) StdoutLine: {'line': b'-- Installing: /home/admin/workspace/host_udp_ws/install/cspc_lidar/share/cspc_lidar/launch/lidar_rviz.py\n'}
[33.109202] (cspc_lidar) StdoutLine: {'line': b'-- Installing: /home/admin/workspace/host_udp_ws/install/cspc_lidar/share/cspc_lidar/params\n'}
[33.110092] (cspc_lidar) StdoutLine: {'line': b'-- Installing: /home/admin/workspace/host_udp_ws/install/cspc_lidar/share/cspc_lidar/params/cspc_lidar.yaml\n'}
[33.112258] (cspc_lidar) StdoutLine: {'line': b'-- Installing: /home/admin/workspace/host_udp_ws/install/cspc_lidar/share/ament_index/resource_index/package_run_dependencies/cspc_lidar\n'}
[33.113522] (cspc_lidar) StdoutLine: {'line': b'-- Installing: /home/admin/workspace/host_udp_ws/install/cspc_lidar/share/ament_index/resource_index/parent_prefix_path/cspc_lidar\n'}
[33.115708] (cspc_lidar) StdoutLine: {'line': b'-- Installing: /home/admin/workspace/host_udp_ws/install/cspc_lidar/share/cspc_lidar/environment/ament_prefix_path.sh\n'}
[33.116909] (cspc_lidar) StdoutLine: {'line': b'-- Installing: /home/admin/workspace/host_udp_ws/install/cspc_lidar/share/cspc_lidar/environment/ament_prefix_path.dsv\n'}
[33.118527] (cspc_lidar) StdoutLine: {'line': b'-- Installing: /home/admin/workspace/host_udp_ws/install/cspc_lidar/share/cspc_lidar/environment/path.sh\n'}
[33.119115] (cspc_lidar) StdoutLine: {'line': b'-- Installing: /home/admin/workspace/host_udp_ws/install/cspc_lidar/share/cspc_lidar/environment/path.dsv\n'}
[33.119929] (cspc_lidar) StdoutLine: {'line': b'-- Installing: /home/admin/workspace/host_udp_ws/install/cspc_lidar/share/cspc_lidar/local_setup.bash\n'}
[33.121102] (cspc_lidar) StdoutLine: {'line': b'-- Installing: /home/admin/workspace/host_udp_ws/install/cspc_lidar/share/cspc_lidar/local_setup.sh\n'}
[33.121652] (cspc_lidar) StdoutLine: {'line': b'-- Installing: /home/admin/workspace/host_udp_ws/install/cspc_lidar/share/cspc_lidar/local_setup.zsh\n'}
[33.122074] (cspc_lidar) StdoutLine: {'line': b'-- Installing: /home/admin/workspace/host_udp_ws/install/cspc_lidar/share/cspc_lidar/local_setup.dsv\n'}
[33.123084] (cspc_lidar) StdoutLine: {'line': b'-- Installing: /home/admin/workspace/host_udp_ws/install/cspc_lidar/share/cspc_lidar/package.dsv\n'}
[33.125739] (cspc_lidar) StdoutLine: {'line': b'-- Installing: /home/admin/workspace/host_udp_ws/install/cspc_lidar/share/ament_index/resource_index/packages/cspc_lidar\n'}
[33.127547] (cspc_lidar) StdoutLine: {'line': b'-- Installing: /home/admin/workspace/host_udp_ws/install/cspc_lidar/share/cspc_lidar/cmake/cspc_lidarConfig.cmake\n'}
[33.128861] (cspc_lidar) StdoutLine: {'line': b'-- Installing: /home/admin/workspace/host_udp_ws/install/cspc_lidar/share/cspc_lidar/cmake/cspc_lidarConfig-version.cmake\n'}
[33.129874] (cspc_lidar) StdoutLine: {'line': b'-- Installing: /home/admin/workspace/host_udp_ws/install/cspc_lidar/share/cspc_lidar/package.xml\n'}
[33.131144] (cspc_lidar) CommandEnded: {'returncode': 0}
[33.140054] (-) TimerEvent: {}
[33.201380] (cspc_lidar) JobEnded: {'identifier': 'cspc_lidar', 'rc': 0}
[33.206048] (dog_udp_comm) JobStarted: {'identifier': 'dog_udp_comm'}
[33.217864] (dog_udp_comm) JobProgress: {'identifier': 'dog_udp_comm', 'progress': 'cmake'}
[33.218879] (dog_udp_comm) Command: {'cmd': ['/usr/bin/cmake', '/home/admin/workspace/host_udp_ws/src/dog_udp_comm', '-DCMAKE_INSTALL_PREFIX=/home/admin/workspace/host_udp_ws/install/dog_udp_comm'], 'cwd': '/home/admin/workspace/host_udp_ws/build/dog_udp_comm', 'env': OrderedDict([('PYTHON_BASIC_REPL', '1'), ('LESSOPEN', '| /usr/bin/lesspipe %s'), ('UMS_MOUNTPOINT', '/mnt/ums'), ('GST_V4L2_PREFERRED_FOURCC', 'NV12:YU12:NV16:YUY2'), ('LANGUAGE', 'en_US.UTF-8'), ('USER', 'admin'), ('SSH_CLIENT', '192.168.88.243 63795 22'), ('XDG_SESSION_TYPE', 'tty'), ('GIT_ASKPASS', '/home/admin/.vscode-server/cli/servers/Stable-6a49527b96e326fe62fbdb56f60e16877c9aa724/server/extensions/git/dist/askpass.sh'), ('SHLVL', '1'), ('USB_FUNCS', 'adb'), ('LD_LIBRARY_PATH', '/opt/ros/humble/opt/rviz_ogre_vendor/lib:/opt/ros/humble/lib/aarch64-linux-gnu:/opt/ros/humble/lib'), ('BROWSER', '/home/admin/.vscode-server/cli/servers/Stable-6a49527b96e326fe62fbdb56f60e16877c9aa724/server/bin/helpers/browser.sh'), ('MOTD_SHOWN', 'pam'), ('HOME', '/home/admin'), ('OLDPWD', '/home/admin/workspace'), ('TERM_PROGRAM_VERSION', '1.122.0'), ('VSCODE_IPC_HOOK_CLI', '/run/user/1000/vscode-ipc-56a0c44b-29c5-456f-a17e-0cc1c913a2bc.sock'), ('GST_INSPECT_NO_COLORS', '1'), ('GST_MPP_NO_RGA', '1'), ('ROS_PYTHON_VERSION', '3'), ('COGL_DRIVER', 'gles2'), ('VSCODE_GIT_ASKPASS_MAIN', '/home/admin/.vscode-server/cli/servers/Stable-6a49527b96e326fe62fbdb56f60e16877c9aa724/server/extensions/git/dist/askpass-main.js'), ('PS1', '\\[\x1b]633;A\x07\\]\\[\x1b]633;A\x07\\]\\[\\e]0;\\u@\\h: \\w\\a\\]${debian_chroot:+($debian_chroot)}\\[\\033[01;32m\\]\\u@\\h\\[\\033[00m\\]:\\[\\033[01;34m\\]\\w\\[\\033[00m\\]\\$ \\[\x1b]633;B\x07\\]\\[\x1b]633;B\x07\\]'), ('VSCODE_GIT_ASKPASS_NODE', '/home/admin/.vscode-server/cli/servers/Stable-6a49527b96e326fe62fbdb56f60e16877c9aa724/server/node'), ('PYDEVD_DISABLE_FILE_VALIDATION', '1'), ('BUNDLED_DEBUGPY_PATH', '/home/admin/.vscode-server/extensions/ms-python.debugpy-2026.6.0-linux-arm64/bundled/libs/debugpy'), ('VSCODE_PYTHON_AUTOACTIVATE_GUARD', '1'), ('DBUS_SESSION_BUS_ADDRESS', 'unix:path=/run/user/1000/bus'), ('COLORTERM', 'truecolor'), ('COLCON_PREFIX_PATH', '/home/admin/workspace/host_udp_ws/install'), ('GST_V4L2SRC_MAX_RESOLUTION', '3840x2160'), ('ROS_DISTRO', 'humble'), ('LOGNAME', 'admin'), ('_', '/usr/bin/colcon'), ('ROS_VERSION', '2'), ('XDG_SESSION_CLASS', 'user'), ('TERM', 'xterm-256color'), ('GST_GL_API', 'gles2'), ('XDG_SESSION_ID', '6'), ('GST_VIDEO_CONVERT_PREFERRED_FORMAT', 'NV12:NV16:I420:YUY2'), ('GST_V4L2SRC_RK_DEVICES', '_mainpath:_selfpath:_bypass:_scale'), ('ROS_LOCALHOST_ONLY', '1'), ('PATH', '/home/admin/.vscode-server/cli/servers/Stable-6a49527b96e326fe62fbdb56f60e16877c9aa724/server/bin/remote-cli:/home/admin/.local/bin:/opt/ros/humble/bin:/home/admin/.local/bin:/usr/local/sbin:/usr/local/bin:/usr/sbin:/usr/bin:/sbin:/bin:/usr/games:/usr/local/games:/snap/bin:/home/admin/.vscode-server/extensions/ms-python.debugpy-2026.6.0-linux-arm64/bundled/scripts/noConfigScripts'), ('XDG_RUNTIME_DIR', '/run/user/1000'), ('GST_GL_PLATFORM', 'egl'), ('GST_DEBUG_NO_COLOR', '1'), ('GST_V4L2SRC_DEFAULT_DEVICE', '/dev/video-camera0'), ('DISPLAY', ':0'), ('VSCODE_DEBUGPY_ADAPTER_ENDPOINTS', '/home/admin/.vscode-server/extensions/ms-python.debugpy-2026.6.0-linux-arm64/.noConfigDebugAdapterEndpoints/endpoint-c929ce49067852cf.txt'), ('LANG', 'en_US.UTF-8'), ('PYTHONSTARTUP', '/home/admin/.vscode-server/data/User/workspaceStorage/2a4873d7ff7a1bb6e3391ee746fb9efe/ms-python.python/pythonrc.py'), ('LS_COLORS', 'rs=0:di=01;34:ln=01;36:mh=00:pi=40;33:so=01;35:do=01;35:bd=40;33;01:cd=40;33;01:or=40;31;01:mi=00:su=37;41:sg=30;43:ca=30;41:tw=30;42:ow=34;42:st=37;44:ex=01;32:*.tar=01;31:*.tgz=01;31:*.arc=01;31:*.arj=01;31:*.taz=01;31:*.lha=01;31:*.lz4=01;31:*.lzh=01;31:*.lzma=01;31:*.tlz=01;31:*.txz=01;31:*.tzo=01;31:*.t7z=01;31:*.zip=01;31:*.z=01;31:*.dz=01;31:*.gz=01;31:*.lrz=01;31:*.lz=01;31:*.lzo=01;31:*.xz=01;31:*.zst=01;31:*.tzst=01;31:*.bz2=01;31:*.bz=01;31:*.tbz=01;31:*.tbz2=01;31:*.tz=01;31:*.deb=01;31:*.rpm=01;31:*.jar=01;31:*.war=01;31:*.ear=01;31:*.sar=01;31:*.rar=01;31:*.alz=01;31:*.ace=01;31:*.zoo=01;31:*.cpio=01;31:*.7z=01;31:*.rz=01;31:*.cab=01;31:*.wim=01;31:*.swm=01;31:*.dwm=01;31:*.esd=01;31:*.jpg=01;35:*.jpeg=01;35:*.mjpg=01;35:*.mjpeg=01;35:*.gif=01;35:*.bmp=01;35:*.pbm=01;35:*.pgm=01;35:*.ppm=01;35:*.tga=01;35:*.xbm=01;35:*.xpm=01;35:*.tif=01;35:*.tiff=01;35:*.png=01;35:*.svg=01;35:*.svgz=01;35:*.mng=01;35:*.pcx=01;35:*.mov=01;35:*.mpg=01;35:*.mpeg=01;35:*.m2v=01;35:*.mkv=01;35:*.webm=01;35:*.webp=01;35:*.ogm=01;35:*.mp4=01;35:*.m4v=01;35:*.mp4v=01;35:*.vob=01;35:*.qt=01;35:*.nuv=01;35:*.wmv=01;35:*.asf=01;35:*.rm=01;35:*.rmvb=01;35:*.flc=01;35:*.avi=01;35:*.fli=01;35:*.flv=01;35:*.gl=01;35:*.dl=01;35:*.xcf=01;35:*.xwd=01;35:*.yuv=01;35:*.cgm=01;35:*.emf=01;35:*.ogv=01;35:*.ogx=01;35:*.aac=00;36:*.au=00;36:*.flac=00;36:*.m4a=00;36:*.mid=00;36:*.midi=00;36:*.mka=00;36:*.mp3=00;36:*.mpc=00;36:*.ogg=00;36:*.ra=00;36:*.wav=00;36:*.oga=00;36:*.opus=00;36:*.spx=00;36:*.xspf=00;36:'), ('VSCODE_GIT_IPC_HANDLE', '/run/user/1000/vscode-git-de57f957e7.sock'), ('TERM_PROGRAM', 'vscode'), ('GST_V4L2_USE_LIBV4L2', '1'), ('UMS_SIZE', '256M'), ('AMENT_PREFIX_PATH', '/home/admin/workspace/host_udp_ws/install/dog_udp_comm:/home/admin/workspace/host_udp_ws/install/cspc_lidar:/opt/ros/humble'), ('LC_MESSAGES', 'en_US.UTF-8'), ('SHELL', '/bin/bash'), ('UMS_RO', '0'), ('LESSCLOSE', '/usr/bin/lesspipe %s %s'), ('UMS_FSTYPE', 'vfat'), ('VSCODE_GIT_ASKPASS_EXTRA_ARGS', ''), ('PWD', '/home/admin/workspace/host_udp_ws/build/dog_udp_comm'), ('LC_ALL', 'en_US.UTF-8'), ('SSH_CONNECTION', '192.168.88.243 63795 192.168.88.181 22'), ('PYTHONPATH', '/opt/ros/humble/lib/python3.10/site-packages:/opt/ros/humble/local/lib/python3.10/dist-packages'), ('UMS_MOUNT', '0'), ('COLCON', '1'), ('CMAKE_PREFIX_PATH', '/home/admin/workspace/host_udp_ws/install/cspc_lidar:/home/admin/workspace/host_udp_ws/install/dog_udp_comm:/opt/ros/humble'), ('UMS_FILE', '/userdata/ums_shared.img')]), 'shell': False}
[33.240146] (-) TimerEvent: {}
[33.340498] (-) TimerEvent: {}
[33.352488] (dog_udp_comm) StdoutLine: {'line': b'-- The C compiler identification is GNU 11.4.0\n'}
[33.440669] (-) TimerEvent: {}
[33.464727] (dog_udp_comm) StdoutLine: {'line': b'-- The CXX compiler identification is GNU 11.4.0\n'}
[33.492389] (dog_udp_comm) StdoutLine: {'line': b'-- Detecting C compiler ABI info\n'}
[33.540808] (-) TimerEvent: {}
[33.641300] (-) TimerEvent: {}
[33.738505] (dog_udp_comm) StdoutLine: {'line': b'-- Detecting C compiler ABI info - done\n'}
[33.741361] (-) TimerEvent: {}
[33.750065] (dog_udp_comm) StdoutLine: {'line': b'-- Check for working C compiler: /usr/bin/cc - skipped\n'}
[33.750478] (dog_udp_comm) StdoutLine: {'line': b'-- Detecting C compile features\n'}
[33.750983] (dog_udp_comm) StdoutLine: {'line': b'-- Detecting C compile features - done\n'}
[33.755993] (dog_udp_comm) StdoutLine: {'line': b'-- Detecting CXX compiler ABI info\n'}
[33.841622] (-) TimerEvent: {}
[33.942285] (-) TimerEvent: {}
[33.974989] (dog_udp_comm) StdoutLine: {'line': b'-- Detecting CXX compiler ABI info - done\n'}
[33.989536] (dog_udp_comm) StdoutLine: {'line': b'-- Check for working CXX compiler: /usr/bin/c++ - skipped\n'}
[33.989957] (dog_udp_comm) StdoutLine: {'line': b'-- Detecting CXX compile features\n'}
[33.990505] (dog_udp_comm) StdoutLine: {'line': b'-- Detecting CXX compile features - done\n'}
[33.993885] (dog_udp_comm) StdoutLine: {'line': b'-- Found ament_cmake: 1.3.14 (/opt/ros/humble/share/ament_cmake/cmake)\n'}
[34.042450] (-) TimerEvent: {}
[34.143299] (-) TimerEvent: {}
[34.244382] (-) TimerEvent: {}
[34.345176] (-) TimerEvent: {}
[34.391799] (dog_udp_comm) StdoutLine: {'line': b'-- Found Python3: /usr/bin/python3 (found version "3.10.12") found components: Interpreter \n'}
[34.445358] (-) TimerEvent: {}
[34.546158] (-) TimerEvent: {}
[34.587940] (dog_udp_comm) StdoutLine: {'line': b'-- Found rclcpp: 16.0.19 (/opt/ros/humble/share/rclcpp/cmake)\n'}
[34.646406] (-) TimerEvent: {}
[34.652047] (dog_udp_comm) StdoutLine: {'line': b'-- Found rosidl_generator_c: 3.1.8 (/opt/ros/humble/share/rosidl_generator_c/cmake)\n'}
[34.659720] (dog_udp_comm) StdoutLine: {'line': b'-- Found rosidl_adapter: 3.1.8 (/opt/ros/humble/share/rosidl_adapter/cmake)\n'}
[34.671927] (dog_udp_comm) StdoutLine: {'line': b'-- Found rosidl_generator_cpp: 3.1.8 (/opt/ros/humble/share/rosidl_generator_cpp/cmake)\n'}
[34.690273] (dog_udp_comm) StdoutLine: {'line': b'-- Using all available rosidl_typesupport_c: rosidl_typesupport_fastrtps_c;rosidl_typesupport_introspection_c\n'}
[34.715840] (dog_udp_comm) StdoutLine: {'line': b'-- Using all available rosidl_typesupport_cpp: rosidl_typesupport_fastrtps_cpp;rosidl_typesupport_introspection_cpp\n'}
[34.747142] (-) TimerEvent: {}
[34.781457] (dog_udp_comm) StdoutLine: {'line': b'-- Found rmw_implementation_cmake: 6.1.2 (/opt/ros/humble/share/rmw_implementation_cmake/cmake)\n'}
[34.784664] (dog_udp_comm) StdoutLine: {'line': b'-- Found rmw_fastrtps_cpp: 6.2.10 (/opt/ros/humble/share/rmw_fastrtps_cpp/cmake)\n'}
[34.847286] (-) TimerEvent: {}
[34.949224] (-) TimerEvent: {}
[34.975631] (dog_udp_comm) StdoutLine: {'line': b'-- Found OpenSSL: /usr/lib/aarch64-linux-gnu/libcrypto.so (found version "3.0.2")  \n'}
[35.031695] (dog_udp_comm) StdoutLine: {'line': b'-- Found FastRTPS: /opt/ros/humble/include  \n'}
[35.049434] (-) TimerEvent: {}
[35.108392] (dog_udp_comm) StdoutLine: {'line': b"-- Using RMW implementation 'rmw_fastrtps_cpp' as default\n"}
[35.121677] (dog_udp_comm) StdoutLine: {'line': b'-- Looking for pthread.h\n'}
[35.149804] (-) TimerEvent: {}
[35.250730] (-) TimerEvent: {}
[35.338885] (dog_udp_comm) StdoutLine: {'line': b'-- Looking for pthread.h - found\n'}
[35.341562] (dog_udp_comm) StdoutLine: {'line': b'-- Performing Test CMAKE_HAVE_LIBC_PTHREAD\n'}
[35.350914] (-) TimerEvent: {}
[35.452039] (-) TimerEvent: {}
[35.553095] (-) TimerEvent: {}
[35.576527] (dog_udp_comm) StdoutLine: {'line': b'-- Performing Test CMAKE_HAVE_LIBC_PTHREAD - Success\n'}
[35.577863] (dog_udp_comm) StdoutLine: {'line': b'-- Found Threads: TRUE  \n'}
[35.653203] (-) TimerEvent: {}
[35.661805] (dog_udp_comm) StdoutLine: {'line': b'-- Found rclpy: 3.3.21 (/opt/ros/humble/share/rclpy/cmake)\n'}
[35.663578] (dog_udp_comm) StdoutLine: {'line': b'-- Found geometry_msgs: 4.9.1 (/opt/ros/humble/share/geometry_msgs/cmake)\n'}
[35.683776] (dog_udp_comm) StdoutLine: {'line': b'-- Found sensor_msgs: 4.9.1 (/opt/ros/humble/share/sensor_msgs/cmake)\n'}
[35.714724] (dog_udp_comm) StdoutLine: {'line': b'-- Found std_srvs: 4.9.1 (/opt/ros/humble/share/std_srvs/cmake)\n'}
[35.753411] (-) TimerEvent: {}
[35.854158] (-) TimerEvent: {}
[35.878611] (dog_udp_comm) StdoutLine: {'line': b'-- Configuring done\n'}
[35.894542] (dog_udp_comm) StdoutLine: {'line': b'-- Generating done\n'}
[35.901739] (dog_udp_comm) StdoutLine: {'line': b'-- Build files have been written to: /home/admin/workspace/host_udp_ws/build/dog_udp_comm\n'}
[35.921580] (dog_udp_comm) CommandEnded: {'returncode': 0}
[35.925971] (dog_udp_comm) JobProgress: {'identifier': 'dog_udp_comm', 'progress': 'build'}
[35.926194] (dog_udp_comm) Command: {'cmd': ['/usr/bin/cmake', '--build', '/home/admin/workspace/host_udp_ws/build/dog_udp_comm', '--', '-j8', '-l8'], 'cwd': '/home/admin/workspace/host_udp_ws/build/dog_udp_comm', 'env': OrderedDict([('PYTHON_BASIC_REPL', '1'), ('LESSOPEN', '| /usr/bin/lesspipe %s'), ('UMS_MOUNTPOINT', '/mnt/ums'), ('GST_V4L2_PREFERRED_FOURCC', 'NV12:YU12:NV16:YUY2'), ('LANGUAGE', 'en_US.UTF-8'), ('USER', 'admin'), ('SSH_CLIENT', '192.168.88.243 63795 22'), ('XDG_SESSION_TYPE', 'tty'), ('GIT_ASKPASS', '/home/admin/.vscode-server/cli/servers/Stable-6a49527b96e326fe62fbdb56f60e16877c9aa724/server/extensions/git/dist/askpass.sh'), ('SHLVL', '1'), ('USB_FUNCS', 'adb'), ('LD_LIBRARY_PATH', '/opt/ros/humble/opt/rviz_ogre_vendor/lib:/opt/ros/humble/lib/aarch64-linux-gnu:/opt/ros/humble/lib'), ('BROWSER', '/home/admin/.vscode-server/cli/servers/Stable-6a49527b96e326fe62fbdb56f60e16877c9aa724/server/bin/helpers/browser.sh'), ('MOTD_SHOWN', 'pam'), ('HOME', '/home/admin'), ('OLDPWD', '/home/admin/workspace'), ('TERM_PROGRAM_VERSION', '1.122.0'), ('VSCODE_IPC_HOOK_CLI', '/run/user/1000/vscode-ipc-56a0c44b-29c5-456f-a17e-0cc1c913a2bc.sock'), ('GST_INSPECT_NO_COLORS', '1'), ('GST_MPP_NO_RGA', '1'), ('ROS_PYTHON_VERSION', '3'), ('COGL_DRIVER', 'gles2'), ('VSCODE_GIT_ASKPASS_MAIN', '/home/admin/.vscode-server/cli/servers/Stable-6a49527b96e326fe62fbdb56f60e16877c9aa724/server/extensions/git/dist/askpass-main.js'), ('PS1', '\\[\x1b]633;A\x07\\]\\[\x1b]633;A\x07\\]\\[\\e]0;\\u@\\h: \\w\\a\\]${debian_chroot:+($debian_chroot)}\\[\\033[01;32m\\]\\u@\\h\\[\\033[00m\\]:\\[\\033[01;34m\\]\\w\\[\\033[00m\\]\\$ \\[\x1b]633;B\x07\\]\\[\x1b]633;B\x07\\]'), ('VSCODE_GIT_ASKPASS_NODE', '/home/admin/.vscode-server/cli/servers/Stable-6a49527b96e326fe62fbdb56f60e16877c9aa724/server/node'), ('PYDEVD_DISABLE_FILE_VALIDATION', '1'), ('BUNDLED_DEBUGPY_PATH', '/home/admin/.vscode-server/extensions/ms-python.debugpy-2026.6.0-linux-arm64/bundled/libs/debugpy'), ('VSCODE_PYTHON_AUTOACTIVATE_GUARD', '1'), ('DBUS_SESSION_BUS_ADDRESS', 'unix:path=/run/user/1000/bus'), ('COLORTERM', 'truecolor'), ('COLCON_PREFIX_PATH', '/home/admin/workspace/host_udp_ws/install'), ('GST_V4L2SRC_MAX_RESOLUTION', '3840x2160'), ('ROS_DISTRO', 'humble'), ('LOGNAME', 'admin'), ('_', '/usr/bin/colcon'), ('ROS_VERSION', '2'), ('XDG_SESSION_CLASS', 'user'), ('TERM', 'xterm-256color'), ('GST_GL_API', 'gles2'), ('XDG_SESSION_ID', '6'), ('GST_VIDEO_CONVERT_PREFERRED_FORMAT', 'NV12:NV16:I420:YUY2'), ('GST_V4L2SRC_RK_DEVICES', '_mainpath:_selfpath:_bypass:_scale'), ('ROS_LOCALHOST_ONLY', '1'), ('PATH', '/home/admin/.vscode-server/cli/servers/Stable-6a49527b96e326fe62fbdb56f60e16877c9aa724/server/bin/remote-cli:/home/admin/.local/bin:/opt/ros/humble/bin:/home/admin/.local/bin:/usr/local/sbin:/usr/local/bin:/usr/sbin:/usr/bin:/sbin:/bin:/usr/games:/usr/local/games:/snap/bin:/home/admin/.vscode-server/extensions/ms-python.debugpy-2026.6.0-linux-arm64/bundled/scripts/noConfigScripts'), ('XDG_RUNTIME_DIR', '/run/user/1000'), ('GST_GL_PLATFORM', 'egl'), ('GST_DEBUG_NO_COLOR', '1'), ('GST_V4L2SRC_DEFAULT_DEVICE', '/dev/video-camera0'), ('DISPLAY', ':0'), ('VSCODE_DEBUGPY_ADAPTER_ENDPOINTS', '/home/admin/.vscode-server/extensions/ms-python.debugpy-2026.6.0-linux-arm64/.noConfigDebugAdapterEndpoints/endpoint-c929ce49067852cf.txt'), ('LANG', 'en_US.UTF-8'), ('PYTHONSTARTUP', '/home/admin/.vscode-server/data/User/workspaceStorage/2a4873d7ff7a1bb6e3391ee746fb9efe/ms-python.python/pythonrc.py'), ('LS_COLORS', 'rs=0:di=01;34:ln=01;36:mh=00:pi=40;33:so=01;35:do=01;35:bd=40;33;01:cd=40;33;01:or=40;31;01:mi=00:su=37;41:sg=30;43:ca=30;41:tw=30;42:ow=34;42:st=37;44:ex=01;32:*.tar=01;31:*.tgz=01;31:*.arc=01;31:*.arj=01;31:*.taz=01;31:*.lha=01;31:*.lz4=01;31:*.lzh=01;31:*.lzma=01;31:*.tlz=01;31:*.txz=01;31:*.tzo=01;31:*.t7z=01;31:*.zip=01;31:*.z=01;31:*.dz=01;31:*.gz=01;31:*.lrz=01;31:*.lz=01;31:*.lzo=01;31:*.xz=01;31:*.zst=01;31:*.tzst=01;31:*.bz2=01;31:*.bz=01;31:*.tbz=01;31:*.tbz2=01;31:*.tz=01;31:*.deb=01;31:*.rpm=01;31:*.jar=01;31:*.war=01;31:*.ear=01;31:*.sar=01;31:*.rar=01;31:*.alz=01;31:*.ace=01;31:*.zoo=01;31:*.cpio=01;31:*.7z=01;31:*.rz=01;31:*.cab=01;31:*.wim=01;31:*.swm=01;31:*.dwm=01;31:*.esd=01;31:*.jpg=01;35:*.jpeg=01;35:*.mjpg=01;35:*.mjpeg=01;35:*.gif=01;35:*.bmp=01;35:*.pbm=01;35:*.pgm=01;35:*.ppm=01;35:*.tga=01;35:*.xbm=01;35:*.xpm=01;35:*.tif=01;35:*.tiff=01;35:*.png=01;35:*.svg=01;35:*.svgz=01;35:*.mng=01;35:*.pcx=01;35:*.mov=01;35:*.mpg=01;35:*.mpeg=01;35:*.m2v=01;35:*.mkv=01;35:*.webm=01;35:*.webp=01;35:*.ogm=01;35:*.mp4=01;35:*.m4v=01;35:*.mp4v=01;35:*.vob=01;35:*.qt=01;35:*.nuv=01;35:*.wmv=01;35:*.asf=01;35:*.rm=01;35:*.rmvb=01;35:*.flc=01;35:*.avi=01;35:*.fli=01;35:*.flv=01;35:*.gl=01;35:*.dl=01;35:*.xcf=01;35:*.xwd=01;35:*.yuv=01;35:*.cgm=01;35:*.emf=01;35:*.ogv=01;35:*.ogx=01;35:*.aac=00;36:*.au=00;36:*.flac=00;36:*.m4a=00;36:*.mid=00;36:*.midi=00;36:*.mka=00;36:*.mp3=00;36:*.mpc=00;36:*.ogg=00;36:*.ra=00;36:*.wav=00;36:*.oga=00;36:*.opus=00;36:*.spx=00;36:*.xspf=00;36:'), ('VSCODE_GIT_IPC_HANDLE', '/run/user/1000/vscode-git-de57f957e7.sock'), ('TERM_PROGRAM', 'vscode'), ('GST_V4L2_USE_LIBV4L2', '1'), ('UMS_SIZE', '256M'), ('AMENT_PREFIX_PATH', '/home/admin/workspace/host_udp_ws/install/dog_udp_comm:/home/admin/workspace/host_udp_ws/install/cspc_lidar:/opt/ros/humble'), ('LC_MESSAGES', 'en_US.UTF-8'), ('SHELL', '/bin/bash'), ('UMS_RO', '0'), ('LESSCLOSE', '/usr/bin/lesspipe %s %s'), ('UMS_FSTYPE', 'vfat'), ('VSCODE_GIT_ASKPASS_EXTRA_ARGS', ''), ('PWD', '/home/admin/workspace/host_udp_ws/build/dog_udp_comm'), ('LC_ALL', 'en_US.UTF-8'), ('SSH_CONNECTION', '192.168.88.243 63795 192.168.88.181 22'), ('PYTHONPATH', '/opt/ros/humble/lib/python3.10/site-packages:/opt/ros/humble/local/lib/python3.10/dist-packages'), ('UMS_MOUNT', '0'), ('COLCON', '1'), ('CMAKE_PREFIX_PATH', '/home/admin/workspace/host_udp_ws/install/cspc_lidar:/home/admin/workspace/host_udp_ws/install/dog_udp_comm:/opt/ros/humble'), ('UMS_FILE', '/userdata/ums_shared.img')]), 'shell': False}
[35.954364] (-) TimerEvent: {}
[36.055711] (-) TimerEvent: {}
[36.092999] (dog_udp_comm) StdoutLine: {'line': b'[ 50%] \x1b[32mBuilding CXX object CMakeFiles/sender_node.dir/src/sender_node.cpp.o\x1b[0m\n'}
[36.155879] (-) TimerEvent: {}
[36.256662] (-) TimerEvent: {}
[36.357602] (-) TimerEvent: {}
[36.459064] (-) TimerEvent: {}
[36.559857] (-) TimerEvent: {}
[36.660770] (-) TimerEvent: {}
[36.761355] (-) TimerEvent: {}
[36.861887] (-) TimerEvent: {}
[36.962861] (-) TimerEvent: {}
[37.063815] (-) TimerEvent: {}
[37.164642] (-) TimerEvent: {}
[37.265346] (-) TimerEvent: {}
[37.365989] (-) TimerEvent: {}
[37.466709] (-) TimerEvent: {}
[37.567369] (-) TimerEvent: {}
[37.667992] (-) TimerEvent: {}
[37.768711] (-) TimerEvent: {}
[37.870130] (-) TimerEvent: {}
[37.971055] (-) TimerEvent: {}
[38.072047] (-) TimerEvent: {}
[38.173013] (-) TimerEvent: {}
[38.273741] (-) TimerEvent: {}
[38.374506] (-) TimerEvent: {}
[38.475577] (-) TimerEvent: {}
[38.576774] (-) TimerEvent: {}
[38.677332] (-) TimerEvent: {}
[38.777831] (-) TimerEvent: {}
[38.878521] (-) TimerEvent: {}
[38.979978] (-) TimerEvent: {}
[39.080710] (-) TimerEvent: {}
[39.181609] (-) TimerEvent: {}
[39.282414] (-) TimerEvent: {}
[39.383990] (-) TimerEvent: {}
[39.484641] (-) TimerEvent: {}
[39.585295] (-) TimerEvent: {}
[39.686048] (-) TimerEvent: {}
[39.787132] (-) TimerEvent: {}
[39.887883] (-) TimerEvent: {}
[39.988524] (-) TimerEvent: {}
[40.089447] (-) TimerEvent: {}
[40.190446] (-) TimerEvent: {}
[40.291218] (-) TimerEvent: {}
[40.392302] (-) TimerEvent: {}
[40.493585] (-) TimerEvent: {}
[40.594548] (-) TimerEvent: {}
[40.695189] (-) TimerEvent: {}
[40.795579] (-) TimerEvent: {}
[40.895926] (-) TimerEvent: {}
[40.996291] (-) TimerEvent: {}
[41.096646] (-) TimerEvent: {}
[41.197113] (-) TimerEvent: {}
[41.298124] (-) TimerEvent: {}
[41.399119] (-) TimerEvent: {}
[41.500250] (-) TimerEvent: {}
[41.600896] (-) TimerEvent: {}
[41.701561] (-) TimerEvent: {}
[41.802247] (-) TimerEvent: {}
[41.903238] (-) TimerEvent: {}
[42.004175] (-) TimerEvent: {}
[42.104977] (-) TimerEvent: {}
[42.205835] (-) TimerEvent: {}
[42.308012] (-) TimerEvent: {}
[42.408826] (-) TimerEvent: {}
[42.509721] (-) TimerEvent: {}
[42.610429] (-) TimerEvent: {}
[42.711334] (-) TimerEvent: {}
[42.811988] (-) TimerEvent: {}
[42.912779] (-) TimerEvent: {}
[43.014325] (-) TimerEvent: {}
[43.115448] (-) TimerEvent: {}
[43.216815] (-) TimerEvent: {}
[43.318182] (-) TimerEvent: {}
[43.418975] (-) TimerEvent: {}
[43.520156] (-) TimerEvent: {}
[43.620791] (-) TimerEvent: {}
[43.721336] (-) TimerEvent: {}
[43.821699] (-) TimerEvent: {}
[43.922032] (-) TimerEvent: {}
[44.022387] (-) TimerEvent: {}
[44.122993] (-) TimerEvent: {}
[44.224050] (-) TimerEvent: {}
[44.324781] (-) TimerEvent: {}
[44.425753] (-) TimerEvent: {}
[44.527383] (-) TimerEvent: {}
[44.628448] (-) TimerEvent: {}
[44.729151] (-) TimerEvent: {}
[44.830007] (-) TimerEvent: {}
[44.930897] (-) TimerEvent: {}
[45.031731] (-) TimerEvent: {}
[45.132690] (-) TimerEvent: {}
[45.233697] (-) TimerEvent: {}
[45.334540] (-) TimerEvent: {}
[45.435344] (-) TimerEvent: {}
[45.536726] (-) TimerEvent: {}
[45.638362] (-) TimerEvent: {}
[45.739364] (-) TimerEvent: {}
[45.840004] (-) TimerEvent: {}
[45.940636] (-) TimerEvent: {}
[46.041292] (-) TimerEvent: {}
[46.142313] (-) TimerEvent: {}
[46.243743] (-) TimerEvent: {}
[46.344450] (-) TimerEvent: {}
[46.445345] (-) TimerEvent: {}
[46.546450] (-) TimerEvent: {}
[46.647286] (-) TimerEvent: {}
[46.748944] (-) TimerEvent: {}
[46.849811] (-) TimerEvent: {}
[46.951118] (-) TimerEvent: {}
[47.051948] (-) TimerEvent: {}
[47.152677] (-) TimerEvent: {}
[47.253374] (-) TimerEvent: {}
[47.354035] (-) TimerEvent: {}
[47.454730] (-) TimerEvent: {}
[47.555599] (-) TimerEvent: {}
[47.656772] (-) TimerEvent: {}
[47.757371] (-) TimerEvent: {}
[47.857986] (-) TimerEvent: {}
[47.958646] (-) TimerEvent: {}
[48.059462] (-) TimerEvent: {}
[48.160452] (-) TimerEvent: {}
[48.261551] (-) TimerEvent: {}
[48.362492] (-) TimerEvent: {}
[48.463581] (-) TimerEvent: {}
[48.564368] (-) TimerEvent: {}
[48.665226] (-) TimerEvent: {}
[48.766797] (-) TimerEvent: {}
[48.867628] (-) TimerEvent: {}
[48.968658] (-) TimerEvent: {}
[49.069220] (-) TimerEvent: {}
[49.169930] (-) TimerEvent: {}
[49.270589] (-) TimerEvent: {}
[49.371277] (-) TimerEvent: {}
[49.472057] (-) TimerEvent: {}
[49.572832] (-) TimerEvent: {}
[49.673519] (-) TimerEvent: {}
[49.774194] (-) TimerEvent: {}
[49.874924] (-) TimerEvent: {}
[49.975643] (-) TimerEvent: {}
[50.076397] (-) TimerEvent: {}
[50.177511] (-) TimerEvent: {}
[50.278779] (-) TimerEvent: {}
[50.379735] (-) TimerEvent: {}
[50.480884] (-) TimerEvent: {}
[50.581810] (-) TimerEvent: {}
[50.682272] (-) TimerEvent: {}
[50.783039] (-) TimerEvent: {}
[50.814536] (dog_udp_comm) StdoutLine: {'line': b'[100%] \x1b[32m\x1b[1mLinking CXX executable sender_node\x1b[0m\n'}
[50.883207] (-) TimerEvent: {}
[50.984034] (-) TimerEvent: {}
[51.084497] (-) TimerEvent: {}
[51.184942] (-) TimerEvent: {}
[51.285544] (-) TimerEvent: {}
[51.386291] (-) TimerEvent: {}
[51.487027] (-) TimerEvent: {}
[51.587747] (-) TimerEvent: {}
[51.688603] (-) TimerEvent: {}
[51.789742] (-) TimerEvent: {}
[51.809457] (dog_udp_comm) StdoutLine: {'line': b'[100%] Built target sender_node\n'}
[51.844905] (dog_udp_comm) CommandEnded: {'returncode': 0}
[51.850448] (dog_udp_comm) JobProgress: {'identifier': 'dog_udp_comm', 'progress': 'install'}
[51.851947] (dog_udp_comm) Command: {'cmd': ['/usr/bin/cmake', '--install', '/home/admin/workspace/host_udp_ws/build/dog_udp_comm'], 'cwd': '/home/admin/workspace/host_udp_ws/build/dog_udp_comm', 'env': OrderedDict([('PYTHON_BASIC_REPL', '1'), ('LESSOPEN', '| /usr/bin/lesspipe %s'), ('UMS_MOUNTPOINT', '/mnt/ums'), ('GST_V4L2_PREFERRED_FOURCC', 'NV12:YU12:NV16:YUY2'), ('LANGUAGE', 'en_US.UTF-8'), ('USER', 'admin'), ('SSH_CLIENT', '192.168.88.243 63795 22'), ('XDG_SESSION_TYPE', 'tty'), ('GIT_ASKPASS', '/home/admin/.vscode-server/cli/servers/Stable-6a49527b96e326fe62fbdb56f60e16877c9aa724/server/extensions/git/dist/askpass.sh'), ('SHLVL', '1'), ('USB_FUNCS', 'adb'), ('LD_LIBRARY_PATH', '/opt/ros/humble/opt/rviz_ogre_vendor/lib:/opt/ros/humble/lib/aarch64-linux-gnu:/opt/ros/humble/lib'), ('BROWSER', '/home/admin/.vscode-server/cli/servers/Stable-6a49527b96e326fe62fbdb56f60e16877c9aa724/server/bin/helpers/browser.sh'), ('MOTD_SHOWN', 'pam'), ('HOME', '/home/admin'), ('OLDPWD', '/home/admin/workspace'), ('TERM_PROGRAM_VERSION', '1.122.0'), ('VSCODE_IPC_HOOK_CLI', '/run/user/1000/vscode-ipc-56a0c44b-29c5-456f-a17e-0cc1c913a2bc.sock'), ('GST_INSPECT_NO_COLORS', '1'), ('GST_MPP_NO_RGA', '1'), ('ROS_PYTHON_VERSION', '3'), ('COGL_DRIVER', 'gles2'), ('VSCODE_GIT_ASKPASS_MAIN', '/home/admin/.vscode-server/cli/servers/Stable-6a49527b96e326fe62fbdb56f60e16877c9aa724/server/extensions/git/dist/askpass-main.js'), ('PS1', '\\[\x1b]633;A\x07\\]\\[\x1b]633;A\x07\\]\\[\\e]0;\\u@\\h: \\w\\a\\]${debian_chroot:+($debian_chroot)}\\[\\033[01;32m\\]\\u@\\h\\[\\033[00m\\]:\\[\\033[01;34m\\]\\w\\[\\033[00m\\]\\$ \\[\x1b]633;B\x07\\]\\[\x1b]633;B\x07\\]'), ('VSCODE_GIT_ASKPASS_NODE', '/home/admin/.vscode-server/cli/servers/Stable-6a49527b96e326fe62fbdb56f60e16877c9aa724/server/node'), ('PYDEVD_DISABLE_FILE_VALIDATION', '1'), ('BUNDLED_DEBUGPY_PATH', '/home/admin/.vscode-server/extensions/ms-python.debugpy-2026.6.0-linux-arm64/bundled/libs/debugpy'), ('VSCODE_PYTHON_AUTOACTIVATE_GUARD', '1'), ('DBUS_SESSION_BUS_ADDRESS', 'unix:path=/run/user/1000/bus'), ('COLORTERM', 'truecolor'), ('COLCON_PREFIX_PATH', '/home/admin/workspace/host_udp_ws/install'), ('GST_V4L2SRC_MAX_RESOLUTION', '3840x2160'), ('ROS_DISTRO', 'humble'), ('LOGNAME', 'admin'), ('_', '/usr/bin/colcon'), ('ROS_VERSION', '2'), ('XDG_SESSION_CLASS', 'user'), ('TERM', 'xterm-256color'), ('GST_GL_API', 'gles2'), ('XDG_SESSION_ID', '6'), ('GST_VIDEO_CONVERT_PREFERRED_FORMAT', 'NV12:NV16:I420:YUY2'), ('GST_V4L2SRC_RK_DEVICES', '_mainpath:_selfpath:_bypass:_scale'), ('ROS_LOCALHOST_ONLY', '1'), ('PATH', '/home/admin/.vscode-server/cli/servers/Stable-6a49527b96e326fe62fbdb56f60e16877c9aa724/server/bin/remote-cli:/home/admin/.local/bin:/opt/ros/humble/bin:/home/admin/.local/bin:/usr/local/sbin:/usr/local/bin:/usr/sbin:/usr/bin:/sbin:/bin:/usr/games:/usr/local/games:/snap/bin:/home/admin/.vscode-server/extensions/ms-python.debugpy-2026.6.0-linux-arm64/bundled/scripts/noConfigScripts'), ('XDG_RUNTIME_DIR', '/run/user/1000'), ('GST_GL_PLATFORM', 'egl'), ('GST_DEBUG_NO_COLOR', '1'), ('GST_V4L2SRC_DEFAULT_DEVICE', '/dev/video-camera0'), ('DISPLAY', ':0'), ('VSCODE_DEBUGPY_ADAPTER_ENDPOINTS', '/home/admin/.vscode-server/extensions/ms-python.debugpy-2026.6.0-linux-arm64/.noConfigDebugAdapterEndpoints/endpoint-c929ce49067852cf.txt'), ('LANG', 'en_US.UTF-8'), ('PYTHONSTARTUP', '/home/admin/.vscode-server/data/User/workspaceStorage/2a4873d7ff7a1bb6e3391ee746fb9efe/ms-python.python/pythonrc.py'), ('LS_COLORS', 'rs=0:di=01;34:ln=01;36:mh=00:pi=40;33:so=01;35:do=01;35:bd=40;33;01:cd=40;33;01:or=40;31;01:mi=00:su=37;41:sg=30;43:ca=30;41:tw=30;42:ow=34;42:st=37;44:ex=01;32:*.tar=01;31:*.tgz=01;31:*.arc=01;31:*.arj=01;31:*.taz=01;31:*.lha=01;31:*.lz4=01;31:*.lzh=01;31:*.lzma=01;31:*.tlz=01;31:*.txz=01;31:*.tzo=01;31:*.t7z=01;31:*.zip=01;31:*.z=01;31:*.dz=01;31:*.gz=01;31:*.lrz=01;31:*.lz=01;31:*.lzo=01;31:*.xz=01;31:*.zst=01;31:*.tzst=01;31:*.bz2=01;31:*.bz=01;31:*.tbz=01;31:*.tbz2=01;31:*.tz=01;31:*.deb=01;31:*.rpm=01;31:*.jar=01;31:*.war=01;31:*.ear=01;31:*.sar=01;31:*.rar=01;31:*.alz=01;31:*.ace=01;31:*.zoo=01;31:*.cpio=01;31:*.7z=01;31:*.rz=01;31:*.cab=01;31:*.wim=01;31:*.swm=01;31:*.dwm=01;31:*.esd=01;31:*.jpg=01;35:*.jpeg=01;35:*.mjpg=01;35:*.mjpeg=01;35:*.gif=01;35:*.bmp=01;35:*.pbm=01;35:*.pgm=01;35:*.ppm=01;35:*.tga=01;35:*.xbm=01;35:*.xpm=01;35:*.tif=01;35:*.tiff=01;35:*.png=01;35:*.svg=01;35:*.svgz=01;35:*.mng=01;35:*.pcx=01;35:*.mov=01;35:*.mpg=01;35:*.mpeg=01;35:*.m2v=01;35:*.mkv=01;35:*.webm=01;35:*.webp=01;35:*.ogm=01;35:*.mp4=01;35:*.m4v=01;35:*.mp4v=01;35:*.vob=01;35:*.qt=01;35:*.nuv=01;35:*.wmv=01;35:*.asf=01;35:*.rm=01;35:*.rmvb=01;35:*.flc=01;35:*.avi=01;35:*.fli=01;35:*.flv=01;35:*.gl=01;35:*.dl=01;35:*.xcf=01;35:*.xwd=01;35:*.yuv=01;35:*.cgm=01;35:*.emf=01;35:*.ogv=01;35:*.ogx=01;35:*.aac=00;36:*.au=00;36:*.flac=00;36:*.m4a=00;36:*.mid=00;36:*.midi=00;36:*.mka=00;36:*.mp3=00;36:*.mpc=00;36:*.ogg=00;36:*.ra=00;36:*.wav=00;36:*.oga=00;36:*.opus=00;36:*.spx=00;36:*.xspf=00;36:'), ('VSCODE_GIT_IPC_HANDLE', '/run/user/1000/vscode-git-de57f957e7.sock'), ('TERM_PROGRAM', 'vscode'), ('GST_V4L2_USE_LIBV4L2', '1'), ('UMS_SIZE', '256M'), ('AMENT_PREFIX_PATH', '/home/admin/workspace/host_udp_ws/install/dog_udp_comm:/home/admin/workspace/host_udp_ws/install/cspc_lidar:/opt/ros/humble'), ('LC_MESSAGES', 'en_US.UTF-8'), ('SHELL', '/bin/bash'), ('UMS_RO', '0'), ('LESSCLOSE', '/usr/bin/lesspipe %s %s'), ('UMS_FSTYPE', 'vfat'), ('VSCODE_GIT_ASKPASS_EXTRA_ARGS', ''), ('PWD', '/home/admin/workspace/host_udp_ws/build/dog_udp_comm'), ('LC_ALL', 'en_US.UTF-8'), ('SSH_CONNECTION', '192.168.88.243 63795 192.168.88.181 22'), ('PYTHONPATH', '/opt/ros/humble/lib/python3.10/site-packages:/opt/ros/humble/local/lib/python3.10/dist-packages'), ('UMS_MOUNT', '0'), ('COLCON', '1'), ('CMAKE_PREFIX_PATH', '/home/admin/workspace/host_udp_ws/install/cspc_lidar:/home/admin/workspace/host_udp_ws/install/dog_udp_comm:/opt/ros/humble'), ('UMS_FILE', '/userdata/ums_shared.img')]), 'shell': False}
[51.877960] (dog_udp_comm) StdoutLine: {'line': b'-- Install configuration: ""\n'}
[51.880129] (dog_udp_comm) StdoutLine: {'line': b'-- Installing: /home/admin/workspace/host_udp_ws/install/dog_udp_comm/lib/dog_udp_comm/sender_node\n'}
[51.889898] (-) TimerEvent: {}
[51.892846] (dog_udp_comm) StdoutLine: {'line': b'-- Set runtime path of "/home/admin/workspace/host_udp_ws/install/dog_udp_comm/lib/dog_udp_comm/sender_node" to ""\n'}
[51.896134] (dog_udp_comm) StdoutLine: {'line': b'-- Installing: /home/admin/workspace/host_udp_ws/install/dog_udp_comm/lib/dog_udp_comm/keyboard_teleop.py\n'}
[51.898271] (dog_udp_comm) StdoutLine: {'line': b'-- Installing: /home/admin/workspace/host_udp_ws/install/dog_udp_comm/lib/dog_udp_comm/host_mpc_controller.py\n'}
[51.899074] (dog_udp_comm) StdoutLine: {'line': b'-- Installing: /home/admin/workspace/host_udp_ws/install/dog_udp_comm/lib/dog_udp_comm/pixel_to_scan_polar.py\n'}
[51.899943] (dog_udp_comm) StdoutLine: {'line': b'-- Installing: /home/admin/workspace/host_udp_ws/install/dog_udp_comm/lib/dog_udp_comm/tracking_string_bridge.py\n'}
[51.900481] (dog_udp_comm) StdoutLine: {'line': b'-- Installing: /home/admin/workspace/host_udp_ws/install/dog_udp_comm/lib/dog_udp_comm/tracking_center_tester.py\n'}
[51.900946] (dog_udp_comm) StdoutLine: {'line': b'-- Installing: /home/admin/workspace/host_udp_ws/install/dog_udp_comm/lib/dog_udp_comm/analyze_tracking_cmd_bag.py\n'}
[51.901295] (dog_udp_comm) StdoutLine: {'line': b'-- Installing: /home/admin/workspace/host_udp_ws/install/dog_udp_comm/share/dog_udp_comm/launch\n'}
[51.901649] (dog_udp_comm) StdoutLine: {'line': b'-- Installing: /home/admin/workspace/host_udp_ws/install/dog_udp_comm/share/dog_udp_comm/launch/__pycache__\n'}
[51.902002] (dog_udp_comm) StdoutLine: {'line': b'-- Installing: /home/admin/workspace/host_udp_ws/install/dog_udp_comm/share/dog_udp_comm/launch/__pycache__/sender_launch.cpython-313.pyc\n'}
[51.902359] (dog_udp_comm) StdoutLine: {'line': b'-- Installing: /home/admin/workspace/host_udp_ws/install/dog_udp_comm/share/dog_udp_comm/launch/__pycache__/person_follow_udp_launch.cpython-313.pyc\n'}
[51.902770] (dog_udp_comm) StdoutLine: {'line': b'-- Installing: /home/admin/workspace/host_udp_ws/install/dog_udp_comm/share/dog_udp_comm/launch/person_follow_udp_launch.py\n'}
[51.903194] (dog_udp_comm) StdoutLine: {'line': b'-- Installing: /home/admin/workspace/host_udp_ws/install/dog_udp_comm/share/dog_udp_comm/launch/sender_launch.py\n'}
[51.917168] (dog_udp_comm) StdoutLine: {'line': b'-- Installing: /home/admin/workspace/host_udp_ws/install/dog_udp_comm/share/dog_udp_comm/params\n'}
[51.917963] (dog_udp_comm) StdoutLine: {'line': b'-- Installing: /home/admin/workspace/host_udp_ws/install/dog_udp_comm/share/dog_udp_comm/params/person_follow_params.yaml\n'}
[51.918575] (dog_udp_comm) StdoutLine: {'line': b'-- Installing: /home/admin/workspace/host_udp_ws/install/dog_udp_comm/share/ament_index/resource_index/package_run_dependencies/dog_udp_comm\n'}
[51.918933] (dog_udp_comm) StdoutLine: {'line': b'-- Installing: /home/admin/workspace/host_udp_ws/install/dog_udp_comm/share/ament_index/resource_index/parent_prefix_path/dog_udp_comm\n'}
[51.919312] (dog_udp_comm) StdoutLine: {'line': b'-- Installing: /home/admin/workspace/host_udp_ws/install/dog_udp_comm/share/dog_udp_comm/environment/ament_prefix_path.sh\n'}
[51.919987] (dog_udp_comm) StdoutLine: {'line': b'-- Installing: /home/admin/workspace/host_udp_ws/install/dog_udp_comm/share/dog_udp_comm/environment/ament_prefix_path.dsv\n'}
[51.920337] (dog_udp_comm) StdoutLine: {'line': b'-- Installing: /home/admin/workspace/host_udp_ws/install/dog_udp_comm/share/dog_udp_comm/environment/path.sh\n'}
[51.920688] (dog_udp_comm) StdoutLine: {'line': b'-- Installing: /home/admin/workspace/host_udp_ws/install/dog_udp_comm/share/dog_udp_comm/environment/path.dsv\n'}
[51.921038] (dog_udp_comm) StdoutLine: {'line': b'-- Installing: /home/admin/workspace/host_udp_ws/install/dog_udp_comm/share/dog_udp_comm/local_setup.bash\n'}
[51.921413] (dog_udp_comm) StdoutLine: {'line': b'-- Installing: /home/admin/workspace/host_udp_ws/install/dog_udp_comm/share/dog_udp_comm/local_setup.sh\n'}
[51.921753] (dog_udp_comm) StdoutLine: {'line': b'-- Installing: /home/admin/workspace/host_udp_ws/install/dog_udp_comm/share/dog_udp_comm/local_setup.zsh\n'}
[51.937334] (dog_udp_comm) StdoutLine: {'line': b'-- Installing: /home/admin/workspace/host_udp_ws/install/dog_udp_comm/share/dog_udp_comm/local_setup.dsv\n'}
[51.939723] (dog_udp_comm) StdoutLine: {'line': b'-- Installing: /home/admin/workspace/host_udp_ws/install/dog_udp_comm/share/dog_udp_comm/package.dsv\n'}
[51.940772] (dog_udp_comm) StdoutLine: {'line': b'-- Installing: /home/admin/workspace/host_udp_ws/install/dog_udp_comm/share/ament_index/resource_index/packages/dog_udp_comm\n'}
[51.942051] (dog_udp_comm) StdoutLine: {'line': b'-- Installing: /home/admin/workspace/host_udp_ws/install/dog_udp_comm/share/dog_udp_comm/cmake/dog_udp_commConfig.cmake\n'}
[51.942625] (dog_udp_comm) StdoutLine: {'line': b'-- Installing: /home/admin/workspace/host_udp_ws/install/dog_udp_comm/share/dog_udp_comm/cmake/dog_udp_commConfig-version.cmake\n'}
[51.944405] (dog_udp_comm) StdoutLine: {'line': b'-- Installing: /home/admin/workspace/host_udp_ws/install/dog_udp_comm/share/dog_udp_comm/package.xml\n'}
[51.945053] (dog_udp_comm) CommandEnded: {'returncode': 0}
[51.985359] (dog_udp_comm) JobEnded: {'identifier': 'dog_udp_comm', 'rc': 0}
[51.987558] (-) EventReactorShutdown: {}
