[0.000000] (-) TimerEvent: {}
[0.001490] (cspc_lidar) JobQueued: {'identifier': 'cspc_lidar', 'dependencies': OrderedDict()}
[0.002119] (dog_udp_comm) JobQueued: {'identifier': 'dog_udp_comm', 'dependencies': OrderedDict([('cspc_lidar', '/home/admin/workspace/host_udp_ws/install/cspc_lidar')])}
[0.003178] (cspc_lidar) JobStarted: {'identifier': 'cspc_lidar'}
[0.022286] (cspc_lidar) JobProgress: {'identifier': 'cspc_lidar', 'progress': 'cmake'}
[0.023584] (cspc_lidar) Command: {'cmd': ['/usr/bin/cmake', '/home/admin/workspace/host_udp_ws/src/cspc_lidar_sdk_ros2', '-DCMAKE_INSTALL_PREFIX=/home/admin/workspace/host_udp_ws/install/cspc_lidar'], 'cwd': '/home/admin/workspace/host_udp_ws/build/cspc_lidar', 'env': OrderedDict([('PYTHON_BASIC_REPL', '1'), ('LESSOPEN', '| /usr/bin/lesspipe %s'), ('UMS_MOUNTPOINT', '/mnt/ums'), ('GST_V4L2_PREFERRED_FOURCC', 'NV12:YU12:NV16:YUY2'), ('LANGUAGE', 'en_US.UTF-8'), ('USER', 'admin'), ('SSH_CLIENT', '192.168.88.69 65509 22'), ('XDG_SESSION_TYPE', 'tty'), ('GIT_ASKPASS', '/home/admin/.vscode-server/cli/servers/Stable-6a44c352bd24569c417e530095901b649960f9f8/server/extensions/git/dist/askpass.sh'), ('SHLVL', '1'), ('USB_FUNCS', 'adb'), ('LD_LIBRARY_PATH', '/opt/ros/humble/opt/rviz_ogre_vendor/lib:/opt/ros/humble/lib/aarch64-linux-gnu:/opt/ros/humble/lib'), ('BROWSER', '/home/admin/.vscode-server/cli/servers/Stable-6a44c352bd24569c417e530095901b649960f9f8/server/bin/helpers/browser.sh'), ('MOTD_SHOWN', 'pam'), ('HOME', '/home/admin'), ('OLDPWD', '/home/admin/workspace/host_udp_ws'), ('TERM_PROGRAM_VERSION', '1.123.0'), ('VSCODE_IPC_HOOK_CLI', '/run/user/1000/vscode-ipc-40d54a3c-d885-4dbc-9e6f-962942b24f34.sock'), ('GST_INSPECT_NO_COLORS', '1'), ('GST_MPP_NO_RGA', '1'), ('ROS_PYTHON_VERSION', '3'), ('COGL_DRIVER', 'gles2'), ('VSCODE_GIT_ASKPASS_MAIN', '/home/admin/.vscode-server/cli/servers/Stable-6a44c352bd24569c417e530095901b649960f9f8/server/extensions/git/dist/askpass-main.js'), ('PS1', '\\[\x1b]633;A\x07\\]\\[\x1b]633;A\x07\\]\\[\\e]0;\\u@\\h: \\w\\a\\]${debian_chroot:+($debian_chroot)}\\[\\033[01;32m\\]\\u@\\h\\[\\033[00m\\]:\\[\\033[01;34m\\]\\w\\[\\033[00m\\]\\$ \\[\x1b]633;B\x07\\]\\[\x1b]633;B\x07\\]'), ('VSCODE_GIT_ASKPASS_NODE', '/home/admin/.vscode-server/cli/servers/Stable-6a44c352bd24569c417e530095901b649960f9f8/server/node'), ('PYDEVD_DISABLE_FILE_VALIDATION', '1'), ('BUNDLED_DEBUGPY_PATH', '/home/admin/.vscode-server/extensions/ms-python.debugpy-2026.6.0-linux-arm64/bundled/libs/debugpy'), ('VSCODE_PYTHON_AUTOACTIVATE_GUARD', '1'), ('DBUS_SESSION_BUS_ADDRESS', 'unix:path=/run/user/1000/bus'), ('COLORTERM', 'truecolor'), ('GST_V4L2SRC_MAX_RESOLUTION', '3840x2160'), ('ROS_DISTRO', 'humble'), ('LOGNAME', 'admin'), ('_', '/usr/bin/colcon'), ('ROS_VERSION', '2'), ('XDG_SESSION_CLASS', 'user'), ('TERM', 'xterm-256color'), ('GST_GL_API', 'gles2'), ('XDG_SESSION_ID', '8'), ('GST_VIDEO_CONVERT_PREFERRED_FORMAT', 'NV12:NV16:I420:YUY2'), ('GST_V4L2SRC_RK_DEVICES', '_mainpath:_selfpath:_bypass:_scale'), ('ROS_LOCALHOST_ONLY', '1'), ('PATH', '/home/admin/.vscode-server/cli/servers/Stable-6a44c352bd24569c417e530095901b649960f9f8/server/bin/remote-cli:/home/admin/.local/bin:/opt/ros/humble/bin:/home/admin/.local/bin:/usr/local/sbin:/usr/local/bin:/usr/sbin:/usr/bin:/sbin:/bin:/usr/games:/usr/local/games:/snap/bin:/home/admin/.vscode-server/extensions/ms-python.debugpy-2026.6.0-linux-arm64/bundled/scripts/noConfigScripts'), ('XDG_RUNTIME_DIR', '/run/user/1000'), ('GST_GL_PLATFORM', 'egl'), ('GST_DEBUG_NO_COLOR', '1'), ('GST_V4L2SRC_DEFAULT_DEVICE', '/dev/video-camera0'), ('DISPLAY', ':0'), ('VSCODE_DEBUGPY_ADAPTER_ENDPOINTS', '/home/admin/.vscode-server/extensions/ms-python.debugpy-2026.6.0-linux-arm64/.noConfigDebugAdapterEndpoints/endpoint-d4243ace2b6376e9.txt'), ('LANG', 'en_US.UTF-8'), ('PYTHONSTARTUP', '/home/admin/.vscode-server/data/User/workspaceStorage/2a4873d7ff7a1bb6e3391ee746fb9efe-1/ms-python.python/pythonrc.py'), ('LS_COLORS', 'rs=0:di=01;34:ln=01;36:mh=00:pi=40;33:so=01;35:do=01;35:bd=40;33;01:cd=40;33;01:or=40;31;01:mi=00:su=37;41:sg=30;43:ca=30;41:tw=30;42:ow=34;42:st=37;44:ex=01;32:*.tar=01;31:*.tgz=01;31:*.arc=01;31:*.arj=01;31:*.taz=01;31:*.lha=01;31:*.lz4=01;31:*.lzh=01;31:*.lzma=01;31:*.tlz=01;31:*.txz=01;31:*.tzo=01;31:*.t7z=01;31:*.zip=01;31:*.z=01;31:*.dz=01;31:*.gz=01;31:*.lrz=01;31:*.lz=01;31:*.lzo=01;31:*.xz=01;31:*.zst=01;31:*.tzst=01;31:*.bz2=01;31:*.bz=01;31:*.tbz=01;31:*.tbz2=01;31:*.tz=01;31:*.deb=01;31:*.rpm=01;31:*.jar=01;31:*.war=01;31:*.ear=01;31:*.sar=01;31:*.rar=01;31:*.alz=01;31:*.ace=01;31:*.zoo=01;31:*.cpio=01;31:*.7z=01;31:*.rz=01;31:*.cab=01;31:*.wim=01;31:*.swm=01;31:*.dwm=01;31:*.esd=01;31:*.jpg=01;35:*.jpeg=01;35:*.mjpg=01;35:*.mjpeg=01;35:*.gif=01;35:*.bmp=01;35:*.pbm=01;35:*.pgm=01;35:*.ppm=01;35:*.tga=01;35:*.xbm=01;35:*.xpm=01;35:*.tif=01;35:*.tiff=01;35:*.png=01;35:*.svg=01;35:*.svgz=01;35:*.mng=01;35:*.pcx=01;35:*.mov=01;35:*.mpg=01;35:*.mpeg=01;35:*.m2v=01;35:*.mkv=01;35:*.webm=01;35:*.webp=01;35:*.ogm=01;35:*.mp4=01;35:*.m4v=01;35:*.mp4v=01;35:*.vob=01;35:*.qt=01;35:*.nuv=01;35:*.wmv=01;35:*.asf=01;35:*.rm=01;35:*.rmvb=01;35:*.flc=01;35:*.avi=01;35:*.fli=01;35:*.flv=01;35:*.gl=01;35:*.dl=01;35:*.xcf=01;35:*.xwd=01;35:*.yuv=01;35:*.cgm=01;35:*.emf=01;35:*.ogv=01;35:*.ogx=01;35:*.aac=00;36:*.au=00;36:*.flac=00;36:*.m4a=00;36:*.mid=00;36:*.midi=00;36:*.mka=00;36:*.mp3=00;36:*.mpc=00;36:*.ogg=00;36:*.ra=00;36:*.wav=00;36:*.oga=00;36:*.opus=00;36:*.spx=00;36:*.xspf=00;36:'), ('VSCODE_GIT_IPC_HANDLE', '/run/user/1000/vscode-git-de57f957e7.sock'), ('TERM_PROGRAM', 'vscode'), ('GST_V4L2_USE_LIBV4L2', '1'), ('UMS_SIZE', '256M'), ('AMENT_PREFIX_PATH', '/opt/ros/humble'), ('LC_MESSAGES', 'en_US.UTF-8'), ('SHELL', '/bin/bash'), ('UMS_RO', '0'), ('LESSCLOSE', '/usr/bin/lesspipe %s %s'), ('UMS_FSTYPE', 'vfat'), ('VSCODE_GIT_ASKPASS_EXTRA_ARGS', ''), ('PWD', '/home/admin/workspace/host_udp_ws/build/cspc_lidar'), ('LC_ALL', 'en_US.UTF-8'), ('SSH_CONNECTION', '192.168.88.69 65509 192.168.88.181 22'), ('PYTHONPATH', '/opt/ros/humble/lib/python3.10/site-packages:/opt/ros/humble/local/lib/python3.10/dist-packages'), ('UMS_MOUNT', '0'), ('COLCON', '1'), ('UMS_FILE', '/userdata/ums_shared.img'), ('CMAKE_PREFIX_PATH', '/opt/ros/humble')]), 'shell': False}
[0.100717] (-) TimerEvent: {}
[0.201361] (-) TimerEvent: {}
[0.214834] (cspc_lidar) StdoutLine: {'line': b'-- The C compiler identification is GNU 11.4.0\n'}
[0.301589] (-) TimerEvent: {}
[0.350233] (cspc_lidar) StdoutLine: {'line': b'-- The CXX compiler identification is GNU 11.4.0\n'}
[0.362067] (cspc_lidar) StdoutLine: {'line': b'-- Detecting C compiler ABI info\n'}
[0.401798] (-) TimerEvent: {}
[0.502716] (-) TimerEvent: {}
[0.570603] (cspc_lidar) StdoutLine: {'line': b'-- Detecting C compiler ABI info - done\n'}
[0.602875] (-) TimerEvent: {}
[0.616743] (cspc_lidar) StdoutLine: {'line': b'-- Check for working C compiler: /usr/bin/cc - skipped\n'}
[0.617955] (cspc_lidar) StdoutLine: {'line': b'-- Detecting C compile features\n'}
[0.621492] (cspc_lidar) StdoutLine: {'line': b'-- Detecting C compile features - done\n'}
[0.635659] (cspc_lidar) StdoutLine: {'line': b'-- Detecting CXX compiler ABI info\n'}
[0.703039] (-) TimerEvent: {}
[0.803723] (-) TimerEvent: {}
[0.877526] (cspc_lidar) StdoutLine: {'line': b'-- Detecting CXX compiler ABI info - done\n'}
[0.892365] (cspc_lidar) StdoutLine: {'line': b'-- Check for working CXX compiler: /usr/bin/c++ - skipped\n'}
[0.892710] (cspc_lidar) StdoutLine: {'line': b'-- Detecting CXX compile features\n'}
[0.893384] (cspc_lidar) StdoutLine: {'line': b'-- Detecting CXX compile features - done\n'}
[0.897045] (cspc_lidar) StdoutLine: {'line': b'-- Found ament_cmake: 1.3.14 (/opt/ros/humble/share/ament_cmake/cmake)\n'}
[0.903805] (-) TimerEvent: {}
[1.004294] (-) TimerEvent: {}
[1.104850] (-) TimerEvent: {}
[1.205411] (-) TimerEvent: {}
[1.225439] (cspc_lidar) StdoutLine: {'line': b'-- Found Python3: /usr/bin/python3 (found version "3.10.12") found components: Interpreter \n'}
[1.305700] (-) TimerEvent: {}
[1.406557] (-) TimerEvent: {}
[1.426154] (cspc_lidar) StdoutLine: {'line': b'-- Found rclcpp: 16.0.19 (/opt/ros/humble/share/rclcpp/cmake)\n'}
[1.483927] (cspc_lidar) StdoutLine: {'line': b'-- Found rosidl_generator_c: 3.1.8 (/opt/ros/humble/share/rosidl_generator_c/cmake)\n'}
[1.489708] (cspc_lidar) StdoutLine: {'line': b'-- Found rosidl_adapter: 3.1.8 (/opt/ros/humble/share/rosidl_adapter/cmake)\n'}
[1.502404] (cspc_lidar) StdoutLine: {'line': b'-- Found rosidl_generator_cpp: 3.1.8 (/opt/ros/humble/share/rosidl_generator_cpp/cmake)\n'}
[1.506775] (-) TimerEvent: {}
[1.518741] (cspc_lidar) StdoutLine: {'line': b'-- Using all available rosidl_typesupport_c: rosidl_typesupport_fastrtps_c;rosidl_typesupport_introspection_c\n'}
[1.541586] (cspc_lidar) StdoutLine: {'line': b'-- Using all available rosidl_typesupport_cpp: rosidl_typesupport_fastrtps_cpp;rosidl_typesupport_introspection_cpp\n'}
[1.604895] (cspc_lidar) StdoutLine: {'line': b'-- Found rmw_implementation_cmake: 6.1.2 (/opt/ros/humble/share/rmw_implementation_cmake/cmake)\n'}
[1.606867] (-) TimerEvent: {}
[1.607920] (cspc_lidar) StdoutLine: {'line': b'-- Found rmw_fastrtps_cpp: 6.2.10 (/opt/ros/humble/share/rmw_fastrtps_cpp/cmake)\n'}
[1.707171] (-) TimerEvent: {}
[1.807934] (-) TimerEvent: {}
[1.832935] (cspc_lidar) StdoutLine: {'line': b'-- Found OpenSSL: /usr/lib/aarch64-linux-gnu/libcrypto.so (found version "3.0.2")  \n'}
[1.893906] (cspc_lidar) StdoutLine: {'line': b'-- Found FastRTPS: /opt/ros/humble/include  \n'}
[1.908141] (-) TimerEvent: {}
[1.966833] (cspc_lidar) StdoutLine: {'line': b"-- Using RMW implementation 'rmw_fastrtps_cpp' as default\n"}
[1.978313] (cspc_lidar) StdoutLine: {'line': b'-- Looking for pthread.h\n'}
[2.008484] (-) TimerEvent: {}
[2.109133] (-) TimerEvent: {}
[2.202015] (cspc_lidar) StdoutLine: {'line': b'-- Looking for pthread.h - found\n'}
[2.202493] (cspc_lidar) StdoutLine: {'line': b'-- Performing Test CMAKE_HAVE_LIBC_PTHREAD\n'}
[2.209223] (-) TimerEvent: {}
[2.309660] (-) TimerEvent: {}
[2.410179] (-) TimerEvent: {}
[2.420761] (cspc_lidar) StdoutLine: {'line': b'-- Performing Test CMAKE_HAVE_LIBC_PTHREAD - Success\n'}
[2.423046] (cspc_lidar) StdoutLine: {'line': b'-- Found Threads: TRUE  \n'}
[2.510267] (-) TimerEvent: {}
[2.514220] (cspc_lidar) StdoutLine: {'line': b'-- Found sensor_msgs: 4.9.1 (/opt/ros/humble/share/sensor_msgs/cmake)\n'}
[2.563161] (cspc_lidar) StdoutLine: {'line': b'-- Found visualization_msgs: 4.9.1 (/opt/ros/humble/share/visualization_msgs/cmake)\n'}
[2.596373] (cspc_lidar) StdoutLine: {'line': b'-- Found pcl_conversions: 2.4.5 (/opt/ros/humble/share/pcl_conversions/cmake)\n'}
[2.610418] (-) TimerEvent: {}
[2.669459] (cspc_lidar) StdoutLine: {'line': b"-- Checking for module 'eigen3'\n"}
[2.710653] (-) TimerEvent: {}
[2.713329] (cspc_lidar) StdoutLine: {'line': b'--   Found eigen3, version 3.4.0\n'}
[2.810995] (-) TimerEvent: {}
[2.834381] (cspc_lidar) StdoutLine: {'line': b'-- Found Eigen: /usr/include/eigen3 (Required is at least version "3.1") \n'}
[2.835256] (cspc_lidar) StdoutLine: {'line': b'-- Eigen found (include: /usr/include/eigen3, version: 3.4.0)\n'}
[2.901335] (cspc_lidar) StdoutLine: {'line': b"-- Checking for module 'flann'\n"}
[2.913530] (-) TimerEvent: {}
[2.950271] (cspc_lidar) StdoutLine: {'line': b'--   Found flann, version 1.9.1\n'}
[3.013648] (-) TimerEvent: {}
[3.086425] (cspc_lidar) StdoutLine: {'line': b'-- Found FLANN: /usr/lib/aarch64-linux-gnu/libflann_cpp.so  \n'}
[3.087489] (cspc_lidar) StdoutLine: {'line': b'-- FLANN found (include: /usr/include, lib: /usr/lib/aarch64-linux-gnu/libflann_cpp.so)\n'}
[3.113931] (-) TimerEvent: {}
[3.214856] (-) TimerEvent: {}
[3.316638] (-) TimerEvent: {}
[3.418191] (-) TimerEvent: {}
[3.518964] (-) TimerEvent: {}
[3.619893] (-) TimerEvent: {}
[3.720622] (-) TimerEvent: {}
[3.821482] (-) TimerEvent: {}
[3.922578] (-) TimerEvent: {}
[4.023850] (-) TimerEvent: {}
[4.124679] (-) TimerEvent: {}
[4.225491] (-) TimerEvent: {}
[4.326306] (-) TimerEvent: {}
[4.427244] (-) TimerEvent: {}
[4.528320] (-) TimerEvent: {}
[4.629263] (-) TimerEvent: {}
[4.730172] (-) TimerEvent: {}
[4.830977] (-) TimerEvent: {}
[4.931698] (-) TimerEvent: {}
[5.032425] (-) TimerEvent: {}
[5.133205] (-) TimerEvent: {}
[5.234308] (-) TimerEvent: {}
[5.335184] (-) TimerEvent: {}
[5.436146] (-) TimerEvent: {}
[5.537155] (-) TimerEvent: {}
[5.638038] (-) TimerEvent: {}
[5.738868] (-) TimerEvent: {}
[5.799352] (cspc_lidar) StdoutLine: {'line': b"-- Checking for module 'libusb-1.0'\n"}
[5.839095] (-) TimerEvent: {}
[5.844800] (cspc_lidar) StdoutLine: {'line': b'--   Found libusb-1.0, version 1.0.25\n'}
[5.939385] (-) TimerEvent: {}
[5.977957] (cspc_lidar) StdoutLine: {'line': b'-- Found libusb: /usr/lib/aarch64-linux-gnu/libusb-1.0.so  \n'}
[5.982256] (cspc_lidar) StdoutLine: {'line': b'-- OpenNI found (version: 1.5.4.0, include: /usr/include/ni, lib: /usr/lib/libOpenNI.so;libusb::libusb)\n'}
[6.039475] (-) TimerEvent: {}
[6.139909] (-) TimerEvent: {}
[6.191925] (cspc_lidar) StdoutLine: {'line': b'-- OpenNI2 found (version: 2.2.0.33, include: /usr/include/openni2, lib: /usr/lib/aarch64-linux-gnu/libOpenNI2.so;libusb::libusb)\n'}
[6.240057] (-) TimerEvent: {}
[6.340731] (-) TimerEvent: {}
[6.441292] (-) TimerEvent: {}
[6.473667] (cspc_lidar) StdoutLine: {'line': b'-- Eigen found (include: /usr/include/eigen3, version: 3.4.0)\n'}
[6.489355] (cspc_lidar) StdoutLine: {'line': b'-- OpenNI found (version: 1.5.4.0, include: /usr/include/ni, lib: /usr/lib/libOpenNI.so;libusb::libusb)\n'}
[6.506116] (cspc_lidar) StdoutLine: {'line': b'-- OpenNI2 found (version: 2.2.0.33, include: /usr/include/openni2, lib: /usr/lib/aarch64-linux-gnu/libOpenNI2.so;libusb::libusb)\n'}
[6.541388] (-) TimerEvent: {}
[6.641857] (-) TimerEvent: {}
[6.742272] (-) TimerEvent: {}
[6.765899] (cspc_lidar) StdoutLine: {'line': b'-- Found Qhull version 8.0.2\n'}
[6.842376] (-) TimerEvent: {}
[6.942800] (-) TimerEvent: {}
[7.012074] (cspc_lidar) StdoutLine: {'line': b'-- OpenNI found (version: 1.5.4.0, include: /usr/include/ni, lib: /usr/lib/libOpenNI.so;libusb::libusb)\n'}
[7.042917] (-) TimerEvent: {}
[7.143460] (-) TimerEvent: {}
[7.244637] (-) TimerEvent: {}
[7.288116] (cspc_lidar) StdoutLine: {'line': b'-- Found PCL_COMMON: /usr/lib/aarch64-linux-gnu/libpcl_common.so  \n'}
[7.290927] (cspc_lidar) StdoutLine: {'line': b'-- Found PCL_KDTREE: /usr/lib/aarch64-linux-gnu/libpcl_kdtree.so  \n'}
[7.294582] (cspc_lidar) StdoutLine: {'line': b'-- Found PCL_OCTREE: /usr/lib/aarch64-linux-gnu/libpcl_octree.so  \n'}
[7.296625] (cspc_lidar) StdoutLine: {'line': b'-- Found PCL_SEARCH: /usr/lib/aarch64-linux-gnu/libpcl_search.so  \n'}
[7.298384] (cspc_lidar) StdoutLine: {'line': b'-- Found PCL_SAMPLE_CONSENSUS: /usr/lib/aarch64-linux-gnu/libpcl_sample_consensus.so  \n'}
[7.299639] (cspc_lidar) StdoutLine: {'line': b'-- Found PCL_FILTERS: /usr/lib/aarch64-linux-gnu/libpcl_filters.so  \n'}
[7.300368] (cspc_lidar) StdoutLine: {'line': b'-- Found PCL_2D: /usr/include/pcl-1.12  \n'}
[7.301068] (cspc_lidar) StdoutLine: {'line': b'-- Found PCL_GEOMETRY: /usr/include/pcl-1.12  \n'}
[7.302715] (cspc_lidar) StdoutLine: {'line': b'-- Found PCL_IO: /usr/lib/aarch64-linux-gnu/libpcl_io.so  \n'}
[7.304523] (cspc_lidar) StdoutLine: {'line': b'-- Found PCL_FEATURES: /usr/lib/aarch64-linux-gnu/libpcl_features.so  \n'}
[7.305817] (cspc_lidar) StdoutLine: {'line': b'-- Found PCL_ML: /usr/lib/aarch64-linux-gnu/libpcl_ml.so  \n'}
[7.307379] (cspc_lidar) StdoutLine: {'line': b'-- Found PCL_SEGMENTATION: /usr/lib/aarch64-linux-gnu/libpcl_segmentation.so  \n'}
[7.309341] (cspc_lidar) StdoutLine: {'line': b'-- Found PCL_VISUALIZATION: /usr/lib/aarch64-linux-gnu/libpcl_visualization.so  \n'}
[7.313046] (cspc_lidar) StdoutLine: {'line': b'-- Found PCL_SURFACE: /usr/lib/aarch64-linux-gnu/libpcl_surface.so  \n'}
[7.315052] (cspc_lidar) StdoutLine: {'line': b'-- Found PCL_REGISTRATION: /usr/lib/aarch64-linux-gnu/libpcl_registration.so  \n'}
[7.317743] (cspc_lidar) StdoutLine: {'line': b'-- Found PCL_KEYPOINTS: /usr/lib/aarch64-linux-gnu/libpcl_keypoints.so  \n'}
[7.319399] (cspc_lidar) StdoutLine: {'line': b'-- Found PCL_TRACKING: /usr/lib/aarch64-linux-gnu/libpcl_tracking.so  \n'}
[7.321470] (cspc_lidar) StdoutLine: {'line': b'-- Found PCL_RECOGNITION: /usr/lib/aarch64-linux-gnu/libpcl_recognition.so  \n'}
[7.323095] (cspc_lidar) StdoutLine: {'line': b'-- Found PCL_STEREO: /usr/lib/aarch64-linux-gnu/libpcl_stereo.so  \n'}
[7.324438] (cspc_lidar) StdoutLine: {'line': b'-- Found PCL_APPS: /usr/lib/aarch64-linux-gnu/libpcl_apps.so  \n'}
[7.325709] (cspc_lidar) StdoutLine: {'line': b'-- Found PCL_IN_HAND_SCANNER: /usr/include/pcl-1.12  \n'}
[7.326126] (cspc_lidar) StdoutLine: {'line': b'-- Found PCL_MODELER: /usr/include/pcl-1.12  \n'}
[7.326654] (cspc_lidar) StdoutLine: {'line': b'-- Found PCL_POINT_CLOUD_EDITOR: /usr/include/pcl-1.12  \n'}
[7.328687] (cspc_lidar) StdoutLine: {'line': b'-- Found PCL_OUTOFCORE: /usr/lib/aarch64-linux-gnu/libpcl_outofcore.so  \n'}
[7.330436] (cspc_lidar) StdoutLine: {'line': b'-- Found PCL_PEOPLE: /usr/lib/aarch64-linux-gnu/libpcl_people.so  \n'}
[7.333831] (cspc_lidar) StderrLine: {'line': b'\x1b[33mCMake Warning (dev) at CMakeLists.txt:19 (find_package):\n'}
[7.334321] (cspc_lidar) StderrLine: {'line': b'  Policy CMP0074 is not set: find_package uses <PackageName>_ROOT variables.\n'}
[7.334514] (cspc_lidar) StderrLine: {'line': b'  Run "cmake --help-policy CMP0074" for policy details.  Use the cmake_policy\n'}
[7.334682] (cspc_lidar) StderrLine: {'line': b'  command to set the policy and suppress this warning.\n'}
[7.334840] (cspc_lidar) StderrLine: {'line': b'\n'}
[7.334994] (cspc_lidar) StderrLine: {'line': b'  CMake variable PCL_ROOT is set to:\n'}
[7.335150] (cspc_lidar) StderrLine: {'line': b'\n'}
[7.335309] (cspc_lidar) StderrLine: {'line': b'    /usr\n'}
[7.335470] (cspc_lidar) StderrLine: {'line': b'\n'}
[7.335622] (cspc_lidar) StderrLine: {'line': b'  For compatibility, CMake is ignoring the variable.\n'}
[7.335778] (cspc_lidar) StderrLine: {'line': b'This warning is for project developers.  Use -Wno-dev to suppress it.\n'}
[7.335931] (cspc_lidar) StderrLine: {'line': b'\x1b[0m\n'}
[7.344688] (-) TimerEvent: {}
[7.367488] (cspc_lidar) StdoutLine: {'line': b'-- Found ament_lint_auto: 0.12.15 (/opt/ros/humble/share/ament_lint_auto/cmake)\n'}
[7.444899] (-) TimerEvent: {}
[7.534728] (cspc_lidar) StdoutLine: {'line': b"-- Added test 'copyright' to check source files copyright and LICENSE\n"}
[7.537537] (cspc_lidar) StdoutLine: {'line': b"-- Added test 'cppcheck' to perform static code analysis on C / C++ code\n"}
[7.538084] (cspc_lidar) StdoutLine: {'line': b'-- Configured cppcheck include dirs: /home/admin/workspace/host_udp_ws/src/cspc_lidar_sdk_ros2/include/cspc_lidar;/home/admin/workspace/host_udp_ws/src/cspc_lidar_sdk_ros2/sdk\n'}
[7.538190] (cspc_lidar) StdoutLine: {'line': b'-- Configured cppcheck exclude dirs and/or files: \n'}
[7.540452] (cspc_lidar) StdoutLine: {'line': b"-- Added test 'cpplint' to check C / C++ code against the Google style\n"}
[7.540547] (cspc_lidar) StdoutLine: {'line': b'-- Configured cpplint exclude dirs and/or files: \n'}
[7.541210] (cspc_lidar) StdoutLine: {'line': b"-- Added test 'flake8' to check Python code syntax and style conventions\n"}
[7.542147] (cspc_lidar) StdoutLine: {'line': b"-- Added test 'lint_cmake' to check CMake code style\n"}
[7.542785] (cspc_lidar) StdoutLine: {'line': b"-- Added test 'pep257' to check Python code against some of the docstring style conventions in PEP 257\n"}
[7.546431] (cspc_lidar) StdoutLine: {'line': b"-- Added test 'uncrustify' to check C / C++ code style\n"}
[7.546644] (-) TimerEvent: {}
[7.546789] (cspc_lidar) StdoutLine: {'line': b'-- Configured uncrustify additional arguments: \n'}
[7.546879] (cspc_lidar) StdoutLine: {'line': b"-- Added test 'xmllint' to check XML markup files\n"}
[7.548331] (cspc_lidar) StdoutLine: {'line': b'-- Configuring done\n'}
[7.602891] (cspc_lidar) StdoutLine: {'line': b'-- Generating done\n'}
[7.621397] (cspc_lidar) StdoutLine: {'line': b'-- Build files have been written to: /home/admin/workspace/host_udp_ws/build/cspc_lidar\n'}
[7.646943] (-) TimerEvent: {}
[7.675570] (cspc_lidar) CommandEnded: {'returncode': 0}
[7.677650] (cspc_lidar) JobProgress: {'identifier': 'cspc_lidar', 'progress': 'build'}
[7.681376] (cspc_lidar) Command: {'cmd': ['/usr/bin/cmake', '--build', '/home/admin/workspace/host_udp_ws/build/cspc_lidar', '--', '-j8', '-l8'], 'cwd': '/home/admin/workspace/host_udp_ws/build/cspc_lidar', 'env': OrderedDict([('PYTHON_BASIC_REPL', '1'), ('LESSOPEN', '| /usr/bin/lesspipe %s'), ('UMS_MOUNTPOINT', '/mnt/ums'), ('GST_V4L2_PREFERRED_FOURCC', 'NV12:YU12:NV16:YUY2'), ('LANGUAGE', 'en_US.UTF-8'), ('USER', 'admin'), ('SSH_CLIENT', '192.168.88.69 65509 22'), ('XDG_SESSION_TYPE', 'tty'), ('GIT_ASKPASS', '/home/admin/.vscode-server/cli/servers/Stable-6a44c352bd24569c417e530095901b649960f9f8/server/extensions/git/dist/askpass.sh'), ('SHLVL', '1'), ('USB_FUNCS', 'adb'), ('LD_LIBRARY_PATH', '/opt/ros/humble/opt/rviz_ogre_vendor/lib:/opt/ros/humble/lib/aarch64-linux-gnu:/opt/ros/humble/lib'), ('BROWSER', '/home/admin/.vscode-server/cli/servers/Stable-6a44c352bd24569c417e530095901b649960f9f8/server/bin/helpers/browser.sh'), ('MOTD_SHOWN', 'pam'), ('HOME', '/home/admin'), ('OLDPWD', '/home/admin/workspace/host_udp_ws'), ('TERM_PROGRAM_VERSION', '1.123.0'), ('VSCODE_IPC_HOOK_CLI', '/run/user/1000/vscode-ipc-40d54a3c-d885-4dbc-9e6f-962942b24f34.sock'), ('GST_INSPECT_NO_COLORS', '1'), ('GST_MPP_NO_RGA', '1'), ('ROS_PYTHON_VERSION', '3'), ('COGL_DRIVER', 'gles2'), ('VSCODE_GIT_ASKPASS_MAIN', '/home/admin/.vscode-server/cli/servers/Stable-6a44c352bd24569c417e530095901b649960f9f8/server/extensions/git/dist/askpass-main.js'), ('PS1', '\\[\x1b]633;A\x07\\]\\[\x1b]633;A\x07\\]\\[\\e]0;\\u@\\h: \\w\\a\\]${debian_chroot:+($debian_chroot)}\\[\\033[01;32m\\]\\u@\\h\\[\\033[00m\\]:\\[\\033[01;34m\\]\\w\\[\\033[00m\\]\\$ \\[\x1b]633;B\x07\\]\\[\x1b]633;B\x07\\]'), ('VSCODE_GIT_ASKPASS_NODE', '/home/admin/.vscode-server/cli/servers/Stable-6a44c352bd24569c417e530095901b649960f9f8/server/node'), ('PYDEVD_DISABLE_FILE_VALIDATION', '1'), ('BUNDLED_DEBUGPY_PATH', '/home/admin/.vscode-server/extensions/ms-python.debugpy-2026.6.0-linux-arm64/bundled/libs/debugpy'), ('VSCODE_PYTHON_AUTOACTIVATE_GUARD', '1'), ('DBUS_SESSION_BUS_ADDRESS', 'unix:path=/run/user/1000/bus'), ('COLORTERM', 'truecolor'), ('GST_V4L2SRC_MAX_RESOLUTION', '3840x2160'), ('ROS_DISTRO', 'humble'), ('LOGNAME', 'admin'), ('_', '/usr/bin/colcon'), ('ROS_VERSION', '2'), ('XDG_SESSION_CLASS', 'user'), ('TERM', 'xterm-256color'), ('GST_GL_API', 'gles2'), ('XDG_SESSION_ID', '8'), ('GST_VIDEO_CONVERT_PREFERRED_FORMAT', 'NV12:NV16:I420:YUY2'), ('GST_V4L2SRC_RK_DEVICES', '_mainpath:_selfpath:_bypass:_scale'), ('ROS_LOCALHOST_ONLY', '1'), ('PATH', '/home/admin/.vscode-server/cli/servers/Stable-6a44c352bd24569c417e530095901b649960f9f8/server/bin/remote-cli:/home/admin/.local/bin:/opt/ros/humble/bin:/home/admin/.local/bin:/usr/local/sbin:/usr/local/bin:/usr/sbin:/usr/bin:/sbin:/bin:/usr/games:/usr/local/games:/snap/bin:/home/admin/.vscode-server/extensions/ms-python.debugpy-2026.6.0-linux-arm64/bundled/scripts/noConfigScripts'), ('XDG_RUNTIME_DIR', '/run/user/1000'), ('GST_GL_PLATFORM', 'egl'), ('GST_DEBUG_NO_COLOR', '1'), ('GST_V4L2SRC_DEFAULT_DEVICE', '/dev/video-camera0'), ('DISPLAY', ':0'), ('VSCODE_DEBUGPY_ADAPTER_ENDPOINTS', '/home/admin/.vscode-server/extensions/ms-python.debugpy-2026.6.0-linux-arm64/.noConfigDebugAdapterEndpoints/endpoint-d4243ace2b6376e9.txt'), ('LANG', 'en_US.UTF-8'), ('PYTHONSTARTUP', '/home/admin/.vscode-server/data/User/workspaceStorage/2a4873d7ff7a1bb6e3391ee746fb9efe-1/ms-python.python/pythonrc.py'), ('LS_COLORS', 'rs=0:di=01;34:ln=01;36:mh=00:pi=40;33:so=01;35:do=01;35:bd=40;33;01:cd=40;33;01:or=40;31;01:mi=00:su=37;41:sg=30;43:ca=30;41:tw=30;42:ow=34;42:st=37;44:ex=01;32:*.tar=01;31:*.tgz=01;31:*.arc=01;31:*.arj=01;31:*.taz=01;31:*.lha=01;31:*.lz4=01;31:*.lzh=01;31:*.lzma=01;31:*.tlz=01;31:*.txz=01;31:*.tzo=01;31:*.t7z=01;31:*.zip=01;31:*.z=01;31:*.dz=01;31:*.gz=01;31:*.lrz=01;31:*.lz=01;31:*.lzo=01;31:*.xz=01;31:*.zst=01;31:*.tzst=01;31:*.bz2=01;31:*.bz=01;31:*.tbz=01;31:*.tbz2=01;31:*.tz=01;31:*.deb=01;31:*.rpm=01;31:*.jar=01;31:*.war=01;31:*.ear=01;31:*.sar=01;31:*.rar=01;31:*.alz=01;31:*.ace=01;31:*.zoo=01;31:*.cpio=01;31:*.7z=01;31:*.rz=01;31:*.cab=01;31:*.wim=01;31:*.swm=01;31:*.dwm=01;31:*.esd=01;31:*.jpg=01;35:*.jpeg=01;35:*.mjpg=01;35:*.mjpeg=01;35:*.gif=01;35:*.bmp=01;35:*.pbm=01;35:*.pgm=01;35:*.ppm=01;35:*.tga=01;35:*.xbm=01;35:*.xpm=01;35:*.tif=01;35:*.tiff=01;35:*.png=01;35:*.svg=01;35:*.svgz=01;35:*.mng=01;35:*.pcx=01;35:*.mov=01;35:*.mpg=01;35:*.mpeg=01;35:*.m2v=01;35:*.mkv=01;35:*.webm=01;35:*.webp=01;35:*.ogm=01;35:*.mp4=01;35:*.m4v=01;35:*.mp4v=01;35:*.vob=01;35:*.qt=01;35:*.nuv=01;35:*.wmv=01;35:*.asf=01;35:*.rm=01;35:*.rmvb=01;35:*.flc=01;35:*.avi=01;35:*.fli=01;35:*.flv=01;35:*.gl=01;35:*.dl=01;35:*.xcf=01;35:*.xwd=01;35:*.yuv=01;35:*.cgm=01;35:*.emf=01;35:*.ogv=01;35:*.ogx=01;35:*.aac=00;36:*.au=00;36:*.flac=00;36:*.m4a=00;36:*.mid=00;36:*.midi=00;36:*.mka=00;36:*.mp3=00;36:*.mpc=00;36:*.ogg=00;36:*.ra=00;36:*.wav=00;36:*.oga=00;36:*.opus=00;36:*.spx=00;36:*.xspf=00;36:'), ('VSCODE_GIT_IPC_HANDLE', '/run/user/1000/vscode-git-de57f957e7.sock'), ('TERM_PROGRAM', 'vscode'), ('GST_V4L2_USE_LIBV4L2', '1'), ('UMS_SIZE', '256M'), ('AMENT_PREFIX_PATH', '/opt/ros/humble'), ('LC_MESSAGES', 'en_US.UTF-8'), ('SHELL', '/bin/bash'), ('UMS_RO', '0'), ('LESSCLOSE', '/usr/bin/lesspipe %s %s'), ('UMS_FSTYPE', 'vfat'), ('VSCODE_GIT_ASKPASS_EXTRA_ARGS', ''), ('PWD', '/home/admin/workspace/host_udp_ws/build/cspc_lidar'), ('LC_ALL', 'en_US.UTF-8'), ('SSH_CONNECTION', '192.168.88.69 65509 192.168.88.181 22'), ('PYTHONPATH', '/opt/ros/humble/lib/python3.10/site-packages:/opt/ros/humble/local/lib/python3.10/dist-packages'), ('UMS_MOUNT', '0'), ('COLCON', '1'), ('UMS_FILE', '/userdata/ums_shared.img'), ('CMAKE_PREFIX_PATH', '/opt/ros/humble')]), 'shell': False}
[7.747093] (-) TimerEvent: {}
[7.840791] (cspc_lidar) StdoutLine: {'line': b'[ 11%] \x1b[32mBuilding CXX object CMakeFiles/cspc_lidar.dir/sdk/mtime.cpp.o\x1b[0m\n'}
[7.842189] (cspc_lidar) StdoutLine: {'line': b'[ 22%] \x1b[32mBuilding CXX object CMakeFiles/cspc_lidar.dir/src/node_lidar_ros.cpp.o\x1b[0m\n'}
[7.844489] (cspc_lidar) StdoutLine: {'line': b'[ 33%] \x1b[32mBuilding CXX object CMakeFiles/cspc_lidar.dir/sdk/timer.cpp.o\x1b[0m\n'}
[7.847697] (cspc_lidar) StdoutLine: {'line': b'[ 44%] \x1b[32mBuilding CXX object CMakeFiles/cspc_lidar.dir/sdk/serial_port.cpp.o\x1b[0m\n'}
[7.848152] (-) TimerEvent: {}
[7.852450] (cspc_lidar) StdoutLine: {'line': b'[ 66%] \x1b[32mBuilding CXX object CMakeFiles/cspc_lidar.dir/sdk/lidar_data_processing.cpp.o\x1b[0m\n'}
[7.853261] (cspc_lidar) StdoutLine: {'line': b'[ 66%] \x1b[32mBuilding CXX object CMakeFiles/cspc_lidar.dir/sdk/point_cloud_optimize.cpp.o\x1b[0m\n'}
[7.857168] (cspc_lidar) StdoutLine: {'line': b'[ 88%] \x1b[32mBuilding CXX object CMakeFiles/cspc_lidar.dir/sdk/node_lidar.cpp.o\x1b[0m\n'}
[7.857995] (cspc_lidar) StdoutLine: {'line': b'[ 88%] \x1b[32mBuilding CXX object CMakeFiles/cspc_lidar.dir/sdk/calibration.cpp.o\x1b[0m\n'}
[7.948641] (-) TimerEvent: {}
[8.050427] (-) TimerEvent: {}
[8.151358] (-) TimerEvent: {}
[8.252441] (-) TimerEvent: {}
[8.353554] (-) TimerEvent: {}
[8.455486] (-) TimerEvent: {}
[8.550461] (cspc_lidar) StderrLine: {'line': b'In file included from \x1b[01m\x1b[K/home/admin/workspace/host_udp_ws/src/cspc_lidar_sdk_ros2/sdk/serial_port.cpp:12\x1b[m\x1b[K:\n'}
[8.550910] (cspc_lidar) StderrLine: {'line': b'\x1b[01m\x1b[K/home/admin/workspace/host_udp_ws/src/cspc_lidar_sdk_ros2/sdk/serial_port.h:\x1b[m\x1b[K In constructor \xe2\x80\x98\x1b[01m\x1b[KSerial_Port::Serial_Port(const string&, uint32_t, Timeout, bytesize_t, parity_t, stopbits_t, flowcontrol_t)\x1b[m\x1b[K\xe2\x80\x99:\n'}
[8.551057] (cspc_lidar) StderrLine: {'line': b'\x1b[01m\x1b[K/home/admin/workspace/host_udp_ws/src/cspc_lidar_sdk_ros2/sdk/serial_port.h:102:14:\x1b[m\x1b[K \x1b[01;35m\x1b[Kwarning: \x1b[m\x1b[K\xe2\x80\x98\x1b[01m\x1b[KSerial_Port::bytesize_\x1b[m\x1b[K\xe2\x80\x99 will be initialized after [\x1b[01;35m\x1b[K\x1b]8;;https://gcc.gnu.org/onlinedocs/gcc/Warning-Options.html#index-Wreorder\x07-Wreorder\x1b]8;;\x07\x1b[m\x1b[K]\n'}
[8.551157] (cspc_lidar) StderrLine: {'line': b'  102 |   bytesize_t \x1b[01;35m\x1b[Kbytesize_\x1b[m\x1b[K;       // Size of the bytes\n'}
[8.551238] (cspc_lidar) StderrLine: {'line': b'      |              \x1b[01;35m\x1b[K^~~~~~~~~\x1b[m\x1b[K\n'}
[8.551311] (cspc_lidar) StderrLine: {'line': b'\x1b[01m\x1b[K/home/admin/workspace/host_udp_ws/src/cspc_lidar_sdk_ros2/sdk/serial_port.h:101:12:\x1b[m\x1b[K \x1b[01;35m\x1b[Kwarning: \x1b[m\x1b[K  \xe2\x80\x98\x1b[01m\x1b[Kparity_t Serial_Port::parity_\x1b[m\x1b[K\xe2\x80\x99 [\x1b[01;35m\x1b[K\x1b]8;;https://gcc.gnu.org/onlinedocs/gcc/Warning-Options.html#index-Wreorder\x07-Wreorder\x1b]8;;\x07\x1b[m\x1b[K]\n'}
[8.551435] (cspc_lidar) StderrLine: {'line': b'  101 |   parity_t \x1b[01;35m\x1b[Kparity_\x1b[m\x1b[K;           // Parity\n'}
[8.551513] (cspc_lidar) StderrLine: {'line': b'      |            \x1b[01;35m\x1b[K^~~~~~~\x1b[m\x1b[K\n'}
[8.551604] (cspc_lidar) StderrLine: {'line': b'\x1b[01m\x1b[K/home/admin/workspace/host_udp_ws/src/cspc_lidar_sdk_ros2/sdk/serial_port.cpp:31:1:\x1b[m\x1b[K \x1b[01;35m\x1b[Kwarning: \x1b[m\x1b[K  when initialized here [\x1b[01;35m\x1b[K\x1b]8;;https://gcc.gnu.org/onlinedocs/gcc/Warning-Options.html#index-Wreorder\x07-Wreorder\x1b]8;;\x07\x1b[m\x1b[K]\n'}
[8.551683] (cspc_lidar) StderrLine: {'line': b'   31 | \x1b[01;35m\x1b[KSerial_Port\x1b[m\x1b[K::Serial_Port(const string &port, uint32_t baudrate, Timeout timeout,\n'}
[8.551758] (cspc_lidar) StderrLine: {'line': b'      | \x1b[01;35m\x1b[K^~~~~~~~~~~\x1b[m\x1b[K\n'}
[8.555561] (-) TimerEvent: {}
[8.556458] (cspc_lidar) StderrLine: {'line': b'\x1b[01m\x1b[K/home/admin/workspace/host_udp_ws/src/cspc_lidar_sdk_ros2/sdk/serial_port.cpp:\x1b[m\x1b[K In member function \xe2\x80\x98\x1b[01m\x1b[Kbool Serial_Port::setBaudrate(long unsigned int)\x1b[m\x1b[K\xe2\x80\x99:\n'}
[8.556822] (cspc_lidar) StderrLine: {'line': b'\x1b[01m\x1b[K/home/admin/workspace/host_udp_ws/src/cspc_lidar_sdk_ros2/sdk/serial_port.cpp:578:11:\x1b[m\x1b[K \x1b[01;35m\x1b[Kwarning: \x1b[m\x1b[Kunused variable \xe2\x80\x98\x1b[01m\x1b[Knew_baud\x1b[m\x1b[K\xe2\x80\x99 [\x1b[01;35m\x1b[K\x1b]8;;https://gcc.gnu.org/onlinedocs/gcc/Warning-Options.html#index-Wunused-variable\x07-Wunused-variable\x1b]8;;\x07\x1b[m\x1b[K]\n'}
[8.556944] (cspc_lidar) StderrLine: {'line': b'  578 |   speed_t \x1b[01;35m\x1b[Knew_baud\x1b[m\x1b[K = static_cast<speed_t>(baudrate);\n'}
[8.557568] (cspc_lidar) StderrLine: {'line': b'      |           \x1b[01;35m\x1b[K^~~~~~~~\x1b[m\x1b[K\n'}
[8.633739] (cspc_lidar) StderrLine: {'line': b'\x1b[01m\x1b[K/home/admin/workspace/host_udp_ws/src/cspc_lidar_sdk_ros2/sdk/serial_port.cpp:\x1b[m\x1b[K In member function \xe2\x80\x98\x1b[01m\x1b[Kbool Serial_Port::setCustomBaudRate(long unsigned int)\x1b[m\x1b[K\xe2\x80\x99:\n'}
[8.634604] (cspc_lidar) StderrLine: {'line': b'\x1b[01m\x1b[K/home/admin/workspace/host_udp_ws/src/cspc_lidar_sdk_ros2/sdk/serial_port.cpp:571:1:\x1b[m\x1b[K \x1b[01;35m\x1b[Kwarning: \x1b[m\x1b[Kcontrol reaches end of non-void function [\x1b[01;35m\x1b[K\x1b]8;;https://gcc.gnu.org/onlinedocs/gcc/Warning-Options.html#index-Wreturn-type\x07-Wreturn-type\x1b]8;;\x07\x1b[m\x1b[K]\n'}
[8.635269] (cspc_lidar) StderrLine: {'line': b'  571 | \x1b[01;35m\x1b[K}\x1b[m\x1b[K\n'}
[8.635957] (cspc_lidar) StderrLine: {'line': b'      | \x1b[01;35m\x1b[K^\x1b[m\x1b[K\n'}
[8.658455] (-) TimerEvent: {}
[8.666242] (cspc_lidar) StderrLine: {'line': b'\x1b[01m\x1b[K/home/admin/workspace/host_udp_ws/src/cspc_lidar_sdk_ros2/sdk/point_cloud_optimize.cpp:\x1b[m\x1b[K In member function \xe2\x80\x98\x1b[01m\x1b[Kvoid Point_cloud_optimize::PointCloudFilter(LaserScan*)\x1b[m\x1b[K\xe2\x80\x99:\n'}
[8.669215] (cspc_lidar) StderrLine: {'line': b'\x1b[01m\x1b[K/home/admin/workspace/host_udp_ws/src/cspc_lidar_sdk_ros2/sdk/point_cloud_optimize.cpp:25:25:\x1b[m\x1b[K \x1b[01;35m\x1b[Kwarning: \x1b[m\x1b[Kcomparison of integer expressions of different signedness: \xe2\x80\x98\x1b[01m\x1b[Kint\x1b[m\x1b[K\xe2\x80\x99 and \xe2\x80\x98\x1b[01m\x1b[Kstd::vector<LaserPoint>::size_type\x1b[m\x1b[K\xe2\x80\x99 {aka \xe2\x80\x98\x1b[01m\x1b[Klong unsigned int\x1b[m\x1b[K\xe2\x80\x99} [\x1b[01;35m\x1b[K\x1b]8;;https://gcc.gnu.org/onlinedocs/gcc/Warning-Options.html#index-Wsign-compare\x07-Wsign-compare\x1b]8;;\x07\x1b[m\x1b[K]\n'}
[8.673939] (cspc_lidar) StderrLine: {'line': b'   25 |         for (i0 = 0; \x1b[01;35m\x1b[Ki0 < Scan->points.size()\x1b[m\x1b[K; i0++)\n'}
[8.674654] (cspc_lidar) StderrLine: {'line': b'      |                      \x1b[01;35m\x1b[K~~~^~~~~~~~~~~~~~~~~~~~~\x1b[m\x1b[K\n'}
[8.675412] (cspc_lidar) StderrLine: {'line': b'\x1b[01m\x1b[K/home/admin/workspace/host_udp_ws/src/cspc_lidar_sdk_ros2/sdk/point_cloud_optimize.cpp:28:25:\x1b[m\x1b[K \x1b[01;35m\x1b[Kwarning: \x1b[m\x1b[Kcomparison of integer expressions of different signedness: \xe2\x80\x98\x1b[01m\x1b[Kint\x1b[m\x1b[K\xe2\x80\x99 and \xe2\x80\x98\x1b[01m\x1b[Kstd::vector<LaserPoint>::size_type\x1b[m\x1b[K\xe2\x80\x99 {aka \xe2\x80\x98\x1b[01m\x1b[Klong unsigned int\x1b[m\x1b[K\xe2\x80\x99} [\x1b[01;35m\x1b[K\x1b]8;;https://gcc.gnu.org/onlinedocs/gcc/Warning-Options.html#index-Wsign-compare\x07-Wsign-compare\x1b]8;;\x07\x1b[m\x1b[K]\n'}
[8.676056] (cspc_lidar) StderrLine: {'line': b'   28 |                 i1 = \x1b[01;35m\x1b[Ki1 < Scan->points.size()\x1b[m\x1b[K ? i1 : i1 - Scan->points.size();\n'}
[8.676593] (cspc_lidar) StderrLine: {'line': b'      |                      \x1b[01;35m\x1b[K~~~^~~~~~~~~~~~~~~~~~~~~\x1b[m\x1b[K\n'}
[8.677077] (cspc_lidar) StderrLine: {'line': b'\x1b[01m\x1b[K/home/admin/workspace/host_udp_ws/src/cspc_lidar_sdk_ros2/sdk/point_cloud_optimize.cpp:30:25:\x1b[m\x1b[K \x1b[01;35m\x1b[Kwarning: \x1b[m\x1b[Kcomparison of integer expressions of different signedness: \xe2\x80\x98\x1b[01m\x1b[Kint\x1b[m\x1b[K\xe2\x80\x99 and \xe2\x80\x98\x1b[01m\x1b[Kstd::vector<LaserPoint>::size_type\x1b[m\x1b[K\xe2\x80\x99 {aka \xe2\x80\x98\x1b[01m\x1b[Klong unsigned int\x1b[m\x1b[K\xe2\x80\x99} [\x1b[01;35m\x1b[K\x1b]8;;https://gcc.gnu.org/onlinedocs/gcc/Warning-Options.html#index-Wsign-compare\x07-Wsign-compare\x1b]8;;\x07\x1b[m\x1b[K]\n'}
[8.677513] (cspc_lidar) StderrLine: {'line': b'   30 |                 i2 = \x1b[01;35m\x1b[Ki2 < Scan->points.size()\x1b[m\x1b[K ? i2 : i2 - Scan->points.size();\n'}
[8.678103] (cspc_lidar) StderrLine: {'line': b'      |                      \x1b[01;35m\x1b[K~~~^~~~~~~~~~~~~~~~~~~~~\x1b[m\x1b[K\n'}
[8.678510] (cspc_lidar) StderrLine: {'line': b'\x1b[01m\x1b[K/home/admin/workspace/host_udp_ws/src/cspc_lidar_sdk_ros2/sdk/point_cloud_optimize.cpp:32:25:\x1b[m\x1b[K \x1b[01;35m\x1b[Kwarning: \x1b[m\x1b[Kcomparison of integer expressions of different signedness: \xe2\x80\x98\x1b[01m\x1b[Kint\x1b[m\x1b[K\xe2\x80\x99 and \xe2\x80\x98\x1b[01m\x1b[Kstd::vector<LaserPoint>::size_type\x1b[m\x1b[K\xe2\x80\x99 {aka \xe2\x80\x98\x1b[01m\x1b[Klong unsigned int\x1b[m\x1b[K\xe2\x80\x99} [\x1b[01;35m\x1b[K\x1b]8;;https://gcc.gnu.org/onlinedocs/gcc/Warning-Options.html#index-Wsign-compare\x07-Wsign-compare\x1b]8;;\x07\x1b[m\x1b[K]\n'}
[8.678920] (cspc_lidar) StderrLine: {'line': b'   32 |                 i3 = \x1b[01;35m\x1b[Ki3 < Scan->points.size()\x1b[m\x1b[K ? i3 : i3 - Scan->points.size();\n'}
[8.681164] (cspc_lidar) StderrLine: {'line': b'      |                      \x1b[01;35m\x1b[K~~~^~~~~~~~~~~~~~~~~~~~~\x1b[m\x1b[K\n'}
[8.681938] (cspc_lidar) StderrLine: {'line': b'\x1b[01m\x1b[K/home/admin/workspace/host_udp_ws/src/cspc_lidar_sdk_ros2/sdk/point_cloud_optimize.cpp:155:25:\x1b[m\x1b[K \x1b[01;35m\x1b[Kwarning: \x1b[m\x1b[Kcomparison of integer expressions of different signedness: \xe2\x80\x98\x1b[01m\x1b[Kint\x1b[m\x1b[K\xe2\x80\x99 and \xe2\x80\x98\x1b[01m\x1b[Kstd::vector<LaserPoint>::size_type\x1b[m\x1b[K\xe2\x80\x99 {aka \xe2\x80\x98\x1b[01m\x1b[Klong unsigned int\x1b[m\x1b[K\xe2\x80\x99} [\x1b[01;35m\x1b[K\x1b]8;;https://gcc.gnu.org/onlinedocs/gcc/Warning-Options.html#index-Wsign-compare\x07-Wsign-compare\x1b]8;;\x07\x1b[m\x1b[K]\n'}
[8.682754] (cspc_lidar) StderrLine: {'line': b'  155 |         for (i0 = 0; \x1b[01;35m\x1b[Ki0 < Scan->points.size()\x1b[m\x1b[K; i0++)\n'}
[8.683178] (cspc_lidar) StderrLine: {'line': b'      |                      \x1b[01;35m\x1b[K~~~^~~~~~~~~~~~~~~~~~~~~\x1b[m\x1b[K\n'}
[8.683559] (cspc_lidar) StderrLine: {'line': b'\x1b[01m\x1b[K/home/admin/workspace/host_udp_ws/src/cspc_lidar_sdk_ros2/sdk/point_cloud_optimize.cpp:158:25:\x1b[m\x1b[K \x1b[01;35m\x1b[Kwarning: \x1b[m\x1b[Kcomparison of integer expressions of different signedness: \xe2\x80\x98\x1b[01m\x1b[Kint\x1b[m\x1b[K\xe2\x80\x99 and \xe2\x80\x98\x1b[01m\x1b[Kstd::vector<LaserPoint>::size_type\x1b[m\x1b[K\xe2\x80\x99 {aka \xe2\x80\x98\x1b[01m\x1b[Klong unsigned int\x1b[m\x1b[K\xe2\x80\x99} [\x1b[01;35m\x1b[K\x1b]8;;https://gcc.gnu.org/onlinedocs/gcc/Warning-Options.html#index-Wsign-compare\x07-Wsign-compare\x1b]8;;\x07\x1b[m\x1b[K]\n'}
[8.684051] (cspc_lidar) StderrLine: {'line': b'  158 |                 i1 = \x1b[01;35m\x1b[Ki1 < Scan->points.size()\x1b[m\x1b[K ? i1 : i1 - Scan->points.size();\n'}
[8.684417] (cspc_lidar) StderrLine: {'line': b'      |                      \x1b[01;35m\x1b[K~~~^~~~~~~~~~~~~~~~~~~~~\x1b[m\x1b[K\n'}
[8.684768] (cspc_lidar) StderrLine: {'line': b'\x1b[01m\x1b[K/home/admin/workspace/host_udp_ws/src/cspc_lidar_sdk_ros2/sdk/point_cloud_optimize.cpp:160:25:\x1b[m\x1b[K \x1b[01;35m\x1b[Kwarning: \x1b[m\x1b[Kcomparison of integer expressions of different signedness: \xe2\x80\x98\x1b[01m\x1b[Kint\x1b[m\x1b[K\xe2\x80\x99 and \xe2\x80\x98\x1b[01m\x1b[Kstd::vector<LaserPoint>::size_type\x1b[m\x1b[K\xe2\x80\x99 {aka \xe2\x80\x98\x1b[01m\x1b[Klong unsigned int\x1b[m\x1b[K\xe2\x80\x99} [\x1b[01;35m\x1b[K\x1b]8;;https://gcc.gnu.org/onlinedocs/gcc/Warning-Options.html#index-Wsign-compare\x07-Wsign-compare\x1b]8;;\x07\x1b[m\x1b[K]\n'}
[8.685134] (cspc_lidar) StderrLine: {'line': b'  160 |                 i2 = \x1b[01;35m\x1b[Ki2 < Scan->points.size()\x1b[m\x1b[K ? i2 : i2 - Scan->points.size();\n'}
[8.685485] (cspc_lidar) StderrLine: {'line': b'      |                      \x1b[01;35m\x1b[K~~~^~~~~~~~~~~~~~~~~~~~~\x1b[m\x1b[K\n'}
[8.686016] (cspc_lidar) StderrLine: {'line': b'\x1b[01m\x1b[K/home/admin/workspace/host_udp_ws/src/cspc_lidar_sdk_ros2/sdk/point_cloud_optimize.cpp:162:25:\x1b[m\x1b[K \x1b[01;35m\x1b[Kwarning: \x1b[m\x1b[Kcomparison of integer expressions of different signedness: \xe2\x80\x98\x1b[01m\x1b[Kint\x1b[m\x1b[K\xe2\x80\x99 and \xe2\x80\x98\x1b[01m\x1b[Kstd::vector<LaserPoint>::size_type\x1b[m\x1b[K\xe2\x80\x99 {aka \xe2\x80\x98\x1b[01m\x1b[Klong unsigned int\x1b[m\x1b[K\xe2\x80\x99} [\x1b[01;35m\x1b[K\x1b]8;;https://gcc.gnu.org/onlinedocs/gcc/Warning-Options.html#index-Wsign-compare\x07-Wsign-compare\x1b]8;;\x07\x1b[m\x1b[K]\n'}
[8.686447] (cspc_lidar) StderrLine: {'line': b'  162 |                 i3 = \x1b[01;35m\x1b[Ki3 < Scan->points.size()\x1b[m\x1b[K ? i3 : i3 - Scan->points.size();\n'}
[8.686800] (cspc_lidar) StderrLine: {'line': b'      |                      \x1b[01;35m\x1b[K~~~^~~~~~~~~~~~~~~~~~~~~\x1b[m\x1b[K\n'}
[8.687285] (cspc_lidar) StderrLine: {'line': b'\x1b[01m\x1b[K/home/admin/workspace/host_udp_ws/src/cspc_lidar_sdk_ros2/sdk/point_cloud_optimize.cpp:164:25:\x1b[m\x1b[K \x1b[01;35m\x1b[Kwarning: \x1b[m\x1b[Kcomparison of integer expressions of different signedness: \xe2\x80\x98\x1b[01m\x1b[Kint\x1b[m\x1b[K\xe2\x80\x99 and \xe2\x80\x98\x1b[01m\x1b[Kstd::vector<LaserPoint>::size_type\x1b[m\x1b[K\xe2\x80\x99 {aka \xe2\x80\x98\x1b[01m\x1b[Klong unsigned int\x1b[m\x1b[K\xe2\x80\x99} [\x1b[01;35m\x1b[K\x1b]8;;https://gcc.gnu.org/onlinedocs/gcc/Warning-Options.html#index-Wsign-compare\x07-Wsign-compare\x1b]8;;\x07\x1b[m\x1b[K]\n'}
[8.687673] (cspc_lidar) StderrLine: {'line': b'  164 |                 i4 = \x1b[01;35m\x1b[Ki4 < Scan->points.size()\x1b[m\x1b[K ? i4 : i4 - Scan->points.size();\n'}
[8.688028] (cspc_lidar) StderrLine: {'line': b'      |                      \x1b[01;35m\x1b[K~~~^~~~~~~~~~~~~~~~~~~~~\x1b[m\x1b[K\n'}
[8.688377] (cspc_lidar) StderrLine: {'line': b'\x1b[01m\x1b[K/home/admin/workspace/host_udp_ws/src/cspc_lidar_sdk_ros2/sdk/point_cloud_optimize.cpp:\x1b[m\x1b[K In member function \xe2\x80\x98\x1b[01m\x1b[Kint Point_cloud_optimize::UltrasonicSimRanging(LaserPoint&)\x1b[m\x1b[K\xe2\x80\x99:\n'}
[8.688730] (cspc_lidar) StderrLine: {'line': b'\x1b[01m\x1b[K/home/admin/workspace/host_udp_ws/src/cspc_lidar_sdk_ros2/sdk/point_cloud_optimize.cpp:228:13:\x1b[m\x1b[K \x1b[01;35m\x1b[Kwarning: \x1b[m\x1b[Kunused variable \xe2\x80\x98\x1b[01m\x1b[Ki\x1b[m\x1b[K\xe2\x80\x99 [\x1b[01;35m\x1b[K\x1b]8;;https://gcc.gnu.org/onlinedocs/gcc/Warning-Options.html#index-Wunused-variable\x07-Wunused-variable\x1b]8;;\x07\x1b[m\x1b[K]\n'}
[8.689133] (cspc_lidar) StderrLine: {'line': b'  228 |         int \x1b[01;35m\x1b[Ki\x1b[m\x1b[K, index;\n'}
[8.689485] (cspc_lidar) StderrLine: {'line': b'      |             \x1b[01;35m\x1b[K^\x1b[m\x1b[K\n'}
[8.690470] (cspc_lidar) StderrLine: {'line': b'\x1b[01m\x1b[K/home/admin/workspace/host_udp_ws/src/cspc_lidar_sdk_ros2/sdk/point_cloud_optimize.cpp:229:15:\x1b[m\x1b[K \x1b[01;35m\x1b[Kwarning: \x1b[m\x1b[Kunused variable \xe2\x80\x98\x1b[01m\x1b[Ktempdep\x1b[m\x1b[K\xe2\x80\x99 [\x1b[01;35m\x1b[K\x1b]8;;https://gcc.gnu.org/onlinedocs/gcc/Warning-Options.html#index-Wunused-variable\x07-Wunused-variable\x1b]8;;\x07\x1b[m\x1b[K]\n'}
[8.690939] (cspc_lidar) StderrLine: {'line': b'  229 |         short \x1b[01;35m\x1b[Ktempdep\x1b[m\x1b[K;\n'}
[8.691373] (cspc_lidar) StderrLine: {'line': b'      |               \x1b[01;35m\x1b[K^~~~~~~\x1b[m\x1b[K\n'}
[8.691887] (cspc_lidar) StderrLine: {'line': b'\x1b[01m\x1b[K/home/admin/workspace/host_udp_ws/src/cspc_lidar_sdk_ros2/sdk/point_cloud_optimize.cpp:253:1:\x1b[m\x1b[K \x1b[01;35m\x1b[Kwarning: \x1b[m\x1b[Kno return statement in function returning non-void [\x1b[01;35m\x1b[K\x1b]8;;https://gcc.gnu.org/onlinedocs/gcc/Warning-Options.html#index-Wreturn-type\x07-Wreturn-type\x1b]8;;\x07\x1b[m\x1b[K]\n'}
[8.692777] (cspc_lidar) StderrLine: {'line': b'  253 | \x1b[01;35m\x1b[K}\x1b[m\x1b[K\n'}
[8.693307] (cspc_lidar) StderrLine: {'line': b'      | \x1b[01;35m\x1b[K^\x1b[m\x1b[K\n'}
[8.694621] (cspc_lidar) StderrLine: {'line': b'\x1b[01m\x1b[K/home/admin/workspace/host_udp_ws/src/cspc_lidar_sdk_ros2/sdk/point_cloud_optimize.cpp:\x1b[m\x1b[K In member function \xe2\x80\x98\x1b[01m\x1b[Kvoid Point_cloud_optimize::lidar_blocked_judge(int)\x1b[m\x1b[K\xe2\x80\x99:\n'}
[8.695281] (cspc_lidar) StderrLine: {'line': b'\x1b[01m\x1b[K/home/admin/workspace/host_udp_ws/src/cspc_lidar_sdk_ros2/sdk/point_cloud_optimize.cpp:341:60:\x1b[m\x1b[K \x1b[01;35m\x1b[Kwarning: \x1b[m\x1b[Kformat \xe2\x80\x98\x1b[01m\x1b[K%d\x1b[m\x1b[K\xe2\x80\x99 expects argument of type \xe2\x80\x98\x1b[01m\x1b[Kint\x1b[m\x1b[K\xe2\x80\x99, but argument 3 has type \xe2\x80\x98\x1b[01m\x1b[Ksize_t\x1b[m\x1b[K\xe2\x80\x99 {aka \xe2\x80\x98\x1b[01m\x1b[Klong unsigned int\x1b[m\x1b[K\xe2\x80\x99} [\x1b[01;35m\x1b[K\x1b]8;;https://gcc.gnu.org/onlinedocs/gcc/Warning-Options.html#index-Wformat=\x07-Wformat=\x1b]8;;\x07\x1b[m\x1b[K]\n'}
[8.695823] (cspc_lidar) StderrLine: {'line': b'  341 |                 printf("lidar \xe9\x9b\xb7\xe8\xbe\xbe\xe8\xa2\xab\xe4\xb8\xa5\xe9\x87\x8d\xe9\x81\xae\xe6\x8c\xa1\xe7\x99\xbe\xe5\x88\x86\xe4\xb9\x8b\xe4\xb8\x83\xe5\x8d\x81 %d,\x1b[01;35m\x1b[K%d\x1b[m\x1b[K\\n",node_lidar.lidar_block.lidar_zero_count,\x1b[32m\x1b[Knode_lidar.scan_node_count\x1b[m\x1b[K);\n'}
[8.696297] (cspc_lidar) StderrLine: {'line': b'      |                                                           \x1b[01;35m\x1b[K~^\x1b[m\x1b[K                                            \x1b[32m\x1b[K~~~~~~~~~~~~~~~~~~~~~~~~~~\x1b[m\x1b[K\n'}
[8.696730] (cspc_lidar) StderrLine: {'line': b'      |                                                            \x1b[01;35m\x1b[K|\x1b[m\x1b[K                                                       \x1b[32m\x1b[K|\x1b[m\x1b[K\n'}
[8.697211] (cspc_lidar) StderrLine: {'line': b'      |                                                            \x1b[01;35m\x1b[Kint\x1b[m\x1b[K                                                     \x1b[32m\x1b[Ksize_t {aka long unsigned int}\x1b[m\x1b[K\n'}
[8.697619] (cspc_lidar) StderrLine: {'line': b'      |                                                           \x1b[32m\x1b[K%ld\x1b[m\x1b[K\n'}
[8.698274] (cspc_lidar) StderrLine: {'line': b'\x1b[01m\x1b[K/home/admin/workspace/host_udp_ws/src/cspc_lidar_sdk_ros2/sdk/point_cloud_optimize.cpp:\x1b[m\x1b[K In member function \xe2\x80\x98\x1b[01m\x1b[Kvoid Point_cloud_optimize::lidar_blocked_init()\x1b[m\x1b[K\xe2\x80\x99:\n'}
[8.698757] (cspc_lidar) StderrLine: {'line': b'\x1b[01m\x1b[K/home/admin/workspace/host_udp_ws/src/cspc_lidar_sdk_ros2/sdk/point_cloud_optimize.cpp:404:69:\x1b[m\x1b[K \x1b[01;35m\x1b[Kwarning: \x1b[m\x1b[Ksuggest parentheses around \xe2\x80\x98\x1b[01m\x1b[K&&\x1b[m\x1b[K\xe2\x80\x99 within \xe2\x80\x98\x1b[01m\x1b[K||\x1b[m\x1b[K\xe2\x80\x99 [\x1b[01;35m\x1b[K\x1b]8;;https://gcc.gnu.org/onlinedocs/gcc/Warning-Options.html#index-Wparentheses\x07-Wparentheses\x1b]8;;\x07\x1b[m\x1b[K]\n'}
[8.699247] (cspc_lidar) StderrLine: {'line': b'  404 |                         if((angle >= 0 && angle < 90)|| \x1b[01;35m\x1b[Kangle > 270 && angle <=360\x1b[m\x1b[K){\n'}
[8.699626] (cspc_lidar) StderrLine: {'line': b'      |                                                         \x1b[01;35m\x1b[K~~~~~~~~~~~~^~~~~~~~~~~~~~\x1b[m\x1b[K\n'}
[8.700037] (cspc_lidar) StderrLine: {'line': b'\x1b[01m\x1b[K/home/admin/workspace/host_udp_ws/src/cspc_lidar_sdk_ros2/sdk/point_cloud_optimize.cpp:375:21:\x1b[m\x1b[K \x1b[01;35m\x1b[Kwarning: \x1b[m\x1b[Kunused variable \xe2\x80\x98\x1b[01m\x1b[Ktemp\x1b[m\x1b[K\xe2\x80\x99 [\x1b[01;35m\x1b[K\x1b]8;;https://gcc.gnu.org/onlinedocs/gcc/Warning-Options.html#index-Wunused-variable\x07-Wunused-variable\x1b]8;;\x07\x1b[m\x1b[K]\n'}
[8.700865] (cspc_lidar) StderrLine: {'line': b'  375 |         float r, d, \x1b[01;35m\x1b[Ktemp\x1b[m\x1b[K;\n'}
[8.708798] (cspc_lidar) StderrLine: {'line': b'      |                     \x1b[01;35m\x1b[K^~~~\x1b[m\x1b[K\n'}
[8.714939] (cspc_lidar) StderrLine: {'line': b'\x1b[01m\x1b[K/home/admin/workspace/host_udp_ws/src/cspc_lidar_sdk_ros2/sdk/lidar_data_processing.cpp:\x1b[m\x1b[K In member function \xe2\x80\x98\x1b[01m\x1b[Kbool Lidar_Data_Processing::wait_start_reply(uint64_t)\x1b[m\x1b[K\xe2\x80\x99:\n'}
[8.715757] (cspc_lidar) StderrLine: {'line': b'\x1b[01m\x1b[K/home/admin/workspace/host_udp_ws/src/cspc_lidar_sdk_ros2/sdk/lidar_data_processing.cpp:107:49:\x1b[m\x1b[K \x1b[01;35m\x1b[Kwarning: \x1b[m\x1b[Kcomparison of integer expressions of different signedness: \xe2\x80\x98\x1b[01m\x1b[Kint64_t\x1b[m\x1b[K\xe2\x80\x99 {aka \xe2\x80\x98\x1b[01m\x1b[Klong int\x1b[m\x1b[K\xe2\x80\x99} and \xe2\x80\x98\x1b[01m\x1b[Kuint64_t\x1b[m\x1b[K\xe2\x80\x99 {aka \xe2\x80\x98\x1b[01m\x1b[Klong unsigned int\x1b[m\x1b[K\xe2\x80\x99} [\x1b[01;35m\x1b[K\x1b]8;;https://gcc.gnu.org/onlinedocs/gcc/Warning-Options.html#index-Wsign-compare\x07-Wsign-compare\x1b]8;;\x07\x1b[m\x1b[K]\n'}
[8.716231] (cspc_lidar) StderrLine: {'line': b'  107 |   while (\x1b[01;35m\x1b[K(waitTime = current_times() - startTs) <= timeout\x1b[m\x1b[K){\n'}
[8.716793] (cspc_lidar) StderrLine: {'line': b'      |          \x1b[01;35m\x1b[K~~~~~~~~~~~~~~~~~~~~~~~~~~~~~~~~~~~~~~~^~~~~~~~~~\x1b[m\x1b[K\n'}
[8.717269] (cspc_lidar) StderrLine: {'line': b'\x1b[01m\x1b[K/home/admin/workspace/host_udp_ws/src/cspc_lidar_sdk_ros2/sdk/lidar_data_processing.cpp:\x1b[m\x1b[K In member function \xe2\x80\x98\x1b[01m\x1b[Kresult_t Lidar_Data_Processing::waitSpeedRight(uint8_t, uint64_t)\x1b[m\x1b[K\xe2\x80\x99:\n'}
[8.717665] (cspc_lidar) StderrLine: {'line': b'\x1b[01m\x1b[K/home/admin/workspace/host_udp_ws/src/cspc_lidar_sdk_ros2/sdk/lidar_data_processing.cpp:209:56:\x1b[m\x1b[K \x1b[01;35m\x1b[Kwarning: \x1b[m\x1b[Kunused parameter \xe2\x80\x98\x1b[01m\x1b[Kcmd\x1b[m\x1b[K\xe2\x80\x99 [\x1b[01;35m\x1b[K\x1b]8;;https://gcc.gnu.org/onlinedocs/gcc/Warning-Options.html#index-Wunused-parameter\x07-Wunused-parameter\x1b]8;;\x07\x1b[m\x1b[K]\n'}
[8.719168] (cspc_lidar) StderrLine: {'line': b'  209 | result_t Lidar_Data_Processing::waitSpeedRight(\x1b[01;35m\x1b[Kuint8_t cmd\x1b[m\x1b[K,uint64_t timeout)\n'}
[8.719761] (cspc_lidar) StderrLine: {'line': b'      |                                                \x1b[01;35m\x1b[K~~~~~~~~^~~\x1b[m\x1b[K\n'}
[8.720402] (cspc_lidar) StderrLine: {'line': b'\x1b[01m\x1b[K/home/admin/workspace/host_udp_ws/src/cspc_lidar_sdk_ros2/sdk/lidar_data_processing.cpp:\x1b[m\x1b[K In member function \xe2\x80\x98\x1b[01m\x1b[Kresult_t Lidar_Data_Processing::waitResponseHeader(uint8_t, uint64_t)\x1b[m\x1b[K\xe2\x80\x99:\n'}
[8.720993] (cspc_lidar) StderrLine: {'line': b'\x1b[01m\x1b[K/home/admin/workspace/host_udp_ws/src/cspc_lidar_sdk_ros2/sdk/lidar_data_processing.cpp:481:28:\x1b[m\x1b[K \x1b[01;35m\x1b[Kwarning: \x1b[m\x1b[Kformat \xe2\x80\x98\x1b[01m\x1b[K%d\x1b[m\x1b[K\xe2\x80\x99 expects argument of type \xe2\x80\x98\x1b[01m\x1b[Kint\x1b[m\x1b[K\xe2\x80\x99, but argument 4 has type \xe2\x80\x98\x1b[01m\x1b[Ksize_t\x1b[m\x1b[K\xe2\x80\x99 {aka \xe2\x80\x98\x1b[01m\x1b[Klong unsigned int\x1b[m\x1b[K\xe2\x80\x99} [\x1b[01;35m\x1b[K\x1b]8;;https://gcc.gnu.org/onlinedocs/gcc/Warning-Options.html#index-Wformat=\x07-Wformat=\x1b]8;;\x07\x1b[m\x1b[K]\n'}
[8.721486] (cspc_lidar) StderrLine: {'line': b'  481 |       printf("data**%d,%d,\x1b[01;35m\x1b[K%d\x1b[m\x1b[K\\n",check_sum_cal,recvBuffer[remainSize-1],\x1b[32m\x1b[KremainSize\x1b[m\x1b[K);\n'}
[8.722945] (cspc_lidar) StderrLine: {'line': b'      |                           \x1b[01;35m\x1b[K~^\x1b[m\x1b[K                                           \x1b[32m\x1b[K~~~~~~~~~~\x1b[m\x1b[K\n'}
[8.723448] (cspc_lidar) StderrLine: {'line': b'      |                            \x1b[01;35m\x1b[K|\x1b[m\x1b[K                                           \x1b[32m\x1b[K|\x1b[m\x1b[K\n'}
[8.723957] (cspc_lidar) StderrLine: {'line': b'      |                            \x1b[01;35m\x1b[Kint\x1b[m\x1b[K                                         \x1b[32m\x1b[Ksize_t {aka long unsigned int}\x1b[m\x1b[K\n'}
[8.724382] (cspc_lidar) StderrLine: {'line': b'      |                           \x1b[32m\x1b[K%ld\x1b[m\x1b[K\n'}
[8.726830] (cspc_lidar) StderrLine: {'line': b'\x1b[01m\x1b[K/home/admin/workspace/host_udp_ws/src/cspc_lidar_sdk_ros2/sdk/lidar_data_processing.cpp:\x1b[m\x1b[K In member function \xe2\x80\x98\x1b[01m\x1b[Kresult_t Lidar_Data_Processing::waitPackage_coin(node_info*, uint32_t)\x1b[m\x1b[K\xe2\x80\x99:\n'}
[8.727951] (cspc_lidar) StderrLine: {'line': b'\x1b[01m\x1b[K/home/admin/workspace/host_udp_ws/src/cspc_lidar_sdk_ros2/sdk/lidar_data_processing.cpp:973:9:\x1b[m\x1b[K \x1b[01;35m\x1b[Kwarning: \x1b[m\x1b[Kunused variable \xe2\x80\x98\x1b[01m\x1b[Kk\x1b[m\x1b[K\xe2\x80\x99 [\x1b[01;35m\x1b[K\x1b]8;;https://gcc.gnu.org/onlinedocs/gcc/Warning-Options.html#index-Wunused-variable\x07-Wunused-variable\x1b]8;;\x07\x1b[m\x1b[K]\n'}
[8.728435] (cspc_lidar) StderrLine: {'line': b'  973 |     int \x1b[01;35m\x1b[Kk\x1b[m\x1b[K;\n'}
[8.728873] (cspc_lidar) StderrLine: {'line': b'      |         \x1b[01;35m\x1b[K^\x1b[m\x1b[K\n'}
[8.731113] (cspc_lidar) StderrLine: {'line': b'\x1b[01m\x1b[K/home/admin/workspace/host_udp_ws/src/cspc_lidar_sdk_ros2/sdk/lidar_data_processing.cpp:873:11:\x1b[m\x1b[K \x1b[01;35m\x1b[Kwarning: \x1b[m\x1b[Kvariable \xe2\x80\x98\x1b[01m\x1b[KAngleCorrectForDistance\x1b[m\x1b[K\xe2\x80\x99 set but not used [\x1b[01;35m\x1b[K\x1b]8;;https://gcc.gnu.org/onlinedocs/gcc/Warning-Options.html#index-Wunused-but-set-variable\x07-Wunused-but-set-variable\x1b]8;;\x07\x1b[m\x1b[K]\n'}
[8.731914] (cspc_lidar) StderrLine: {'line': b'  873 |   int32_t \x1b[01;35m\x1b[KAngleCorrectForDistance\x1b[m\x1b[K = 0;\n'}
[8.732736] (cspc_lidar) StderrLine: {'line': b'      |           \x1b[01;35m\x1b[K^~~~~~~~~~~~~~~~~~~~~~~\x1b[m\x1b[K\n'}
[8.733304] (cspc_lidar) StderrLine: {'line': b'\x1b[01m\x1b[K/home/admin/workspace/host_udp_ws/src/cspc_lidar_sdk_ros2/sdk/lidar_data_processing.cpp:875:11:\x1b[m\x1b[K \x1b[01;35m\x1b[Kwarning: \x1b[m\x1b[Kunused variable \xe2\x80\x98\x1b[01m\x1b[Kpackage_type\x1b[m\x1b[K\xe2\x80\x99 [\x1b[01;35m\x1b[K\x1b]8;;https://gcc.gnu.org/onlinedocs/gcc/Warning-Options.html#index-Wunused-variable\x07-Wunused-variable\x1b]8;;\x07\x1b[m\x1b[K]\n'}
[8.734318] (cspc_lidar) StderrLine: {'line': b'  875 |   uint8_t \x1b[01;35m\x1b[Kpackage_type\x1b[m\x1b[K = 0;\n'}
[8.734807] (cspc_lidar) StderrLine: {'line': b'      |           \x1b[01;35m\x1b[K^~~~~~~~~~~~\x1b[m\x1b[K\n'}
[8.735202] (cspc_lidar) StderrLine: {'line': b'\x1b[01m\x1b[K/home/admin/workspace/host_udp_ws/src/cspc_lidar_sdk_ros2/sdk/lidar_data_processing.cpp:877:12:\x1b[m\x1b[K \x1b[01;35m\x1b[Kwarning: \x1b[m\x1b[Kunused variable \xe2\x80\x98\x1b[01m\x1b[Kstart\x1b[m\x1b[K\xe2\x80\x99 [\x1b[01;35m\x1b[K\x1b]8;;https://gcc.gnu.org/onlinedocs/gcc/Warning-Options.html#index-Wunused-variable\x07-Wunused-variable\x1b]8;;\x07\x1b[m\x1b[K]\n'}
[8.735797] (cspc_lidar) StderrLine: {'line': b'  877 |   uint16_t \x1b[01;35m\x1b[Kstart\x1b[m\x1b[K;\n'}
[8.736351] (cspc_lidar) StderrLine: {'line': b'      |            \x1b[01;35m\x1b[K^~~~~\x1b[m\x1b[K\n'}
[8.736847] (cspc_lidar) StderrLine: {'line': b'\x1b[01m\x1b[K/home/admin/workspace/host_udp_ws/src/cspc_lidar_sdk_ros2/sdk/lidar_data_processing.cpp:878:12:\x1b[m\x1b[K \x1b[01;35m\x1b[Kwarning: \x1b[m\x1b[Kunused variable \xe2\x80\x98\x1b[01m\x1b[Kstop\x1b[m\x1b[K\xe2\x80\x99 [\x1b[01;35m\x1b[K\x1b]8;;https://gcc.gnu.org/onlinedocs/gcc/Warning-Options.html#index-Wunused-variable\x07-Wunused-variable\x1b]8;;\x07\x1b[m\x1b[K]\n'}
[8.737433] (cspc_lidar) StderrLine: {'line': b'  878 |   uint16_t \x1b[01;35m\x1b[Kstop\x1b[m\x1b[K;\n'}
[8.738054] (cspc_lidar) StderrLine: {'line': b'      |            \x1b[01;35m\x1b[K^~~~\x1b[m\x1b[K\n'}
[8.758642] (-) TimerEvent: {}
[8.860181] (-) TimerEvent: {}
[8.961115] (-) TimerEvent: {}
[9.062092] (-) TimerEvent: {}
[9.162756] (-) TimerEvent: {}
[9.208460] (cspc_lidar) StderrLine: {'line': b'\x1b[01m\x1b[K/home/admin/workspace/host_udp_ws/src/cspc_lidar_sdk_ros2/sdk/node_lidar.cpp:\x1b[m\x1b[K In function \xe2\x80\x98\x1b[01m\x1b[Kvoid flushSerial()\x1b[m\x1b[K\xe2\x80\x99:\n'}
[9.209515] (cspc_lidar) StderrLine: {'line': b'\x1b[01m\x1b[K/home/admin/workspace/host_udp_ws/src/cspc_lidar_sdk_ros2/sdk/node_lidar.cpp:53:24:\x1b[m\x1b[K \x1b[01;35m\x1b[Kwarning: \x1b[m\x1b[Kunused variable \xe2\x80\x98\x1b[01m\x1b[Kbytes_read\x1b[m\x1b[K\xe2\x80\x99 [\x1b[01;35m\x1b[K\x1b]8;;https://gcc.gnu.org/onlinedocs/gcc/Warning-Options.html#index-Wunused-variable\x07-Wunused-variable\x1b]8;;\x07\x1b[m\x1b[K]\n'}
[9.210003] (cspc_lidar) StderrLine: {'line': b'   53 |                 size_t \x1b[01;35m\x1b[Kbytes_read\x1b[m\x1b[K = node_lidar.serial_port->read_data(buffer, len);\n'}
[9.210787] (cspc_lidar) StderrLine: {'line': b'      |                        \x1b[01;35m\x1b[K^~~~~~~~~~\x1b[m\x1b[K\n'}
[9.211163] (cspc_lidar) StderrLine: {'line': b'\x1b[01m\x1b[K/home/admin/workspace/host_udp_ws/src/cspc_lidar_sdk_ros2/sdk/node_lidar.cpp:\x1b[m\x1b[K In function \xe2\x80\x98\x1b[01m\x1b[Kbool lidar_state_judgment()\x1b[m\x1b[K\xe2\x80\x99:\n'}
[9.211672] (cspc_lidar) StderrLine: {'line': b'\x1b[01m\x1b[K/home/admin/workspace/host_udp_ws/src/cspc_lidar_sdk_ros2/sdk/node_lidar.cpp:86:45:\x1b[m\x1b[K \x1b[01;35m\x1b[Kwarning: \x1b[m\x1b[Kformat \xe2\x80\x98\x1b[01m\x1b[K%lld\x1b[m\x1b[K\xe2\x80\x99 expects argument of type \xe2\x80\x98\x1b[01m\x1b[Klong long int\x1b[m\x1b[K\xe2\x80\x99, but argument 2 has type \xe2\x80\x98\x1b[01m\x1b[Kuint64_t\x1b[m\x1b[K\xe2\x80\x99 {aka \xe2\x80\x98\x1b[01m\x1b[Klong unsigned int\x1b[m\x1b[K\xe2\x80\x99} [\x1b[01;35m\x1b[K\x1b]8;;https://gcc.gnu.org/onlinedocs/gcc/Warning-Options.html#index-Wformat=\x07-Wformat=\x1b]8;;\x07\x1b[m\x1b[K]\n'}
[9.212039] (cspc_lidar) StderrLine: {'line': b'   86 |                 printf("\xe7\x8a\xb6\xe6\x80\x81\xe5\xbc\x82\xe5\xb8\xb8\xe9\x87\x8d\xe6\x96\xb0\xe5\x90\xaf\xe5\x8a\xa8 \x1b[01;35m\x1b[K%lld\x1b[m\x1b[K\\n",\x1b[32m\x1b[Klidar_status_time\x1b[m\x1b[K);\n'}
[9.212387] (cspc_lidar) StderrLine: {'line': b'      |                                          \x1b[01;35m\x1b[K~~~^\x1b[m\x1b[K    \x1b[32m\x1b[K~~~~~~~~~~~~~~~~~\x1b[m\x1b[K\n'}
[9.212729] (cspc_lidar) StderrLine: {'line': b'      |                                             \x1b[01;35m\x1b[K|\x1b[m\x1b[K    \x1b[32m\x1b[K|\x1b[m\x1b[K\n'}
[9.213068] (cspc_lidar) StderrLine: {'line': b'      |                                             \x1b[01;35m\x1b[K|\x1b[m\x1b[K    \x1b[32m\x1b[Kuint64_t {aka long unsigned int}\x1b[m\x1b[K\n'}
[9.213458] (cspc_lidar) StderrLine: {'line': b'      |                                             \x1b[01;35m\x1b[Klong long int\x1b[m\x1b[K\n'}
[9.213848] (cspc_lidar) StderrLine: {'line': b'      |                                          \x1b[32m\x1b[K%ld\x1b[m\x1b[K\n'}
[9.214229] (cspc_lidar) StderrLine: {'line': b'\x1b[01m\x1b[K/home/admin/workspace/host_udp_ws/src/cspc_lidar_sdk_ros2/sdk/node_lidar.cpp:62:21:\x1b[m\x1b[K \x1b[01;35m\x1b[Kwarning: \x1b[m\x1b[Kunused variable \xe2\x80\x98\x1b[01m\x1b[Kstatus_judge\x1b[m\x1b[K\xe2\x80\x99 [\x1b[01;35m\x1b[K\x1b]8;;https://gcc.gnu.org/onlinedocs/gcc/Warning-Options.html#index-Wunused-variable\x07-Wunused-variable\x1b]8;;\x07\x1b[m\x1b[K]\n'}
[9.214580] (cspc_lidar) StderrLine: {'line': b'   62 |         static bool \x1b[01;35m\x1b[Kstatus_judge\x1b[m\x1b[K = false;     //\xe6\x95\xb4\xe4\xbd\x93\xe7\x8a\xb6\xe6\x80\x81\xe5\x88\xa4\xe6\x96\xad\n'}
[9.214921] (cspc_lidar) StderrLine: {'line': b'      |                     \x1b[01;35m\x1b[K^~~~~~~~~~~~\x1b[m\x1b[K\n'}
[9.215260] (cspc_lidar) StderrLine: {'line': b'\x1b[01m\x1b[K/home/admin/workspace/host_udp_ws/src/cspc_lidar_sdk_ros2/sdk/node_lidar.cpp:65:21:\x1b[m\x1b[K \x1b[01;35m\x1b[Kwarning: \x1b[m\x1b[Kvariable \xe2\x80\x98\x1b[01m\x1b[Klidar_start_flag\x1b[m\x1b[K\xe2\x80\x99 set but not used [\x1b[01;35m\x1b[K\x1b]8;;https://gcc.gnu.org/onlinedocs/gcc/Warning-Options.html#index-Wunused-but-set-variable\x07-Wunused-but-set-variable\x1b]8;;\x07\x1b[m\x1b[K]\n'}
[9.215610] (cspc_lidar) StderrLine: {'line': b'   65 |         static bool \x1b[01;35m\x1b[Klidar_start_flag\x1b[m\x1b[K = false; //\xe4\xb8\x8b\xe5\x8f\x91\xe9\x9b\xb7\xe8\xbe\xbe\xe5\x90\xaf\xe5\x8a\xa8\xe6\x8c\x87\xe4\xbb\xa4\xe5\x90\x8e\xe7\x9a\x84\xe9\x9b\xb7\xe8\xbe\xbe\xe5\x8f\x8d\xe9\xa6\x88\xe6\xa0\x87\xe5\xbf\x97\n'}
[9.215952] (cspc_lidar) StderrLine: {'line': b'      |                     \x1b[01;35m\x1b[K^~~~~~~~~~~~~~~~\x1b[m\x1b[K\n'}
[9.216290] (cspc_lidar) StderrLine: {'line': b'\x1b[01m\x1b[K/home/admin/workspace/host_udp_ws/src/cspc_lidar_sdk_ros2/sdk/node_lidar.cpp:\x1b[m\x1b[K In function \xe2\x80\x98\x1b[01m\x1b[Kint read_forever()\x1b[m\x1b[K\xe2\x80\x99:\n'}
[9.216677] (cspc_lidar) StderrLine: {'line': b'\x1b[01m\x1b[K/home/admin/workspace/host_udp_ws/src/cspc_lidar_sdk_ros2/sdk/node_lidar.cpp:206:82:\x1b[m\x1b[K \x1b[01;35m\x1b[Kwarning: \x1b[m\x1b[Kformat \xe2\x80\x98\x1b[01m\x1b[K%d\x1b[m\x1b[K\xe2\x80\x99 expects argument of type \xe2\x80\x98\x1b[01m\x1b[Kint\x1b[m\x1b[K\xe2\x80\x99, but argument 2 has type \xe2\x80\x98\x1b[01m\x1b[Ksize_t\x1b[m\x1b[K\xe2\x80\x99 {aka \xe2\x80\x98\x1b[01m\x1b[Klong unsigned int\x1b[m\x1b[K\xe2\x80\x99} [\x1b[01;35m\x1b[K\x1b]8;;https://gcc.gnu.org/onlinedocs/gcc/Warning-Options.html#index-Wformat=\x07-Wformat=\x1b]8;;\x07\x1b[m\x1b[K]\n'}
[9.217126] (cspc_lidar) StderrLine: {'line': b'  206 |                                                         printf("full----- count=\x1b[01;35m\x1b[K%d\x1b[m\x1b[K,time=%lld,frequence=%d\\n",\x1b[32m\x1b[Kscan_count\x1b[m\x1b[K,current_times(),local_scan[0].scan_frequence);\n'}
[9.217501] (cspc_lidar) StderrLine: {'line': b'      |                                                                                 \x1b[01;35m\x1b[K~^\x1b[m\x1b[K                           \x1b[32m\x1b[K~~~~~~~~~~\x1b[m\x1b[K\n'}
[9.217878] (cspc_lidar) StderrLine: {'line': b'      |                                                                                  \x1b[01;35m\x1b[K|\x1b[m\x1b[K                           \x1b[32m\x1b[K|\x1b[m\x1b[K\n'}
[9.218257] (cspc_lidar) StderrLine: {'line': b'      |                                                                                  \x1b[01;35m\x1b[Kint\x1b[m\x1b[K                         \x1b[32m\x1b[Ksize_t {aka long unsigned int}\x1b[m\x1b[K\n'}
[9.218606] (cspc_lidar) StderrLine: {'line': b'      |                                                                                 \x1b[32m\x1b[K%ld\x1b[m\x1b[K\n'}
[9.218949] (cspc_lidar) StderrLine: {'line': b'\x1b[01m\x1b[K/home/admin/workspace/host_udp_ws/src/cspc_lidar_sdk_ros2/sdk/node_lidar.cpp:206:92:\x1b[m\x1b[K \x1b[01;35m\x1b[Kwarning: \x1b[m\x1b[Kformat \xe2\x80\x98\x1b[01m\x1b[K%lld\x1b[m\x1b[K\xe2\x80\x99 expects argument of type \xe2\x80\x98\x1b[01m\x1b[Klong long int\x1b[m\x1b[K\xe2\x80\x99, but argument 3 has type \xe2\x80\x98\x1b[01m\x1b[Kint64_t\x1b[m\x1b[K\xe2\x80\x99 {aka \xe2\x80\x98\x1b[01m\x1b[Klong int\x1b[m\x1b[K\xe2\x80\x99} [\x1b[01;35m\x1b[K\x1b]8;;https://gcc.gnu.org/onlinedocs/gcc/Warning-Options.html#index-Wformat=\x07-Wformat=\x1b]8;;\x07\x1b[m\x1b[K]\n'}
[9.219370] (cspc_lidar) StderrLine: {'line': b'  206 |                                                         printf("full----- count=%d,time=\x1b[01;35m\x1b[K%lld\x1b[m\x1b[K,frequence=%d\\n",scan_count,\x1b[32m\x1b[Kcurrent_times()\x1b[m\x1b[K,local_scan[0].scan_frequence);\n'}
[9.219715] (cspc_lidar) StderrLine: {'line': b'      |                                                                                         \x1b[01;35m\x1b[K~~~^\x1b[m\x1b[K                            \x1b[32m\x1b[K~~~~~~~~~~~~~~~\x1b[m\x1b[K\n'}
[9.220060] (cspc_lidar) StderrLine: {'line': b'      |                                                                                            \x1b[01;35m\x1b[K|\x1b[m\x1b[K                                         \x1b[32m\x1b[K|\x1b[m\x1b[K\n'}
[9.220456] (cspc_lidar) StderrLine: {'line': b'      |                                                                                            \x1b[01;35m\x1b[Klong long int\x1b[m\x1b[K                             \x1b[32m\x1b[Kint64_t {aka long int}\x1b[m\x1b[K\n'}
[9.220840] (cspc_lidar) StderrLine: {'line': b'      |                                                                                         \x1b[32m\x1b[K%ld\x1b[m\x1b[K\n'}
[9.221197] (cspc_lidar) StderrLine: {'line': b'\x1b[01m\x1b[K/home/admin/workspace/host_udp_ws/src/cspc_lidar_sdk_ros2/sdk/node_lidar.cpp:\x1b[m\x1b[K In function \xe2\x80\x98\x1b[01m\x1b[Kvoid send_lidar_data(LaserScan&)\x1b[m\x1b[K\xe2\x80\x99:\n'}
[9.221584] (cspc_lidar) StderrLine: {'line': b'\x1b[01m\x1b[K/home/admin/workspace/host_udp_ws/src/cspc_lidar_sdk_ros2/sdk/node_lidar.cpp:312:43:\x1b[m\x1b[K \x1b[01;35m\x1b[Kwarning: \x1b[m\x1b[Kcomparison of integer expressions of different signedness: \xe2\x80\x98\x1b[01m\x1b[Kint\x1b[m\x1b[K\xe2\x80\x99 and \xe2\x80\x98\x1b[01m\x1b[Ksize_t\x1b[m\x1b[K\xe2\x80\x99 {aka \xe2\x80\x98\x1b[01m\x1b[Klong unsigned int\x1b[m\x1b[K\xe2\x80\x99} [\x1b[01;35m\x1b[K\x1b]8;;https://gcc.gnu.org/onlinedocs/gcc/Warning-Options.html#index-Wsign-compare\x07-Wsign-compare\x1b]8;;\x07\x1b[m\x1b[K]\n'}
[9.222015] (cspc_lidar) StderrLine: {'line': b'  312 |                         for (int i = 0; \x1b[01;35m\x1b[Ki < count\x1b[m\x1b[K; i++)\n'}
[9.222363] (cspc_lidar) StderrLine: {'line': b'      |                                         \x1b[01;35m\x1b[K~~^~~~~~~\x1b[m\x1b[K\n'}
[9.263027] (-) TimerEvent: {}
[9.298670] (cspc_lidar) StderrLine: {'line': b'\x1b[01m\x1b[K/home/admin/workspace/host_udp_ws/src/cspc_lidar_sdk_ros2/sdk/calibration.cpp:\x1b[m\x1b[K In function \xe2\x80\x98\x1b[01m\x1b[Kvoid pcloud_build_by_scan(LaserScan&, pcloud_t&)\x1b[m\x1b[K\xe2\x80\x99:\n'}
[9.299368] (cspc_lidar) StderrLine: {'line': b'\x1b[01m\x1b[K/home/admin/workspace/host_udp_ws/src/cspc_lidar_sdk_ros2/sdk/calibration.cpp:44:21:\x1b[m\x1b[K \x1b[01;35m\x1b[Kwarning: \x1b[m\x1b[Kcomparison of integer expressions of different signedness: \xe2\x80\x98\x1b[01m\x1b[Kint\x1b[m\x1b[K\xe2\x80\x99 and \xe2\x80\x98\x1b[01m\x1b[Kstd::vector<LaserPoint>::size_type\x1b[m\x1b[K\xe2\x80\x99 {aka \xe2\x80\x98\x1b[01m\x1b[Klong unsigned int\x1b[m\x1b[K\xe2\x80\x99} [\x1b[01;35m\x1b[K\x1b]8;;https://gcc.gnu.org/onlinedocs/gcc/Warning-Options.html#index-Wsign-compare\x07-Wsign-compare\x1b]8;;\x07\x1b[m\x1b[K]\n'}
[9.300159] (cspc_lidar) StderrLine: {'line': b'   44 |   for (int i = 0; \x1b[01;35m\x1b[Ki < outscan.points.size()\x1b[m\x1b[K; i++)\n'}
[9.300693] (cspc_lidar) StderrLine: {'line': b'      |                   \x1b[01;35m\x1b[K~~^~~~~~~~~~~~~~~~~~~~~~~\x1b[m\x1b[K\n'}
[9.301135] (cspc_lidar) StderrLine: {'line': b'\x1b[01m\x1b[K/home/admin/workspace/host_udp_ws/src/cspc_lidar_sdk_ros2/sdk/calibration.cpp:46:11:\x1b[m\x1b[K \x1b[01;35m\x1b[Kwarning: \x1b[m\x1b[K\xe2\x80\x98\x1b[01m\x1b[Kvoid* memset(void*, int, size_t)\x1b[m\x1b[K\xe2\x80\x99 clearing an object of non-trivial type \xe2\x80\x98\x1b[01m\x1b[Kpoint_t\x1b[m\x1b[K\xe2\x80\x99 {aka \xe2\x80\x98\x1b[01m\x1b[Kstruct _point_\x1b[m\x1b[K\xe2\x80\x99}; use assignment or value-initialization instead [\x1b[01;35m\x1b[K\x1b]8;;https://gcc.gnu.org/onlinedocs/gcc/Warning-Options.html#index-Wclass-memaccess\x07-Wclass-memaccess\x1b]8;;\x07\x1b[m\x1b[K]\n'}
[9.301914] (cspc_lidar) StderrLine: {'line': b'   46 |     \x1b[01;35m\x1b[Kmemset(&point, 0, sizeof(point_t))\x1b[m\x1b[K;\n'}
[9.302301] (cspc_lidar) StderrLine: {'line': b'      |     \x1b[01;35m\x1b[K~~~~~~^~~~~~~~~~~~~~~~~~~~~~~~~~~~\x1b[m\x1b[K\n'}
[9.302653] (cspc_lidar) StderrLine: {'line': b'In file included from \x1b[01m\x1b[K/home/admin/workspace/host_udp_ws/src/cspc_lidar_sdk_ros2/sdk/calibration.cpp:8\x1b[m\x1b[K:\n'}
[9.303003] (cspc_lidar) StderrLine: {'line': b'\x1b[01m\x1b[K/home/admin/workspace/host_udp_ws/src/cspc_lidar_sdk_ros2/sdk/calibration.h:52:16:\x1b[m\x1b[K \x1b[01;36m\x1b[Knote: \x1b[m\x1b[K\xe2\x80\x98\x1b[01m\x1b[Kpoint_t\x1b[m\x1b[K\xe2\x80\x99 {aka \xe2\x80\x98\x1b[01m\x1b[Kstruct _point_\x1b[m\x1b[K\xe2\x80\x99} declared here\n'}
[9.303358] (cspc_lidar) StderrLine: {'line': b'   52 | typedef struct \x1b[01;36m\x1b[K_point_\x1b[m\x1b[K\n'}
[9.304082] (cspc_lidar) StderrLine: {'line': b'      |                \x1b[01;36m\x1b[K^~~~~~~\x1b[m\x1b[K\n'}
[9.304470] (cspc_lidar) StderrLine: {'line': b'\x1b[01m\x1b[K/home/admin/workspace/host_udp_ws/src/cspc_lidar_sdk_ros2/sdk/calibration.cpp:\x1b[m\x1b[K In function \xe2\x80\x98\x1b[01m\x1b[Kint find_index(point_t, pcloud_t&)\x1b[m\x1b[K\xe2\x80\x99:\n'}
[9.304825] (cspc_lidar) StderrLine: {'line': b'\x1b[01m\x1b[K/home/admin/workspace/host_udp_ws/src/cspc_lidar_sdk_ros2/sdk/calibration.cpp:105:9:\x1b[m\x1b[K \x1b[01;35m\x1b[Kwarning: \x1b[m\x1b[K\xe2\x80\x98\x1b[01m\x1b[Kvoid* memset(void*, int, size_t)\x1b[m\x1b[K\xe2\x80\x99 clearing an object of non-trivial type \xe2\x80\x98\x1b[01m\x1b[Kpoint_t\x1b[m\x1b[K\xe2\x80\x99 {aka \xe2\x80\x98\x1b[01m\x1b[Kstruct _point_\x1b[m\x1b[K\xe2\x80\x99}; use assignment or value-initialization instead [\x1b[01;35m\x1b[K\x1b]8;;https://gcc.gnu.org/onlinedocs/gcc/Warning-Options.html#index-Wclass-memaccess\x07-Wclass-memaccess\x1b]8;;\x07\x1b[m\x1b[K]\n'}
[9.305201] (cspc_lidar) StderrLine: {'line': b'  105 |   \x1b[01;35m\x1b[Kmemset(&point_min, 0, sizeof(point_t))\x1b[m\x1b[K;\n'}
[9.305585] (cspc_lidar) StderrLine: {'line': b'      |   \x1b[01;35m\x1b[K~~~~~~^~~~~~~~~~~~~~~~~~~~~~~~~~~~~~~~\x1b[m\x1b[K\n'}
[9.306081] (cspc_lidar) StderrLine: {'line': b'In file included from \x1b[01m\x1b[K/home/admin/workspace/host_udp_ws/src/cspc_lidar_sdk_ros2/sdk/calibration.cpp:8\x1b[m\x1b[K:\n'}
[9.306442] (cspc_lidar) StderrLine: {'line': b'\x1b[01m\x1b[K/home/admin/workspace/host_udp_ws/src/cspc_lidar_sdk_ros2/sdk/calibration.h:52:16:\x1b[m\x1b[K \x1b[01;36m\x1b[Knote: \x1b[m\x1b[K\xe2\x80\x98\x1b[01m\x1b[Kpoint_t\x1b[m\x1b[K\xe2\x80\x99 {aka \xe2\x80\x98\x1b[01m\x1b[Kstruct _point_\x1b[m\x1b[K\xe2\x80\x99} declared here\n'}
[9.306801] (cspc_lidar) StderrLine: {'line': b'   52 | typedef struct \x1b[01;36m\x1b[K_point_\x1b[m\x1b[K\n'}
[9.307381] (cspc_lidar) StderrLine: {'line': b'      |                \x1b[01;36m\x1b[K^~~~~~~\x1b[m\x1b[K\n'}
[9.308074] (cspc_lidar) StderrLine: {'line': b'\x1b[01m\x1b[K/home/admin/workspace/host_udp_ws/src/cspc_lidar_sdk_ros2/sdk/calibration.cpp:124:23:\x1b[m\x1b[K \x1b[01;35m\x1b[Kwarning: \x1b[m\x1b[Kcomparison of integer expressions of different signedness: \xe2\x80\x98\x1b[01m\x1b[Kint\x1b[m\x1b[K\xe2\x80\x99 and \xe2\x80\x98\x1b[01m\x1b[Kstd::vector<_point_>::size_type\x1b[m\x1b[K\xe2\x80\x99 {aka \xe2\x80\x98\x1b[01m\x1b[Klong unsigned int\x1b[m\x1b[K\xe2\x80\x99} [\x1b[01;35m\x1b[K\x1b]8;;https://gcc.gnu.org/onlinedocs/gcc/Warning-Options.html#index-Wsign-compare\x07-Wsign-compare\x1b]8;;\x07\x1b[m\x1b[K]\n'}
[9.308501] (cspc_lidar) StderrLine: {'line': b'  124 |   if (\x1b[01;35m\x1b[Kpoint_min.index > pcloud.data.size()\x1b[m\x1b[K)\n'}
[9.308847] (cspc_lidar) StderrLine: {'line': b'      |       \x1b[01;35m\x1b[K~~~~~~~~~~~~~~~~^~~~~~~~~~~~~~~~~~~~\x1b[m\x1b[K\n'}
[9.309214] (cspc_lidar) StderrLine: {'line': b'\x1b[01m\x1b[K/home/admin/workspace/host_udp_ws/src/cspc_lidar_sdk_ros2/sdk/calibration.cpp:\x1b[m\x1b[K In function \xe2\x80\x98\x1b[01m\x1b[Kbool intersect(LineSegment, LineSegment, Vector2D&)\x1b[m\x1b[K\xe2\x80\x99:\n'}
[9.309613] (cspc_lidar) StderrLine: {'line': b'\x1b[01m\x1b[K/home/admin/workspace/host_udp_ws/src/cspc_lidar_sdk_ros2/sdk/calibration.cpp:167:10:\x1b[m\x1b[K \x1b[01;35m\x1b[Kwarning: \x1b[m\x1b[Kunused variable \xe2\x80\x98\x1b[01m\x1b[Kcross1\x1b[m\x1b[K\xe2\x80\x99 [\x1b[01;35m\x1b[K\x1b]8;;https://gcc.gnu.org/onlinedocs/gcc/Warning-Options.html#index-Wunused-variable\x07-Wunused-variable\x1b]8;;\x07\x1b[m\x1b[K]\n'}
[9.310281] (cspc_lidar) StderrLine: {'line': b'  167 |   double \x1b[01;35m\x1b[Kcross1\x1b[m\x1b[K = position1.x * direction1.y - position1.y * direction1.x;\n'}
[9.310837] (cspc_lidar) StderrLine: {'line': b'      |          \x1b[01;35m\x1b[K^~~~~~\x1b[m\x1b[K\n'}
[9.311259] (cspc_lidar) StderrLine: {'line': b'\x1b[01m\x1b[K/home/admin/workspace/host_udp_ws/src/cspc_lidar_sdk_ros2/sdk/calibration.cpp:\x1b[m\x1b[K In function \xe2\x80\x98\x1b[01m\x1b[Kdouble pointToLineDist(point_t, double, double)\x1b[m\x1b[K\xe2\x80\x99:\n'}
[9.311785] (cspc_lidar) StderrLine: {'line': b'\x1b[01m\x1b[K/home/admin/workspace/host_udp_ws/src/cspc_lidar_sdk_ros2/sdk/calibration.cpp:439:10:\x1b[m\x1b[K \x1b[01;35m\x1b[Kwarning: \x1b[m\x1b[Kunused variable \xe2\x80\x98\x1b[01m\x1b[Ky0\x1b[m\x1b[K\xe2\x80\x99 [\x1b[01;35m\x1b[K\x1b]8;;https://gcc.gnu.org/onlinedocs/gcc/Warning-Options.html#index-Wunused-variable\x07-Wunused-variable\x1b]8;;\x07\x1b[m\x1b[K]\n'}
[9.312423] (cspc_lidar) StderrLine: {'line': b'  439 |   double \x1b[01;35m\x1b[Ky0\x1b[m\x1b[K = k * x0 + b;\n'}
[9.312906] (cspc_lidar) StderrLine: {'line': b'      |          \x1b[01;35m\x1b[K^~\x1b[m\x1b[K\n'}
[9.313915] (cspc_lidar) StderrLine: {'line': b'\x1b[01m\x1b[K/home/admin/workspace/host_udp_ws/src/cspc_lidar_sdk_ros2/sdk/calibration.cpp:\x1b[m\x1b[K In function \xe2\x80\x98\x1b[01m\x1b[Kbool line_judgment(std::vector<_point_>, point_t)\x1b[m\x1b[K\xe2\x80\x99:\n'}
[9.314605] (cspc_lidar) StderrLine: {'line': b'\x1b[01m\x1b[K/home/admin/workspace/host_udp_ws/src/cspc_lidar_sdk_ros2/sdk/calibration.cpp:462:19:\x1b[m\x1b[K \x1b[01;35m\x1b[Kwarning: \x1b[m\x1b[Kcomparison of integer expressions of different signedness: \xe2\x80\x98\x1b[01m\x1b[Kstd::vector<_point_>::size_type\x1b[m\x1b[K\xe2\x80\x99 {aka \xe2\x80\x98\x1b[01m\x1b[Klong unsigned int\x1b[m\x1b[K\xe2\x80\x99} and \xe2\x80\x98\x1b[01m\x1b[Kint\x1b[m\x1b[K\xe2\x80\x99 [\x1b[01;35m\x1b[K\x1b]8;;https://gcc.gnu.org/onlinedocs/gcc/Warning-Options.html#index-Wsign-compare\x07-Wsign-compare\x1b]8;;\x07\x1b[m\x1b[K]\n'}
[9.315247] (cspc_lidar) StderrLine: {'line': b'  462 |   if (\x1b[01;35m\x1b[Kline.size() <= reference\x1b[m\x1b[K)\n'}
[9.315713] (cspc_lidar) StderrLine: {'line': b'      |       \x1b[01;35m\x1b[K~~~~~~~~~~~~^~~~~~~~~~~~\x1b[m\x1b[K\n'}
[9.316071] (cspc_lidar) StderrLine: {'line': b'\x1b[01m\x1b[K/home/admin/workspace/host_udp_ws/src/cspc_lidar_sdk_ros2/sdk/calibration.cpp:467:19:\x1b[m\x1b[K \x1b[01;35m\x1b[Kwarning: \x1b[m\x1b[Kcomparison of integer expressions of different signedness: \xe2\x80\x98\x1b[01m\x1b[Kstd::vector<_point_>::size_type\x1b[m\x1b[K\xe2\x80\x99 {aka \xe2\x80\x98\x1b[01m\x1b[Klong unsigned int\x1b[m\x1b[K\xe2\x80\x99} and \xe2\x80\x98\x1b[01m\x1b[Kint\x1b[m\x1b[K\xe2\x80\x99 [\x1b[01;35m\x1b[K\x1b]8;;https://gcc.gnu.org/onlinedocs/gcc/Warning-Options.html#index-Wsign-compare\x07-Wsign-compare\x1b]8;;\x07\x1b[m\x1b[K]\n'}
[9.316493] (cspc_lidar) StderrLine: {'line': b'  467 |   if (\x1b[01;35m\x1b[Kline.size() <= reference\x1b[m\x1b[K)\n'}
[9.316860] (cspc_lidar) StderrLine: {'line': b'      |       \x1b[01;35m\x1b[K~~~~~~~~~~~~^~~~~~~~~~~~\x1b[m\x1b[K\n'}
[9.317278] (cspc_lidar) StderrLine: {'line': b'\x1b[01m\x1b[K/home/admin/workspace/host_udp_ws/src/cspc_lidar_sdk_ros2/sdk/calibration.cpp:471:23:\x1b[m\x1b[K \x1b[01;35m\x1b[Kwarning: \x1b[m\x1b[Kcomparison of integer expressions of different signedness: \xe2\x80\x98\x1b[01m\x1b[Kint\x1b[m\x1b[K\xe2\x80\x99 and \xe2\x80\x98\x1b[01m\x1b[Kstd::vector<_point_>::size_type\x1b[m\x1b[K\xe2\x80\x99 {aka \xe2\x80\x98\x1b[01m\x1b[Klong unsigned int\x1b[m\x1b[K\xe2\x80\x99} [\x1b[01;35m\x1b[K\x1b]8;;https://gcc.gnu.org/onlinedocs/gcc/Warning-Options.html#index-Wsign-compare\x07-Wsign-compare\x1b]8;;\x07\x1b[m\x1b[K]\n'}
[9.317987] (cspc_lidar) StderrLine: {'line': b'  471 |     for (int i = 1; \x1b[01;35m\x1b[Ki < line.size() - 1\x1b[m\x1b[K; i++)\n'}
[9.318357] (cspc_lidar) StderrLine: {'line': b'      |                     \x1b[01;35m\x1b[K~~^~~~~~~~~~~~~~~~~\x1b[m\x1b[K\n'}
[9.318751] (cspc_lidar) StderrLine: {'line': b'\x1b[01m\x1b[K/home/admin/workspace/host_udp_ws/src/cspc_lidar_sdk_ros2/sdk/calibration.cpp:\x1b[m\x1b[K In function \xe2\x80\x98\x1b[01m\x1b[Kvoid fitting_line(pcloud_t&)\x1b[m\x1b[K\xe2\x80\x99:\n'}
[9.319104] (cspc_lidar) StderrLine: {'line': b'\x1b[01m\x1b[K/home/admin/workspace/host_udp_ws/src/cspc_lidar_sdk_ros2/sdk/calibration.cpp:542:25:\x1b[m\x1b[K \x1b[01;35m\x1b[Kwarning: \x1b[m\x1b[Kcomparison of integer expressions of different signedness: \xe2\x80\x98\x1b[01m\x1b[Kstd::vector<_point_>::size_type\x1b[m\x1b[K\xe2\x80\x99 {aka \xe2\x80\x98\x1b[01m\x1b[Klong unsigned int\x1b[m\x1b[K\xe2\x80\x99} and \xe2\x80\x98\x1b[01m\x1b[Kint\x1b[m\x1b[K\xe2\x80\x99 [\x1b[01;35m\x1b[K\x1b]8;;https://gcc.gnu.org/onlinedocs/gcc/Warning-Options.html#index-Wsign-compare\x07-Wsign-compare\x1b]8;;\x07\x1b[m\x1b[K]\n'}
[9.319464] (cspc_lidar) StderrLine: {'line': b'  542 |         if (\x1b[01;35m\x1b[Kline.size() >= calibration_params.line_judgment_point_num\x1b[m\x1b[K)\n'}
[9.319809] (cspc_lidar) StderrLine: {'line': b'      |             \x1b[01;35m\x1b[K~~~~~~~~~~~~^~~~~~~~~~~~~~~~~~~~~~~~~~~~~~~~~~~~~~~~~~~~~\x1b[m\x1b[K\n'}
[9.321761] (cspc_lidar) StderrLine: {'line': b'\x1b[01m\x1b[K/home/admin/workspace/host_udp_ws/src/cspc_lidar_sdk_ros2/sdk/calibration.cpp:560:63:\x1b[m\x1b[K \x1b[01;35m\x1b[Kwarning: \x1b[m\x1b[Kcomparison of integer expressions of different signedness: \xe2\x80\x98\x1b[01m\x1b[Kstd::vector<_point_>::size_type\x1b[m\x1b[K\xe2\x80\x99 {aka \xe2\x80\x98\x1b[01m\x1b[Klong unsigned int\x1b[m\x1b[K\xe2\x80\x99} and \xe2\x80\x98\x1b[01m\x1b[Kint\x1b[m\x1b[K\xe2\x80\x99 [\x1b[01;35m\x1b[K\x1b]8;;https://gcc.gnu.org/onlinedocs/gcc/Warning-Options.html#index-Wsign-compare\x07-Wsign-compare\x1b]8;;\x07\x1b[m\x1b[K]\n'}
[9.322426] (cspc_lidar) StderrLine: {'line': b'  560 |         if(point.index == point_last_one.index && \x1b[01;35m\x1b[Kline.size() >= calibration_params.line_judgment_point_num\x1b[m\x1b[K)\n'}
[9.322930] (cspc_lidar) StderrLine: {'line': b'      |                                                   \x1b[01;35m\x1b[K~~~~~~~~~~~~^~~~~~~~~~~~~~~~~~~~~~~~~~~~~~~~~~~~~~~~~~~~~\x1b[m\x1b[K\n'}
[9.323346] (cspc_lidar) StderrLine: {'line': b'\x1b[01m\x1b[K/home/admin/workspace/host_udp_ws/src/cspc_lidar_sdk_ros2/sdk/calibration.cpp:571:26:\x1b[m\x1b[K \x1b[01;35m\x1b[Kwarning: \x1b[m\x1b[Kcomparison of integer expressions of different signedness: \xe2\x80\x98\x1b[01m\x1b[Kint\x1b[m\x1b[K\xe2\x80\x99 and \xe2\x80\x98\x1b[01m\x1b[Kstd::vector<_point_>::size_type\x1b[m\x1b[K\xe2\x80\x99 {aka \xe2\x80\x98\x1b[01m\x1b[Klong unsigned int\x1b[m\x1b[K\xe2\x80\x99} [\x1b[01;35m\x1b[K\x1b]8;;https://gcc.gnu.org/onlinedocs/gcc/Warning-Options.html#index-Wsign-compare\x07-Wsign-compare\x1b]8;;\x07\x1b[m\x1b[K]\n'}
[9.323787] (cspc_lidar) StderrLine: {'line': b'  571 |   if(\x1b[01;35m\x1b[Kpoint_record2.index < pcloud.data.size()\x1b[m\x1b[K\n'}
[9.324161] (cspc_lidar) StderrLine: {'line': b'      |      \x1b[01;35m\x1b[K~~~~~~~~~~~~~~~~~~~~^~~~~~~~~~~~~~~~~~~~\x1b[m\x1b[K\n'}
[9.324510] (cspc_lidar) StderrLine: {'line': b'\x1b[01m\x1b[K/home/admin/workspace/host_udp_ws/src/cspc_lidar_sdk_ros2/sdk/calibration.cpp:572:28:\x1b[m\x1b[K \x1b[01;35m\x1b[Kwarning: \x1b[m\x1b[Kcomparison of integer expressions of different signedness: \xe2\x80\x98\x1b[01m\x1b[Kint\x1b[m\x1b[K\xe2\x80\x99 and \xe2\x80\x98\x1b[01m\x1b[Kstd::vector<_point_>::size_type\x1b[m\x1b[K\xe2\x80\x99 {aka \xe2\x80\x98\x1b[01m\x1b[Klong unsigned int\x1b[m\x1b[K\xe2\x80\x99} [\x1b[01;35m\x1b[K\x1b]8;;https://gcc.gnu.org/onlinedocs/gcc/Warning-Options.html#index-Wsign-compare\x07-Wsign-compare\x1b]8;;\x07\x1b[m\x1b[K]\n'}
[9.324930] (cspc_lidar) StderrLine: {'line': b'  572 |   &&  \x1b[01;35m\x1b[Kpoint_last_one.index < pcloud.data.size()\x1b[m\x1b[K\n'}
[9.325307] (cspc_lidar) StderrLine: {'line': b'      |       \x1b[01;35m\x1b[K~~~~~~~~~~~~~~~~~~~~~^~~~~~~~~~~~~~~~~~~~\x1b[m\x1b[K\n'}
[9.325649] (cspc_lidar) StderrLine: {'line': b'\x1b[01m\x1b[K/home/admin/workspace/host_udp_ws/src/cspc_lidar_sdk_ros2/sdk/calibration.cpp:573:27:\x1b[m\x1b[K \x1b[01;35m\x1b[Kwarning: \x1b[m\x1b[Kcomparison of integer expressions of different signedness: \xe2\x80\x98\x1b[01m\x1b[Kint\x1b[m\x1b[K\xe2\x80\x99 and \xe2\x80\x98\x1b[01m\x1b[Kstd::vector<_point_>::size_type\x1b[m\x1b[K\xe2\x80\x99 {aka \xe2\x80\x98\x1b[01m\x1b[Klong unsigned int\x1b[m\x1b[K\xe2\x80\x99} [\x1b[01;35m\x1b[K\x1b]8;;https://gcc.gnu.org/onlinedocs/gcc/Warning-Options.html#index-Wsign-compare\x07-Wsign-compare\x1b]8;;\x07\x1b[m\x1b[K]\n'}
[9.326003] (cspc_lidar) StderrLine: {'line': b'  573 |   &&  \x1b[01;35m\x1b[Kpoint_record1.index < pcloud.data.size()\x1b[m\x1b[K)\n'}
[9.326345] (cspc_lidar) StderrLine: {'line': b'      |       \x1b[01;35m\x1b[K~~~~~~~~~~~~~~~~~~~~^~~~~~~~~~~~~~~~~~~~\x1b[m\x1b[K\n'}
[9.326686] (cspc_lidar) StderrLine: {'line': b'\x1b[01m\x1b[K/home/admin/workspace/host_udp_ws/src/cspc_lidar_sdk_ros2/sdk/calibration.cpp:597:28:\x1b[m\x1b[K \x1b[01;35m\x1b[Kwarning: \x1b[m\x1b[Kcomparison of integer expressions of different signedness: \xe2\x80\x98\x1b[01m\x1b[Kstd::vector<_point_>::size_type\x1b[m\x1b[K\xe2\x80\x99 {aka \xe2\x80\x98\x1b[01m\x1b[Klong unsigned int\x1b[m\x1b[K\xe2\x80\x99} and \xe2\x80\x98\x1b[01m\x1b[Kint\x1b[m\x1b[K\xe2\x80\x99 [\x1b[01;35m\x1b[K\x1b]8;;https://gcc.gnu.org/onlinedocs/gcc/Warning-Options.html#index-Wsign-compare\x07-Wsign-compare\x1b]8;;\x07\x1b[m\x1b[K]\n'}
[9.327084] (cspc_lidar) StderrLine: {'line': b'  597 |     if (\x1b[01;35m\x1b[Kline_append.size() >= calibration_params.line_judgment_point_num\x1b[m\x1b[K)\n'}
[9.327440] (cspc_lidar) StderrLine: {'line': b'      |         \x1b[01;35m\x1b[K~~~~~~~~~~~~~~~~~~~^~~~~~~~~~~~~~~~~~~~~~~~~~~~~~~~~~~~~~~~~~~~~\x1b[m\x1b[K\n'}
[9.327783] (cspc_lidar) StderrLine: {'line': b'\x1b[01m\x1b[K/home/admin/workspace/host_udp_ws/src/cspc_lidar_sdk_ros2/sdk/calibration.cpp:606:29:\x1b[m\x1b[K \x1b[01;35m\x1b[Kwarning: \x1b[m\x1b[Kcomparison of integer expressions of different signedness: \xe2\x80\x98\x1b[01m\x1b[Kstd::vector<_point_>::size_type\x1b[m\x1b[K\xe2\x80\x99 {aka \xe2\x80\x98\x1b[01m\x1b[Klong unsigned int\x1b[m\x1b[K\xe2\x80\x99} and \xe2\x80\x98\x1b[01m\x1b[Kint\x1b[m\x1b[K\xe2\x80\x99 [\x1b[01;35m\x1b[K\x1b]8;;https://gcc.gnu.org/onlinedocs/gcc/Warning-Options.html#index-Wsign-compare\x07-Wsign-compare\x1b]8;;\x07\x1b[m\x1b[K]\n'}
[9.328196] (cspc_lidar) StderrLine: {'line': b'  606 |             if (\x1b[01;35m\x1b[Kline.size() >= calibration_params.line_judgment_point_num\x1b[m\x1b[K)\n'}
[9.328541] (cspc_lidar) StderrLine: {'line': b'      |                 \x1b[01;35m\x1b[K~~~~~~~~~~~~^~~~~~~~~~~~~~~~~~~~~~~~~~~~~~~~~~~~~~~~~~~~~\x1b[m\x1b[K\n'}
[9.328883] (cspc_lidar) StderrLine: {'line': b'\x1b[01m\x1b[K/home/admin/workspace/host_udp_ws/src/cspc_lidar_sdk_ros2/sdk/calibration.cpp:617:68:\x1b[m\x1b[K \x1b[01;35m\x1b[Kwarning: \x1b[m\x1b[Kcomparison of integer expressions of different signedness: \xe2\x80\x98\x1b[01m\x1b[Kstd::vector<_point_>::size_type\x1b[m\x1b[K\xe2\x80\x99 {aka \xe2\x80\x98\x1b[01m\x1b[Klong unsigned int\x1b[m\x1b[K\xe2\x80\x99} and \xe2\x80\x98\x1b[01m\x1b[Kint\x1b[m\x1b[K\xe2\x80\x99 [\x1b[01;35m\x1b[K\x1b]8;;https://gcc.gnu.org/onlinedocs/gcc/Warning-Options.html#index-Wsign-compare\x07-Wsign-compare\x1b]8;;\x07\x1b[m\x1b[K]\n'}
[9.329288] (cspc_lidar) StderrLine: {'line': b'  617 |           if(point.index == point_append_last.index && \x1b[01;35m\x1b[Kline.size() >= calibration_params.line_judgment_point_num\x1b[m\x1b[K)\n'}
[9.329710] (cspc_lidar) StderrLine: {'line': b'      |                                                        \x1b[01;35m\x1b[K~~~~~~~~~~~~^~~~~~~~~~~~~~~~~~~~~~~~~~~~~~~~~~~~~~~~~~~~~\x1b[m\x1b[K\n'}
[9.330060] (cspc_lidar) StderrLine: {'line': b'\x1b[01m\x1b[K/home/admin/workspace/host_udp_ws/src/cspc_lidar_sdk_ros2/sdk/calibration.cpp:632:23:\x1b[m\x1b[K \x1b[01;35m\x1b[Kwarning: \x1b[m\x1b[Kcomparison of integer expressions of different signedness: \xe2\x80\x98\x1b[01m\x1b[Kint\x1b[m\x1b[K\xe2\x80\x99 and \xe2\x80\x98\x1b[01m\x1b[Kstd::vector<std::vector<_point_> >::size_type\x1b[m\x1b[K\xe2\x80\x99 {aka \xe2\x80\x98\x1b[01m\x1b[Klong unsigned int\x1b[m\x1b[K\xe2\x80\x99} [\x1b[01;35m\x1b[K\x1b]8;;https://gcc.gnu.org/onlinedocs/gcc/Warning-Options.html#index-Wsign-compare\x07-Wsign-compare\x1b]8;;\x07\x1b[m\x1b[K]\n'}
[9.330558] (cspc_lidar) StderrLine: {'line': b'  632 |     for (int i = 0; \x1b[01;35m\x1b[Ki < lines.size() - 1\x1b[m\x1b[K; i++)\n'}
[9.330921] (cspc_lidar) StderrLine: {'line': b'      |                     \x1b[01;35m\x1b[K~~^~~~~~~~~~~~~~~~~~\x1b[m\x1b[K\n'}
[9.331268] (cspc_lidar) StderrLine: {'line': b'\x1b[01m\x1b[K/home/admin/workspace/host_udp_ws/src/cspc_lidar_sdk_ros2/sdk/calibration.cpp:\x1b[m\x1b[K In function \xe2\x80\x98\x1b[01m\x1b[Kvoid lidar_calibration(LaserScan&)\x1b[m\x1b[K\xe2\x80\x99:\n'}
[9.331620] (cspc_lidar) StderrLine: {'line': b'\x1b[01m\x1b[K/home/admin/workspace/host_udp_ws/src/cspc_lidar_sdk_ros2/sdk/calibration.cpp:662:11:\x1b[m\x1b[K \x1b[01;35m\x1b[Kwarning: \x1b[m\x1b[K\xe2\x80\x98\x1b[01m\x1b[Kvoid* memset(void*, int, size_t)\x1b[m\x1b[K\xe2\x80\x99 clearing an object of type \xe2\x80\x98\x1b[01m\x1b[Kstruct LaserPoint\x1b[m\x1b[K\xe2\x80\x99 with no trivial copy-assignment; use assignment or value-initialization instead [\x1b[01;35m\x1b[K\x1b]8;;https://gcc.gnu.org/onlinedocs/gcc/Warning-Options.html#index-Wclass-memaccess\x07-Wclass-memaccess\x1b]8;;\x07\x1b[m\x1b[K]\n'}
[9.331977] (cspc_lidar) StderrLine: {'line': b'  662 |     \x1b[01;35m\x1b[Kmemset(&outscan_point, 0, sizeof(LaserPoint))\x1b[m\x1b[K;\n'}
[9.332358] (cspc_lidar) StderrLine: {'line': b'      |     \x1b[01;35m\x1b[K~~~~~~^~~~~~~~~~~~~~~~~~~~~~~~~~~~~~~~~~~~~~~\x1b[m\x1b[K\n'}
[9.332733] (cspc_lidar) StderrLine: {'line': b'In file included from \x1b[01m\x1b[K/home/admin/workspace/host_udp_ws/src/cspc_lidar_sdk_ros2/sdk/calibration.h:4\x1b[m\x1b[K,\n'}
[9.333123] (cspc_lidar) StderrLine: {'line': b'                 from \x1b[01m\x1b[K/home/admin/workspace/host_udp_ws/src/cspc_lidar_sdk_ros2/sdk/calibration.cpp:8\x1b[m\x1b[K:\n'}
[9.333469] (cspc_lidar) StderrLine: {'line': b'\x1b[01m\x1b[K/home/admin/workspace/host_udp_ws/src/cspc_lidar_sdk_ros2/sdk/lidar_information.h:210:8:\x1b[m\x1b[K \x1b[01;36m\x1b[Knote: \x1b[m\x1b[K\xe2\x80\x98\x1b[01m\x1b[Kstruct LaserPoint\x1b[m\x1b[K\xe2\x80\x99 declared here\n'}
[9.333861] (cspc_lidar) StderrLine: {'line': b'  210 | struct \x1b[01;36m\x1b[KLaserPoint\x1b[m\x1b[K\n'}
[9.334218] (cspc_lidar) StderrLine: {'line': b'      |        \x1b[01;36m\x1b[K^~~~~~~~~~\x1b[m\x1b[K\n'}
[9.363136] (-) TimerEvent: {}
[9.370645] (cspc_lidar) StderrLine: {'line': b'\x1b[01m\x1b[K/home/admin/workspace/host_udp_ws/src/cspc_lidar_sdk_ros2/sdk/node_lidar.cpp:\x1b[m\x1b[K At global scope:\n'}
[9.370924] (cspc_lidar) StderrLine: {'line': b'\x1b[01m\x1b[K/home/admin/workspace/host_udp_ws/src/cspc_lidar_sdk_ros2/sdk/node_lidar.cpp:62:21:\x1b[m\x1b[K \x1b[01;35m\x1b[Kwarning: \x1b[m\x1b[K\xe2\x80\x98\x1b[01m\x1b[Kstatus_judge\x1b[m\x1b[K\xe2\x80\x99 defined but not used [\x1b[01;35m\x1b[K\x1b]8;;https://gcc.gnu.org/onlinedocs/gcc/Warning-Options.html#index-Wunused-variable\x07-Wunused-variable\x1b]8;;\x07\x1b[m\x1b[K]\n'}
[9.371020] (cspc_lidar) StderrLine: {'line': b'   62 |         static bool \x1b[01;35m\x1b[Kstatus_judge\x1b[m\x1b[K = false;     //\xe6\x95\xb4\xe4\xbd\x93\xe7\x8a\xb6\xe6\x80\x81\xe5\x88\xa4\xe6\x96\xad\n'}
[9.371096] (cspc_lidar) StderrLine: {'line': b'      |                     \x1b[01;35m\x1b[K^~~~~~~~~~~~\x1b[m\x1b[K\n'}
[9.463259] (-) TimerEvent: {}
[9.563675] (-) TimerEvent: {}
[9.664149] (-) TimerEvent: {}
[9.764927] (-) TimerEvent: {}
[9.865728] (-) TimerEvent: {}
[9.966881] (-) TimerEvent: {}
[10.067906] (-) TimerEvent: {}
[10.168810] (-) TimerEvent: {}
[10.270092] (-) TimerEvent: {}
[10.371093] (-) TimerEvent: {}
[10.471882] (-) TimerEvent: {}
[10.572620] (-) TimerEvent: {}
[10.673452] (-) TimerEvent: {}
[10.774315] (-) TimerEvent: {}
[10.875112] (-) TimerEvent: {}
[10.975895] (-) TimerEvent: {}
[11.076954] (-) TimerEvent: {}
[11.178082] (-) TimerEvent: {}
[11.278825] (-) TimerEvent: {}
[11.379533] (-) TimerEvent: {}
[11.480418] (-) TimerEvent: {}
[11.581035] (-) TimerEvent: {}
[11.681593] (-) TimerEvent: {}
[11.782320] (-) TimerEvent: {}
[11.882891] (-) TimerEvent: {}
[11.983291] (-) TimerEvent: {}
[12.083692] (-) TimerEvent: {}
[12.184091] (-) TimerEvent: {}
[12.284493] (-) TimerEvent: {}
[12.384859] (-) TimerEvent: {}
[12.485226] (-) TimerEvent: {}
[12.585595] (-) TimerEvent: {}
[12.685956] (-) TimerEvent: {}
[12.786342] (-) TimerEvent: {}
[12.886751] (-) TimerEvent: {}
[12.987265] (-) TimerEvent: {}
[13.087667] (-) TimerEvent: {}
[13.188043] (-) TimerEvent: {}
[13.288511] (-) TimerEvent: {}
[13.389233] (-) TimerEvent: {}
[13.489869] (-) TimerEvent: {}
[13.590693] (-) TimerEvent: {}
[13.691526] (-) TimerEvent: {}
[13.792385] (-) TimerEvent: {}
[13.893586] (-) TimerEvent: {}
[13.994724] (-) TimerEvent: {}
[14.095448] (-) TimerEvent: {}
[14.196155] (-) TimerEvent: {}
[14.297456] (-) TimerEvent: {}
[14.398512] (-) TimerEvent: {}
[14.499359] (-) TimerEvent: {}
[14.600106] (-) TimerEvent: {}
[14.701673] (-) TimerEvent: {}
[14.802983] (-) TimerEvent: {}
[14.904069] (-) TimerEvent: {}
[15.004842] (-) TimerEvent: {}
[15.105296] (-) TimerEvent: {}
[15.205923] (-) TimerEvent: {}
[15.306358] (-) TimerEvent: {}
[15.406793] (-) TimerEvent: {}
[15.507366] (-) TimerEvent: {}
[15.608238] (-) TimerEvent: {}
[15.708855] (-) TimerEvent: {}
[15.809372] (-) TimerEvent: {}
[15.909887] (-) TimerEvent: {}
[16.010317] (-) TimerEvent: {}
[16.110766] (-) TimerEvent: {}
[16.211176] (-) TimerEvent: {}
[16.311830] (-) TimerEvent: {}
[16.412984] (-) TimerEvent: {}
[16.513724] (-) TimerEvent: {}
[16.614628] (-) TimerEvent: {}
[16.715551] (-) TimerEvent: {}
[16.753960] (cspc_lidar) StderrLine: {'line': b'\x1b[01m\x1b[K/home/admin/workspace/host_udp_ws/src/cspc_lidar_sdk_ros2/src/node_lidar_ros.cpp:\x1b[m\x1b[K In function \xe2\x80\x98\x1b[01m\x1b[Kvoid Scan_to_PointCloud(LaserScan&, sensor_msgs::msg::PointCloud2&)\x1b[m\x1b[K\xe2\x80\x99:\n'}
[16.754603] (cspc_lidar) StderrLine: {'line': b'\x1b[01m\x1b[K/home/admin/workspace/host_udp_ws/src/cspc_lidar_sdk_ros2/src/node_lidar_ros.cpp:85:24:\x1b[m\x1b[K \x1b[01;35m\x1b[Kwarning: \x1b[m\x1b[Kcomparison of integer expressions of different signedness: \xe2\x80\x98\x1b[01m\x1b[Kint\x1b[m\x1b[K\xe2\x80\x99 and \xe2\x80\x98\x1b[01m\x1b[Kstd::vector<LaserPoint>::size_type\x1b[m\x1b[K\xe2\x80\x99 {aka \xe2\x80\x98\x1b[01m\x1b[Klong unsigned int\x1b[m\x1b[K\xe2\x80\x99} [\x1b[01;35m\x1b[K\x1b]8;;https://gcc.gnu.org/onlinedocs/gcc/Warning-Options.html#index-Wsign-compare\x07-Wsign-compare\x1b]8;;\x07\x1b[m\x1b[K]\n'}
[16.755060] (cspc_lidar) StderrLine: {'line': b'   85 |         for(int i = 0;\x1b[01;35m\x1b[Ki<scan.points.size()\x1b[m\x1b[K;i++)\n'}
[16.755405] (cspc_lidar) StderrLine: {'line': b'      |                       \x1b[01;35m\x1b[K~^~~~~~~~~~~~~~~~~~~\x1b[m\x1b[K\n'}
[16.787646] (cspc_lidar) StderrLine: {'line': b'\x1b[01m\x1b[K/home/admin/workspace/host_udp_ws/src/cspc_lidar_sdk_ros2/src/node_lidar_ros.cpp:\x1b[m\x1b[K In function \xe2\x80\x98\x1b[01m\x1b[Kint main(int, char**)\x1b[m\x1b[K\xe2\x80\x99:\n'}
[16.788256] (cspc_lidar) StderrLine: {'line': b'\x1b[01m\x1b[K/home/admin/workspace/host_udp_ws/src/cspc_lidar_sdk_ros2/src/node_lidar_ros.cpp:193:40:\x1b[m\x1b[K \x1b[01;35m\x1b[Kwarning: \x1b[m\x1b[Kcomparison of integer expressions of different signedness: \xe2\x80\x98\x1b[01m\x1b[Kint\x1b[m\x1b[K\xe2\x80\x99 and \xe2\x80\x98\x1b[01m\x1b[Kstd::vector<LaserPoint>::size_type\x1b[m\x1b[K\xe2\x80\x99 {aka \xe2\x80\x98\x1b[01m\x1b[Klong unsigned int\x1b[m\x1b[K\xe2\x80\x99} [\x1b[01;35m\x1b[K\x1b]8;;https://gcc.gnu.org/onlinedocs/gcc/Warning-Options.html#index-Wsign-compare\x07-Wsign-compare\x1b]8;;\x07\x1b[m\x1b[K]\n'}
[16.788690] (cspc_lidar) StderrLine: {'line': b'  193 |                         for(int i=0; \x1b[01;35m\x1b[Ki < scan.points.size()\x1b[m\x1b[K; i++) {\n'}
[16.789032] (cspc_lidar) StderrLine: {'line': b'      |                                      \x1b[01;35m\x1b[K~~^~~~~~~~~~~~~~~~~~~~\x1b[m\x1b[K\n'}
[16.815727] (-) TimerEvent: {}
[16.916557] (-) TimerEvent: {}
[17.017471] (-) TimerEvent: {}
[17.118261] (-) TimerEvent: {}
[17.219163] (-) TimerEvent: {}
[17.320019] (-) TimerEvent: {}
[17.421044] (-) TimerEvent: {}
[17.521948] (-) TimerEvent: {}
[17.623036] (-) TimerEvent: {}
[17.723830] (-) TimerEvent: {}
[17.824675] (-) TimerEvent: {}
[17.925618] (-) TimerEvent: {}
[18.026463] (-) TimerEvent: {}
[18.127277] (-) TimerEvent: {}
[18.227930] (-) TimerEvent: {}
[18.329035] (-) TimerEvent: {}
[18.429400] (-) TimerEvent: {}
[18.529879] (-) TimerEvent: {}
[18.630653] (-) TimerEvent: {}
[18.731586] (-) TimerEvent: {}
[18.832566] (-) TimerEvent: {}
[18.933379] (-) TimerEvent: {}
[19.034123] (-) TimerEvent: {}
[19.134887] (-) TimerEvent: {}
[19.235769] (-) TimerEvent: {}
[19.336623] (-) TimerEvent: {}
[19.437908] (-) TimerEvent: {}
[19.538764] (-) TimerEvent: {}
[19.639570] (-) TimerEvent: {}
[19.740601] (-) TimerEvent: {}
[19.841941] (-) TimerEvent: {}
[19.942890] (-) TimerEvent: {}
[20.043781] (-) TimerEvent: {}
[20.144595] (-) TimerEvent: {}
[20.245586] (-) TimerEvent: {}
[20.346377] (-) TimerEvent: {}
[20.447152] (-) TimerEvent: {}
[20.547853] (-) TimerEvent: {}
[20.648970] (-) TimerEvent: {}
[20.749681] (-) TimerEvent: {}
[20.850520] (-) TimerEvent: {}
[20.951364] (-) TimerEvent: {}
[21.051974] (-) TimerEvent: {}
[21.152790] (-) TimerEvent: {}
[21.253667] (-) TimerEvent: {}
[21.354124] (-) TimerEvent: {}
[21.454577] (-) TimerEvent: {}
[21.555019] (-) TimerEvent: {}
[21.655462] (-) TimerEvent: {}
[21.755974] (-) TimerEvent: {}
[21.856536] (-) TimerEvent: {}
[21.957106] (-) TimerEvent: {}
[22.057596] (-) TimerEvent: {}
[22.158068] (-) TimerEvent: {}
[22.258660] (-) TimerEvent: {}
[22.359179] (-) TimerEvent: {}
[22.459948] (-) TimerEvent: {}
[22.560816] (-) TimerEvent: {}
[22.661796] (-) TimerEvent: {}
[22.762771] (-) TimerEvent: {}
[22.863844] (-) TimerEvent: {}
[22.964713] (-) TimerEvent: {}
[23.065509] (-) TimerEvent: {}
[23.166349] (-) TimerEvent: {}
[23.267211] (-) TimerEvent: {}
[23.367714] (-) TimerEvent: {}
[23.468124] (-) TimerEvent: {}
[23.568498] (-) TimerEvent: {}
[23.668892] (-) TimerEvent: {}
[23.769335] (-) TimerEvent: {}
[23.869747] (-) TimerEvent: {}
[23.970203] (-) TimerEvent: {}
[24.071121] (-) TimerEvent: {}
[24.172318] (-) TimerEvent: {}
[24.273087] (-) TimerEvent: {}
[24.373959] (-) TimerEvent: {}
[24.475083] (-) TimerEvent: {}
[24.576410] (-) TimerEvent: {}
[24.677961] (-) TimerEvent: {}
[24.778684] (-) TimerEvent: {}
[24.879351] (-) TimerEvent: {}
[24.979901] (-) TimerEvent: {}
[25.080281] (-) TimerEvent: {}
[25.180674] (-) TimerEvent: {}
[25.281069] (-) TimerEvent: {}
[25.381503] (-) TimerEvent: {}
[25.481975] (-) TimerEvent: {}
[25.582613] (-) TimerEvent: {}
[25.682991] (-) TimerEvent: {}
[25.783496] (-) TimerEvent: {}
[25.884462] (-) TimerEvent: {}
[25.985283] (-) TimerEvent: {}
[26.086031] (-) TimerEvent: {}
[26.186759] (-) TimerEvent: {}
[26.287501] (-) TimerEvent: {}
[26.388207] (-) TimerEvent: {}
[26.489080] (-) TimerEvent: {}
[26.589875] (-) TimerEvent: {}
[26.690774] (-) TimerEvent: {}
[26.791547] (-) TimerEvent: {}
[26.892253] (-) TimerEvent: {}
[26.993077] (-) TimerEvent: {}
[27.094147] (-) TimerEvent: {}
[27.196320] (-) TimerEvent: {}
[27.297151] (-) TimerEvent: {}
[27.397588] (-) TimerEvent: {}
[27.498101] (-) TimerEvent: {}
[27.598706] (-) TimerEvent: {}
[27.699247] (-) TimerEvent: {}
[27.799815] (-) TimerEvent: {}
[27.900203] (-) TimerEvent: {}
[28.000678] (-) TimerEvent: {}
[28.101152] (-) TimerEvent: {}
[28.201794] (-) TimerEvent: {}
[28.302550] (-) TimerEvent: {}
[28.403150] (-) TimerEvent: {}
[28.503781] (-) TimerEvent: {}
[28.604475] (-) TimerEvent: {}
[28.654273] (cspc_lidar) StdoutLine: {'line': b'[100%] \x1b[32m\x1b[1mLinking CXX executable cspc_lidar\x1b[0m\n'}
[28.705396] (-) TimerEvent: {}
[28.806032] (-) TimerEvent: {}
[28.906593] (-) TimerEvent: {}
[29.007089] (-) TimerEvent: {}
[29.107623] (-) TimerEvent: {}
[29.208165] (-) TimerEvent: {}
[29.308685] (-) TimerEvent: {}
[29.409100] (-) TimerEvent: {}
[29.509513] (-) TimerEvent: {}
[29.610077] (-) TimerEvent: {}
[29.710681] (-) TimerEvent: {}
[29.811423] (-) TimerEvent: {}
[29.912233] (-) TimerEvent: {}
[30.013012] (-) TimerEvent: {}
[30.113701] (-) TimerEvent: {}
[30.214127] (-) TimerEvent: {}
[30.314740] (-) TimerEvent: {}
[30.415244] (-) TimerEvent: {}
[30.418110] (cspc_lidar) StdoutLine: {'line': b'[100%] Built target cspc_lidar\n'}
[30.458926] (cspc_lidar) CommandEnded: {'returncode': 0}
[30.460783] (cspc_lidar) JobProgress: {'identifier': 'cspc_lidar', 'progress': 'install'}
[30.494240] (cspc_lidar) Command: {'cmd': ['/usr/bin/cmake', '--install', '/home/admin/workspace/host_udp_ws/build/cspc_lidar'], 'cwd': '/home/admin/workspace/host_udp_ws/build/cspc_lidar', 'env': OrderedDict([('PYTHON_BASIC_REPL', '1'), ('LESSOPEN', '| /usr/bin/lesspipe %s'), ('UMS_MOUNTPOINT', '/mnt/ums'), ('GST_V4L2_PREFERRED_FOURCC', 'NV12:YU12:NV16:YUY2'), ('LANGUAGE', 'en_US.UTF-8'), ('USER', 'admin'), ('SSH_CLIENT', '192.168.88.69 65509 22'), ('XDG_SESSION_TYPE', 'tty'), ('GIT_ASKPASS', '/home/admin/.vscode-server/cli/servers/Stable-6a44c352bd24569c417e530095901b649960f9f8/server/extensions/git/dist/askpass.sh'), ('SHLVL', '1'), ('USB_FUNCS', 'adb'), ('LD_LIBRARY_PATH', '/opt/ros/humble/opt/rviz_ogre_vendor/lib:/opt/ros/humble/lib/aarch64-linux-gnu:/opt/ros/humble/lib'), ('BROWSER', '/home/admin/.vscode-server/cli/servers/Stable-6a44c352bd24569c417e530095901b649960f9f8/server/bin/helpers/browser.sh'), ('MOTD_SHOWN', 'pam'), ('HOME', '/home/admin'), ('OLDPWD', '/home/admin/workspace/host_udp_ws'), ('TERM_PROGRAM_VERSION', '1.123.0'), ('VSCODE_IPC_HOOK_CLI', '/run/user/1000/vscode-ipc-40d54a3c-d885-4dbc-9e6f-962942b24f34.sock'), ('GST_INSPECT_NO_COLORS', '1'), ('GST_MPP_NO_RGA', '1'), ('ROS_PYTHON_VERSION', '3'), ('COGL_DRIVER', 'gles2'), ('VSCODE_GIT_ASKPASS_MAIN', '/home/admin/.vscode-server/cli/servers/Stable-6a44c352bd24569c417e530095901b649960f9f8/server/extensions/git/dist/askpass-main.js'), ('PS1', '\\[\x1b]633;A\x07\\]\\[\x1b]633;A\x07\\]\\[\\e]0;\\u@\\h: \\w\\a\\]${debian_chroot:+($debian_chroot)}\\[\\033[01;32m\\]\\u@\\h\\[\\033[00m\\]:\\[\\033[01;34m\\]\\w\\[\\033[00m\\]\\$ \\[\x1b]633;B\x07\\]\\[\x1b]633;B\x07\\]'), ('VSCODE_GIT_ASKPASS_NODE', '/home/admin/.vscode-server/cli/servers/Stable-6a44c352bd24569c417e530095901b649960f9f8/server/node'), ('PYDEVD_DISABLE_FILE_VALIDATION', '1'), ('BUNDLED_DEBUGPY_PATH', '/home/admin/.vscode-server/extensions/ms-python.debugpy-2026.6.0-linux-arm64/bundled/libs/debugpy'), ('VSCODE_PYTHON_AUTOACTIVATE_GUARD', '1'), ('DBUS_SESSION_BUS_ADDRESS', 'unix:path=/run/user/1000/bus'), ('COLORTERM', 'truecolor'), ('GST_V4L2SRC_MAX_RESOLUTION', '3840x2160'), ('ROS_DISTRO', 'humble'), ('LOGNAME', 'admin'), ('_', '/usr/bin/colcon'), ('ROS_VERSION', '2'), ('XDG_SESSION_CLASS', 'user'), ('TERM', 'xterm-256color'), ('GST_GL_API', 'gles2'), ('XDG_SESSION_ID', '8'), ('GST_VIDEO_CONVERT_PREFERRED_FORMAT', 'NV12:NV16:I420:YUY2'), ('GST_V4L2SRC_RK_DEVICES', '_mainpath:_selfpath:_bypass:_scale'), ('ROS_LOCALHOST_ONLY', '1'), ('PATH', '/home/admin/.vscode-server/cli/servers/Stable-6a44c352bd24569c417e530095901b649960f9f8/server/bin/remote-cli:/home/admin/.local/bin:/opt/ros/humble/bin:/home/admin/.local/bin:/usr/local/sbin:/usr/local/bin:/usr/sbin:/usr/bin:/sbin:/bin:/usr/games:/usr/local/games:/snap/bin:/home/admin/.vscode-server/extensions/ms-python.debugpy-2026.6.0-linux-arm64/bundled/scripts/noConfigScripts'), ('XDG_RUNTIME_DIR', '/run/user/1000'), ('GST_GL_PLATFORM', 'egl'), ('GST_DEBUG_NO_COLOR', '1'), ('GST_V4L2SRC_DEFAULT_DEVICE', '/dev/video-camera0'), ('DISPLAY', ':0'), ('VSCODE_DEBUGPY_ADAPTER_ENDPOINTS', '/home/admin/.vscode-server/extensions/ms-python.debugpy-2026.6.0-linux-arm64/.noConfigDebugAdapterEndpoints/endpoint-d4243ace2b6376e9.txt'), ('LANG', 'en_US.UTF-8'), ('PYTHONSTARTUP', '/home/admin/.vscode-server/data/User/workspaceStorage/2a4873d7ff7a1bb6e3391ee746fb9efe-1/ms-python.python/pythonrc.py'), ('LS_COLORS', 'rs=0:di=01;34:ln=01;36:mh=00:pi=40;33:so=01;35:do=01;35:bd=40;33;01:cd=40;33;01:or=40;31;01:mi=00:su=37;41:sg=30;43:ca=30;41:tw=30;42:ow=34;42:st=37;44:ex=01;32:*.tar=01;31:*.tgz=01;31:*.arc=01;31:*.arj=01;31:*.taz=01;31:*.lha=01;31:*.lz4=01;31:*.lzh=01;31:*.lzma=01;31:*.tlz=01;31:*.txz=01;31:*.tzo=01;31:*.t7z=01;31:*.zip=01;31:*.z=01;31:*.dz=01;31:*.gz=01;31:*.lrz=01;31:*.lz=01;31:*.lzo=01;31:*.xz=01;31:*.zst=01;31:*.tzst=01;31:*.bz2=01;31:*.bz=01;31:*.tbz=01;31:*.tbz2=01;31:*.tz=01;31:*.deb=01;31:*.rpm=01;31:*.jar=01;31:*.war=01;31:*.ear=01;31:*.sar=01;31:*.rar=01;31:*.alz=01;31:*.ace=01;31:*.zoo=01;31:*.cpio=01;31:*.7z=01;31:*.rz=01;31:*.cab=01;31:*.wim=01;31:*.swm=01;31:*.dwm=01;31:*.esd=01;31:*.jpg=01;35:*.jpeg=01;35:*.mjpg=01;35:*.mjpeg=01;35:*.gif=01;35:*.bmp=01;35:*.pbm=01;35:*.pgm=01;35:*.ppm=01;35:*.tga=01;35:*.xbm=01;35:*.xpm=01;35:*.tif=01;35:*.tiff=01;35:*.png=01;35:*.svg=01;35:*.svgz=01;35:*.mng=01;35:*.pcx=01;35:*.mov=01;35:*.mpg=01;35:*.mpeg=01;35:*.m2v=01;35:*.mkv=01;35:*.webm=01;35:*.webp=01;35:*.ogm=01;35:*.mp4=01;35:*.m4v=01;35:*.mp4v=01;35:*.vob=01;35:*.qt=01;35:*.nuv=01;35:*.wmv=01;35:*.asf=01;35:*.rm=01;35:*.rmvb=01;35:*.flc=01;35:*.avi=01;35:*.fli=01;35:*.flv=01;35:*.gl=01;35:*.dl=01;35:*.xcf=01;35:*.xwd=01;35:*.yuv=01;35:*.cgm=01;35:*.emf=01;35:*.ogv=01;35:*.ogx=01;35:*.aac=00;36:*.au=00;36:*.flac=00;36:*.m4a=00;36:*.mid=00;36:*.midi=00;36:*.mka=00;36:*.mp3=00;36:*.mpc=00;36:*.ogg=00;36:*.ra=00;36:*.wav=00;36:*.oga=00;36:*.opus=00;36:*.spx=00;36:*.xspf=00;36:'), ('VSCODE_GIT_IPC_HANDLE', '/run/user/1000/vscode-git-de57f957e7.sock'), ('TERM_PROGRAM', 'vscode'), ('GST_V4L2_USE_LIBV4L2', '1'), ('UMS_SIZE', '256M'), ('AMENT_PREFIX_PATH', '/opt/ros/humble'), ('LC_MESSAGES', 'en_US.UTF-8'), ('SHELL', '/bin/bash'), ('UMS_RO', '0'), ('LESSCLOSE', '/usr/bin/lesspipe %s %s'), ('UMS_FSTYPE', 'vfat'), ('VSCODE_GIT_ASKPASS_EXTRA_ARGS', ''), ('PWD', '/home/admin/workspace/host_udp_ws/build/cspc_lidar'), ('LC_ALL', 'en_US.UTF-8'), ('SSH_CONNECTION', '192.168.88.69 65509 192.168.88.181 22'), ('PYTHONPATH', '/opt/ros/humble/lib/python3.10/site-packages:/opt/ros/humble/local/lib/python3.10/dist-packages'), ('UMS_MOUNT', '0'), ('COLCON', '1'), ('UMS_FILE', '/userdata/ums_shared.img'), ('CMAKE_PREFIX_PATH', '/opt/ros/humble')]), 'shell': False}
[30.515505] (-) TimerEvent: {}
[30.520338] (cspc_lidar) StdoutLine: {'line': b'-- Install configuration: ""\n'}
[30.521255] (cspc_lidar) StdoutLine: {'line': b'-- Installing: /home/admin/workspace/host_udp_ws/install/cspc_lidar/lib/cspc_lidar/cspc_lidar\n'}
[30.534926] (cspc_lidar) StdoutLine: {'line': b'-- Set runtime path of "/home/admin/workspace/host_udp_ws/install/cspc_lidar/lib/cspc_lidar/cspc_lidar" to ""\n'}
[30.535908] (cspc_lidar) StdoutLine: {'line': b'-- Installing: /home/admin/workspace/host_udp_ws/install/cspc_lidar/lib/cspc_lidar/front_distance_tester.py\n'}
[30.536527] (cspc_lidar) StdoutLine: {'line': b'-- Installing: /home/admin/workspace/host_udp_ws/install/cspc_lidar/share/cspc_lidar/launch\n'}
[30.536876] (cspc_lidar) StdoutLine: {'line': b'-- Installing: /home/admin/workspace/host_udp_ws/install/cspc_lidar/share/cspc_lidar/launch/lidar_launch.py\n'}
[30.537255] (cspc_lidar) StdoutLine: {'line': b'-- Installing: /home/admin/workspace/host_udp_ws/install/cspc_lidar/share/cspc_lidar/launch/lidar_rviz.py\n'}
[30.537604] (cspc_lidar) StdoutLine: {'line': b'-- Installing: /home/admin/workspace/host_udp_ws/install/cspc_lidar/share/cspc_lidar/params\n'}
[30.537946] (cspc_lidar) StdoutLine: {'line': b'-- Installing: /home/admin/workspace/host_udp_ws/install/cspc_lidar/share/cspc_lidar/params/cspc_lidar.yaml\n'}
[30.538290] (cspc_lidar) StdoutLine: {'line': b'-- Installing: /home/admin/workspace/host_udp_ws/install/cspc_lidar/share/ament_index/resource_index/package_run_dependencies/cspc_lidar\n'}
[30.538662] (cspc_lidar) StdoutLine: {'line': b'-- Installing: /home/admin/workspace/host_udp_ws/install/cspc_lidar/share/ament_index/resource_index/parent_prefix_path/cspc_lidar\n'}
[30.539889] (cspc_lidar) StdoutLine: {'line': b'-- Installing: /home/admin/workspace/host_udp_ws/install/cspc_lidar/share/cspc_lidar/environment/ament_prefix_path.sh\n'}
[30.540252] (cspc_lidar) StdoutLine: {'line': b'-- Installing: /home/admin/workspace/host_udp_ws/install/cspc_lidar/share/cspc_lidar/environment/ament_prefix_path.dsv\n'}
[30.540948] (cspc_lidar) StdoutLine: {'line': b'-- Installing: /home/admin/workspace/host_udp_ws/install/cspc_lidar/share/cspc_lidar/environment/path.sh\n'}
[30.541321] (cspc_lidar) StdoutLine: {'line': b'-- Installing: /home/admin/workspace/host_udp_ws/install/cspc_lidar/share/cspc_lidar/environment/path.dsv\n'}
[30.541965] (cspc_lidar) StdoutLine: {'line': b'-- Installing: /home/admin/workspace/host_udp_ws/install/cspc_lidar/share/cspc_lidar/local_setup.bash\n'}
[30.542815] (cspc_lidar) StdoutLine: {'line': b'-- Installing: /home/admin/workspace/host_udp_ws/install/cspc_lidar/share/cspc_lidar/local_setup.sh\n'}
[30.544259] (cspc_lidar) StdoutLine: {'line': b'-- Installing: /home/admin/workspace/host_udp_ws/install/cspc_lidar/share/cspc_lidar/local_setup.zsh\n'}
[30.545065] (cspc_lidar) StdoutLine: {'line': b'-- Installing: /home/admin/workspace/host_udp_ws/install/cspc_lidar/share/cspc_lidar/local_setup.dsv\n'}
[30.545686] (cspc_lidar) StdoutLine: {'line': b'-- Installing: /home/admin/workspace/host_udp_ws/install/cspc_lidar/share/cspc_lidar/package.dsv\n'}
[30.546212] (cspc_lidar) StdoutLine: {'line': b'-- Installing: /home/admin/workspace/host_udp_ws/install/cspc_lidar/share/ament_index/resource_index/packages/cspc_lidar\n'}
[30.546816] (cspc_lidar) StdoutLine: {'line': b'-- Installing: /home/admin/workspace/host_udp_ws/install/cspc_lidar/share/cspc_lidar/cmake/cspc_lidarConfig.cmake\n'}
[30.547541] (cspc_lidar) StdoutLine: {'line': b'-- Installing: /home/admin/workspace/host_udp_ws/install/cspc_lidar/share/cspc_lidar/cmake/cspc_lidarConfig-version.cmake\n'}
[30.548063] (cspc_lidar) StdoutLine: {'line': b'-- Installing: /home/admin/workspace/host_udp_ws/install/cspc_lidar/share/cspc_lidar/package.xml\n'}
[30.548513] (cspc_lidar) CommandEnded: {'returncode': 0}
[30.586840] (cspc_lidar) JobEnded: {'identifier': 'cspc_lidar', 'rc': 0}
[30.594502] (dog_udp_comm) JobStarted: {'identifier': 'dog_udp_comm'}
[30.604856] (dog_udp_comm) JobProgress: {'identifier': 'dog_udp_comm', 'progress': 'cmake'}
[30.605130] (dog_udp_comm) Command: {'cmd': ['/usr/bin/cmake', '/home/admin/workspace/host_udp_ws/src/dog_udp_comm', '-DCMAKE_INSTALL_PREFIX=/home/admin/workspace/host_udp_ws/install/dog_udp_comm'], 'cwd': '/home/admin/workspace/host_udp_ws/build/dog_udp_comm', 'env': OrderedDict([('PYTHON_BASIC_REPL', '1'), ('LESSOPEN', '| /usr/bin/lesspipe %s'), ('UMS_MOUNTPOINT', '/mnt/ums'), ('GST_V4L2_PREFERRED_FOURCC', 'NV12:YU12:NV16:YUY2'), ('LANGUAGE', 'en_US.UTF-8'), ('USER', 'admin'), ('SSH_CLIENT', '192.168.88.69 65509 22'), ('XDG_SESSION_TYPE', 'tty'), ('GIT_ASKPASS', '/home/admin/.vscode-server/cli/servers/Stable-6a44c352bd24569c417e530095901b649960f9f8/server/extensions/git/dist/askpass.sh'), ('SHLVL', '1'), ('USB_FUNCS', 'adb'), ('LD_LIBRARY_PATH', '/opt/ros/humble/opt/rviz_ogre_vendor/lib:/opt/ros/humble/lib/aarch64-linux-gnu:/opt/ros/humble/lib'), ('BROWSER', '/home/admin/.vscode-server/cli/servers/Stable-6a44c352bd24569c417e530095901b649960f9f8/server/bin/helpers/browser.sh'), ('MOTD_SHOWN', 'pam'), ('HOME', '/home/admin'), ('OLDPWD', '/home/admin/workspace/host_udp_ws'), ('TERM_PROGRAM_VERSION', '1.123.0'), ('VSCODE_IPC_HOOK_CLI', '/run/user/1000/vscode-ipc-40d54a3c-d885-4dbc-9e6f-962942b24f34.sock'), ('GST_INSPECT_NO_COLORS', '1'), ('GST_MPP_NO_RGA', '1'), ('ROS_PYTHON_VERSION', '3'), ('COGL_DRIVER', 'gles2'), ('VSCODE_GIT_ASKPASS_MAIN', '/home/admin/.vscode-server/cli/servers/Stable-6a44c352bd24569c417e530095901b649960f9f8/server/extensions/git/dist/askpass-main.js'), ('PS1', '\\[\x1b]633;A\x07\\]\\[\x1b]633;A\x07\\]\\[\\e]0;\\u@\\h: \\w\\a\\]${debian_chroot:+($debian_chroot)}\\[\\033[01;32m\\]\\u@\\h\\[\\033[00m\\]:\\[\\033[01;34m\\]\\w\\[\\033[00m\\]\\$ \\[\x1b]633;B\x07\\]\\[\x1b]633;B\x07\\]'), ('VSCODE_GIT_ASKPASS_NODE', '/home/admin/.vscode-server/cli/servers/Stable-6a44c352bd24569c417e530095901b649960f9f8/server/node'), ('PYDEVD_DISABLE_FILE_VALIDATION', '1'), ('BUNDLED_DEBUGPY_PATH', '/home/admin/.vscode-server/extensions/ms-python.debugpy-2026.6.0-linux-arm64/bundled/libs/debugpy'), ('VSCODE_PYTHON_AUTOACTIVATE_GUARD', '1'), ('DBUS_SESSION_BUS_ADDRESS', 'unix:path=/run/user/1000/bus'), ('COLORTERM', 'truecolor'), ('GST_V4L2SRC_MAX_RESOLUTION', '3840x2160'), ('ROS_DISTRO', 'humble'), ('LOGNAME', 'admin'), ('_', '/usr/bin/colcon'), ('ROS_VERSION', '2'), ('XDG_SESSION_CLASS', 'user'), ('TERM', 'xterm-256color'), ('GST_GL_API', 'gles2'), ('XDG_SESSION_ID', '8'), ('GST_VIDEO_CONVERT_PREFERRED_FORMAT', 'NV12:NV16:I420:YUY2'), ('GST_V4L2SRC_RK_DEVICES', '_mainpath:_selfpath:_bypass:_scale'), ('ROS_LOCALHOST_ONLY', '1'), ('PATH', '/home/admin/.vscode-server/cli/servers/Stable-6a44c352bd24569c417e530095901b649960f9f8/server/bin/remote-cli:/home/admin/.local/bin:/opt/ros/humble/bin:/home/admin/.local/bin:/usr/local/sbin:/usr/local/bin:/usr/sbin:/usr/bin:/sbin:/bin:/usr/games:/usr/local/games:/snap/bin:/home/admin/.vscode-server/extensions/ms-python.debugpy-2026.6.0-linux-arm64/bundled/scripts/noConfigScripts'), ('XDG_RUNTIME_DIR', '/run/user/1000'), ('GST_GL_PLATFORM', 'egl'), ('GST_DEBUG_NO_COLOR', '1'), ('GST_V4L2SRC_DEFAULT_DEVICE', '/dev/video-camera0'), ('DISPLAY', ':0'), ('VSCODE_DEBUGPY_ADAPTER_ENDPOINTS', '/home/admin/.vscode-server/extensions/ms-python.debugpy-2026.6.0-linux-arm64/.noConfigDebugAdapterEndpoints/endpoint-d4243ace2b6376e9.txt'), ('LANG', 'en_US.UTF-8'), ('PYTHONSTARTUP', '/home/admin/.vscode-server/data/User/workspaceStorage/2a4873d7ff7a1bb6e3391ee746fb9efe-1/ms-python.python/pythonrc.py'), ('LS_COLORS', 'rs=0:di=01;34:ln=01;36:mh=00:pi=40;33:so=01;35:do=01;35:bd=40;33;01:cd=40;33;01:or=40;31;01:mi=00:su=37;41:sg=30;43:ca=30;41:tw=30;42:ow=34;42:st=37;44:ex=01;32:*.tar=01;31:*.tgz=01;31:*.arc=01;31:*.arj=01;31:*.taz=01;31:*.lha=01;31:*.lz4=01;31:*.lzh=01;31:*.lzma=01;31:*.tlz=01;31:*.txz=01;31:*.tzo=01;31:*.t7z=01;31:*.zip=01;31:*.z=01;31:*.dz=01;31:*.gz=01;31:*.lrz=01;31:*.lz=01;31:*.lzo=01;31:*.xz=01;31:*.zst=01;31:*.tzst=01;31:*.bz2=01;31:*.bz=01;31:*.tbz=01;31:*.tbz2=01;31:*.tz=01;31:*.deb=01;31:*.rpm=01;31:*.jar=01;31:*.war=01;31:*.ear=01;31:*.sar=01;31:*.rar=01;31:*.alz=01;31:*.ace=01;31:*.zoo=01;31:*.cpio=01;31:*.7z=01;31:*.rz=01;31:*.cab=01;31:*.wim=01;31:*.swm=01;31:*.dwm=01;31:*.esd=01;31:*.jpg=01;35:*.jpeg=01;35:*.mjpg=01;35:*.mjpeg=01;35:*.gif=01;35:*.bmp=01;35:*.pbm=01;35:*.pgm=01;35:*.ppm=01;35:*.tga=01;35:*.xbm=01;35:*.xpm=01;35:*.tif=01;35:*.tiff=01;35:*.png=01;35:*.svg=01;35:*.svgz=01;35:*.mng=01;35:*.pcx=01;35:*.mov=01;35:*.mpg=01;35:*.mpeg=01;35:*.m2v=01;35:*.mkv=01;35:*.webm=01;35:*.webp=01;35:*.ogm=01;35:*.mp4=01;35:*.m4v=01;35:*.mp4v=01;35:*.vob=01;35:*.qt=01;35:*.nuv=01;35:*.wmv=01;35:*.asf=01;35:*.rm=01;35:*.rmvb=01;35:*.flc=01;35:*.avi=01;35:*.fli=01;35:*.flv=01;35:*.gl=01;35:*.dl=01;35:*.xcf=01;35:*.xwd=01;35:*.yuv=01;35:*.cgm=01;35:*.emf=01;35:*.ogv=01;35:*.ogx=01;35:*.aac=00;36:*.au=00;36:*.flac=00;36:*.m4a=00;36:*.mid=00;36:*.midi=00;36:*.mka=00;36:*.mp3=00;36:*.mpc=00;36:*.ogg=00;36:*.ra=00;36:*.wav=00;36:*.oga=00;36:*.opus=00;36:*.spx=00;36:*.xspf=00;36:'), ('VSCODE_GIT_IPC_HANDLE', '/run/user/1000/vscode-git-de57f957e7.sock'), ('TERM_PROGRAM', 'vscode'), ('GST_V4L2_USE_LIBV4L2', '1'), ('UMS_SIZE', '256M'), ('AMENT_PREFIX_PATH', '/home/admin/workspace/host_udp_ws/install/cspc_lidar:/opt/ros/humble'), ('LC_MESSAGES', 'en_US.UTF-8'), ('SHELL', '/bin/bash'), ('UMS_RO', '0'), ('LESSCLOSE', '/usr/bin/lesspipe %s %s'), ('UMS_FSTYPE', 'vfat'), ('VSCODE_GIT_ASKPASS_EXTRA_ARGS', ''), ('PWD', '/home/admin/workspace/host_udp_ws/build/dog_udp_comm'), ('LC_ALL', 'en_US.UTF-8'), ('SSH_CONNECTION', '192.168.88.69 65509 192.168.88.181 22'), ('PYTHONPATH', '/opt/ros/humble/lib/python3.10/site-packages:/opt/ros/humble/local/lib/python3.10/dist-packages'), ('UMS_MOUNT', '0'), ('COLCON', '1'), ('UMS_FILE', '/userdata/ums_shared.img'), ('CMAKE_PREFIX_PATH', '/home/admin/workspace/host_udp_ws/install/cspc_lidar:/opt/ros/humble')]), 'shell': False}
[30.615817] (-) TimerEvent: {}
[30.716292] (-) TimerEvent: {}
[30.773645] (dog_udp_comm) StdoutLine: {'line': b'-- The C compiler identification is GNU 11.4.0\n'}
[30.816410] (-) TimerEvent: {}
[30.917735] (-) TimerEvent: {}
[30.933348] (dog_udp_comm) StdoutLine: {'line': b'-- The CXX compiler identification is GNU 11.4.0\n'}
[30.953659] (dog_udp_comm) StdoutLine: {'line': b'-- Detecting C compiler ABI info\n'}
[31.017861] (-) TimerEvent: {}
[31.118330] (-) TimerEvent: {}
[31.179279] (dog_udp_comm) StdoutLine: {'line': b'-- Detecting C compiler ABI info - done\n'}
[31.193495] (dog_udp_comm) StdoutLine: {'line': b'-- Check for working C compiler: /usr/bin/cc - skipped\n'}
[31.194495] (dog_udp_comm) StdoutLine: {'line': b'-- Detecting C compile features\n'}
[31.194830] (dog_udp_comm) StdoutLine: {'line': b'-- Detecting C compile features - done\n'}
[31.198673] (dog_udp_comm) StdoutLine: {'line': b'-- Detecting CXX compiler ABI info\n'}
[31.218492] (-) TimerEvent: {}
[31.319101] (-) TimerEvent: {}
[31.419716] (-) TimerEvent: {}
[31.454267] (dog_udp_comm) StdoutLine: {'line': b'-- Detecting CXX compiler ABI info - done\n'}
[31.501439] (dog_udp_comm) StdoutLine: {'line': b'-- Check for working CXX compiler: /usr/bin/c++ - skipped\n'}
[31.502609] (dog_udp_comm) StdoutLine: {'line': b'-- Detecting CXX compile features\n'}
[31.504911] (dog_udp_comm) StdoutLine: {'line': b'-- Detecting CXX compile features - done\n'}
[31.511545] (dog_udp_comm) StdoutLine: {'line': b'-- Found ament_cmake: 1.3.14 (/opt/ros/humble/share/ament_cmake/cmake)\n'}
[31.519946] (-) TimerEvent: {}
[31.620622] (-) TimerEvent: {}
[31.720987] (-) TimerEvent: {}
[31.821622] (-) TimerEvent: {}
[31.845040] (dog_udp_comm) StdoutLine: {'line': b'-- Found Python3: /usr/bin/python3 (found version "3.10.12") found components: Interpreter \n'}
[31.921698] (-) TimerEvent: {}
[32.022189] (-) TimerEvent: {}
[32.030433] (dog_udp_comm) StdoutLine: {'line': b'-- Found rclcpp: 16.0.19 (/opt/ros/humble/share/rclcpp/cmake)\n'}
[32.085627] (dog_udp_comm) StdoutLine: {'line': b'-- Found rosidl_generator_c: 3.1.8 (/opt/ros/humble/share/rosidl_generator_c/cmake)\n'}
[32.092120] (dog_udp_comm) StdoutLine: {'line': b'-- Found rosidl_adapter: 3.1.8 (/opt/ros/humble/share/rosidl_adapter/cmake)\n'}
[32.103466] (dog_udp_comm) StdoutLine: {'line': b'-- Found rosidl_generator_cpp: 3.1.8 (/opt/ros/humble/share/rosidl_generator_cpp/cmake)\n'}
[32.119313] (dog_udp_comm) StdoutLine: {'line': b'-- Using all available rosidl_typesupport_c: rosidl_typesupport_fastrtps_c;rosidl_typesupport_introspection_c\n'}
[32.122241] (-) TimerEvent: {}
[32.140718] (dog_udp_comm) StdoutLine: {'line': b'-- Using all available rosidl_typesupport_cpp: rosidl_typesupport_fastrtps_cpp;rosidl_typesupport_introspection_cpp\n'}
[32.202146] (dog_udp_comm) StdoutLine: {'line': b'-- Found rmw_implementation_cmake: 6.1.2 (/opt/ros/humble/share/rmw_implementation_cmake/cmake)\n'}
[32.205540] (dog_udp_comm) StdoutLine: {'line': b'-- Found rmw_fastrtps_cpp: 6.2.10 (/opt/ros/humble/share/rmw_fastrtps_cpp/cmake)\n'}
[32.222378] (-) TimerEvent: {}
[32.322908] (-) TimerEvent: {}
[32.406869] (dog_udp_comm) StdoutLine: {'line': b'-- Found OpenSSL: /usr/lib/aarch64-linux-gnu/libcrypto.so (found version "3.0.2")  \n'}
[32.423146] (-) TimerEvent: {}
[32.479249] (dog_udp_comm) StdoutLine: {'line': b'-- Found FastRTPS: /opt/ros/humble/include  \n'}
[32.523355] (-) TimerEvent: {}
[32.548059] (dog_udp_comm) StdoutLine: {'line': b"-- Using RMW implementation 'rmw_fastrtps_cpp' as default\n"}
[32.561339] (dog_udp_comm) StdoutLine: {'line': b'-- Looking for pthread.h\n'}
[32.623662] (-) TimerEvent: {}
[32.725013] (-) TimerEvent: {}
[32.779019] (dog_udp_comm) StdoutLine: {'line': b'-- Looking for pthread.h - found\n'}
[32.779838] (dog_udp_comm) StdoutLine: {'line': b'-- Performing Test CMAKE_HAVE_LIBC_PTHREAD\n'}
[32.825098] (-) TimerEvent: {}
[32.926004] (-) TimerEvent: {}
[32.978585] (dog_udp_comm) StdoutLine: {'line': b'-- Performing Test CMAKE_HAVE_LIBC_PTHREAD - Success\n'}
[32.980361] (dog_udp_comm) StdoutLine: {'line': b'-- Found Threads: TRUE  \n'}
[33.026148] (-) TimerEvent: {}
[33.062380] (dog_udp_comm) StdoutLine: {'line': b'-- Found rclpy: 3.3.21 (/opt/ros/humble/share/rclpy/cmake)\n'}
[33.063850] (dog_udp_comm) StdoutLine: {'line': b'-- Found geometry_msgs: 4.9.1 (/opt/ros/humble/share/geometry_msgs/cmake)\n'}
[33.083895] (dog_udp_comm) StdoutLine: {'line': b'-- Found sensor_msgs: 4.9.1 (/opt/ros/humble/share/sensor_msgs/cmake)\n'}
[33.111783] (dog_udp_comm) StdoutLine: {'line': b'-- Found std_srvs: 4.9.1 (/opt/ros/humble/share/std_srvs/cmake)\n'}
[33.126514] (-) TimerEvent: {}
[33.227473] (-) TimerEvent: {}
[33.242806] (dog_udp_comm) StdoutLine: {'line': b'-- Configuring done\n'}
[33.261099] (dog_udp_comm) StdoutLine: {'line': b'-- Generating done\n'}
[33.268159] (dog_udp_comm) StdoutLine: {'line': b'-- Build files have been written to: /home/admin/workspace/host_udp_ws/build/dog_udp_comm\n'}
[33.289187] (dog_udp_comm) CommandEnded: {'returncode': 0}
[33.293342] (dog_udp_comm) JobProgress: {'identifier': 'dog_udp_comm', 'progress': 'build'}
[33.293518] (dog_udp_comm) Command: {'cmd': ['/usr/bin/cmake', '--build', '/home/admin/workspace/host_udp_ws/build/dog_udp_comm', '--', '-j8', '-l8'], 'cwd': '/home/admin/workspace/host_udp_ws/build/dog_udp_comm', 'env': OrderedDict([('PYTHON_BASIC_REPL', '1'), ('LESSOPEN', '| /usr/bin/lesspipe %s'), ('UMS_MOUNTPOINT', '/mnt/ums'), ('GST_V4L2_PREFERRED_FOURCC', 'NV12:YU12:NV16:YUY2'), ('LANGUAGE', 'en_US.UTF-8'), ('USER', 'admin'), ('SSH_CLIENT', '192.168.88.69 65509 22'), ('XDG_SESSION_TYPE', 'tty'), ('GIT_ASKPASS', '/home/admin/.vscode-server/cli/servers/Stable-6a44c352bd24569c417e530095901b649960f9f8/server/extensions/git/dist/askpass.sh'), ('SHLVL', '1'), ('USB_FUNCS', 'adb'), ('LD_LIBRARY_PATH', '/opt/ros/humble/opt/rviz_ogre_vendor/lib:/opt/ros/humble/lib/aarch64-linux-gnu:/opt/ros/humble/lib'), ('BROWSER', '/home/admin/.vscode-server/cli/servers/Stable-6a44c352bd24569c417e530095901b649960f9f8/server/bin/helpers/browser.sh'), ('MOTD_SHOWN', 'pam'), ('HOME', '/home/admin'), ('OLDPWD', '/home/admin/workspace/host_udp_ws'), ('TERM_PROGRAM_VERSION', '1.123.0'), ('VSCODE_IPC_HOOK_CLI', '/run/user/1000/vscode-ipc-40d54a3c-d885-4dbc-9e6f-962942b24f34.sock'), ('GST_INSPECT_NO_COLORS', '1'), ('GST_MPP_NO_RGA', '1'), ('ROS_PYTHON_VERSION', '3'), ('COGL_DRIVER', 'gles2'), ('VSCODE_GIT_ASKPASS_MAIN', '/home/admin/.vscode-server/cli/servers/Stable-6a44c352bd24569c417e530095901b649960f9f8/server/extensions/git/dist/askpass-main.js'), ('PS1', '\\[\x1b]633;A\x07\\]\\[\x1b]633;A\x07\\]\\[\\e]0;\\u@\\h: \\w\\a\\]${debian_chroot:+($debian_chroot)}\\[\\033[01;32m\\]\\u@\\h\\[\\033[00m\\]:\\[\\033[01;34m\\]\\w\\[\\033[00m\\]\\$ \\[\x1b]633;B\x07\\]\\[\x1b]633;B\x07\\]'), ('VSCODE_GIT_ASKPASS_NODE', '/home/admin/.vscode-server/cli/servers/Stable-6a44c352bd24569c417e530095901b649960f9f8/server/node'), ('PYDEVD_DISABLE_FILE_VALIDATION', '1'), ('BUNDLED_DEBUGPY_PATH', '/home/admin/.vscode-server/extensions/ms-python.debugpy-2026.6.0-linux-arm64/bundled/libs/debugpy'), ('VSCODE_PYTHON_AUTOACTIVATE_GUARD', '1'), ('DBUS_SESSION_BUS_ADDRESS', 'unix:path=/run/user/1000/bus'), ('COLORTERM', 'truecolor'), ('GST_V4L2SRC_MAX_RESOLUTION', '3840x2160'), ('ROS_DISTRO', 'humble'), ('LOGNAME', 'admin'), ('_', '/usr/bin/colcon'), ('ROS_VERSION', '2'), ('XDG_SESSION_CLASS', 'user'), ('TERM', 'xterm-256color'), ('GST_GL_API', 'gles2'), ('XDG_SESSION_ID', '8'), ('GST_VIDEO_CONVERT_PREFERRED_FORMAT', 'NV12:NV16:I420:YUY2'), ('GST_V4L2SRC_RK_DEVICES', '_mainpath:_selfpath:_bypass:_scale'), ('ROS_LOCALHOST_ONLY', '1'), ('PATH', '/home/admin/.vscode-server/cli/servers/Stable-6a44c352bd24569c417e530095901b649960f9f8/server/bin/remote-cli:/home/admin/.local/bin:/opt/ros/humble/bin:/home/admin/.local/bin:/usr/local/sbin:/usr/local/bin:/usr/sbin:/usr/bin:/sbin:/bin:/usr/games:/usr/local/games:/snap/bin:/home/admin/.vscode-server/extensions/ms-python.debugpy-2026.6.0-linux-arm64/bundled/scripts/noConfigScripts'), ('XDG_RUNTIME_DIR', '/run/user/1000'), ('GST_GL_PLATFORM', 'egl'), ('GST_DEBUG_NO_COLOR', '1'), ('GST_V4L2SRC_DEFAULT_DEVICE', '/dev/video-camera0'), ('DISPLAY', ':0'), ('VSCODE_DEBUGPY_ADAPTER_ENDPOINTS', '/home/admin/.vscode-server/extensions/ms-python.debugpy-2026.6.0-linux-arm64/.noConfigDebugAdapterEndpoints/endpoint-d4243ace2b6376e9.txt'), ('LANG', 'en_US.UTF-8'), ('PYTHONSTARTUP', '/home/admin/.vscode-server/data/User/workspaceStorage/2a4873d7ff7a1bb6e3391ee746fb9efe-1/ms-python.python/pythonrc.py'), ('LS_COLORS', 'rs=0:di=01;34:ln=01;36:mh=00:pi=40;33:so=01;35:do=01;35:bd=40;33;01:cd=40;33;01:or=40;31;01:mi=00:su=37;41:sg=30;43:ca=30;41:tw=30;42:ow=34;42:st=37;44:ex=01;32:*.tar=01;31:*.tgz=01;31:*.arc=01;31:*.arj=01;31:*.taz=01;31:*.lha=01;31:*.lz4=01;31:*.lzh=01;31:*.lzma=01;31:*.tlz=01;31:*.txz=01;31:*.tzo=01;31:*.t7z=01;31:*.zip=01;31:*.z=01;31:*.dz=01;31:*.gz=01;31:*.lrz=01;31:*.lz=01;31:*.lzo=01;31:*.xz=01;31:*.zst=01;31:*.tzst=01;31:*.bz2=01;31:*.bz=01;31:*.tbz=01;31:*.tbz2=01;31:*.tz=01;31:*.deb=01;31:*.rpm=01;31:*.jar=01;31:*.war=01;31:*.ear=01;31:*.sar=01;31:*.rar=01;31:*.alz=01;31:*.ace=01;31:*.zoo=01;31:*.cpio=01;31:*.7z=01;31:*.rz=01;31:*.cab=01;31:*.wim=01;31:*.swm=01;31:*.dwm=01;31:*.esd=01;31:*.jpg=01;35:*.jpeg=01;35:*.mjpg=01;35:*.mjpeg=01;35:*.gif=01;35:*.bmp=01;35:*.pbm=01;35:*.pgm=01;35:*.ppm=01;35:*.tga=01;35:*.xbm=01;35:*.xpm=01;35:*.tif=01;35:*.tiff=01;35:*.png=01;35:*.svg=01;35:*.svgz=01;35:*.mng=01;35:*.pcx=01;35:*.mov=01;35:*.mpg=01;35:*.mpeg=01;35:*.m2v=01;35:*.mkv=01;35:*.webm=01;35:*.webp=01;35:*.ogm=01;35:*.mp4=01;35:*.m4v=01;35:*.mp4v=01;35:*.vob=01;35:*.qt=01;35:*.nuv=01;35:*.wmv=01;35:*.asf=01;35:*.rm=01;35:*.rmvb=01;35:*.flc=01;35:*.avi=01;35:*.fli=01;35:*.flv=01;35:*.gl=01;35:*.dl=01;35:*.xcf=01;35:*.xwd=01;35:*.yuv=01;35:*.cgm=01;35:*.emf=01;35:*.ogv=01;35:*.ogx=01;35:*.aac=00;36:*.au=00;36:*.flac=00;36:*.m4a=00;36:*.mid=00;36:*.midi=00;36:*.mka=00;36:*.mp3=00;36:*.mpc=00;36:*.ogg=00;36:*.ra=00;36:*.wav=00;36:*.oga=00;36:*.opus=00;36:*.spx=00;36:*.xspf=00;36:'), ('VSCODE_GIT_IPC_HANDLE', '/run/user/1000/vscode-git-de57f957e7.sock'), ('TERM_PROGRAM', 'vscode'), ('GST_V4L2_USE_LIBV4L2', '1'), ('UMS_SIZE', '256M'), ('AMENT_PREFIX_PATH', '/home/admin/workspace/host_udp_ws/install/cspc_lidar:/opt/ros/humble'), ('LC_MESSAGES', 'en_US.UTF-8'), ('SHELL', '/bin/bash'), ('UMS_RO', '0'), ('LESSCLOSE', '/usr/bin/lesspipe %s %s'), ('UMS_FSTYPE', 'vfat'), ('VSCODE_GIT_ASKPASS_EXTRA_ARGS', ''), ('PWD', '/home/admin/workspace/host_udp_ws/build/dog_udp_comm'), ('LC_ALL', 'en_US.UTF-8'), ('SSH_CONNECTION', '192.168.88.69 65509 192.168.88.181 22'), ('PYTHONPATH', '/opt/ros/humble/lib/python3.10/site-packages:/opt/ros/humble/local/lib/python3.10/dist-packages'), ('UMS_MOUNT', '0'), ('COLCON', '1'), ('UMS_FILE', '/userdata/ums_shared.img'), ('CMAKE_PREFIX_PATH', '/home/admin/workspace/host_udp_ws/install/cspc_lidar:/opt/ros/humble')]), 'shell': False}
[33.327621] (-) TimerEvent: {}
[33.428481] (-) TimerEvent: {}
[33.471175] (dog_udp_comm) StdoutLine: {'line': b'[ 50%] \x1b[32mBuilding CXX object CMakeFiles/sender_node.dir/src/sender_node.cpp.o\x1b[0m\n'}
[33.528609] (-) TimerEvent: {}
[33.629074] (-) TimerEvent: {}
[33.729649] (-) TimerEvent: {}
[33.830064] (-) TimerEvent: {}
[33.930633] (-) TimerEvent: {}
[34.031209] (-) TimerEvent: {}
[34.131722] (-) TimerEvent: {}
[34.232522] (-) TimerEvent: {}
[34.333224] (-) TimerEvent: {}
[34.433782] (-) TimerEvent: {}
[34.534681] (-) TimerEvent: {}
[34.635459] (-) TimerEvent: {}
[34.736398] (-) TimerEvent: {}
[34.837158] (-) TimerEvent: {}
[34.938157] (-) TimerEvent: {}
[35.039019] (-) TimerEvent: {}
[35.139708] (-) TimerEvent: {}
[35.240159] (-) TimerEvent: {}
[35.340556] (-) TimerEvent: {}
[35.440950] (-) TimerEvent: {}
[35.541333] (-) TimerEvent: {}
[35.641697] (-) TimerEvent: {}
[35.742094] (-) TimerEvent: {}
[35.842600] (-) TimerEvent: {}
[35.943039] (-) TimerEvent: {}
[36.043461] (-) TimerEvent: {}
[36.144090] (-) TimerEvent: {}
[36.244908] (-) TimerEvent: {}
[36.345743] (-) TimerEvent: {}
[36.446626] (-) TimerEvent: {}
[36.547499] (-) TimerEvent: {}
[36.648246] (-) TimerEvent: {}
[36.748947] (-) TimerEvent: {}
[36.849948] (-) TimerEvent: {}
[36.950999] (-) TimerEvent: {}
[37.051722] (-) TimerEvent: {}
[37.152557] (-) TimerEvent: {}
[37.253441] (-) TimerEvent: {}
[37.354211] (-) TimerEvent: {}
[37.454983] (-) TimerEvent: {}
[37.555820] (-) TimerEvent: {}
[37.656937] (-) TimerEvent: {}
[37.758942] (-) TimerEvent: {}
[37.860281] (-) TimerEvent: {}
[37.961398] (-) TimerEvent: {}
[38.062062] (-) TimerEvent: {}
[38.162460] (-) TimerEvent: {}
[38.262913] (-) TimerEvent: {}
[38.363337] (-) TimerEvent: {}
[38.463810] (-) TimerEvent: {}
[38.564216] (-) TimerEvent: {}
[38.664736] (-) TimerEvent: {}
[38.765089] (-) TimerEvent: {}
[38.865431] (-) TimerEvent: {}
[38.965965] (-) TimerEvent: {}
[39.067219] (-) TimerEvent: {}
[39.168203] (-) TimerEvent: {}
[39.268966] (-) TimerEvent: {}
[39.369686] (-) TimerEvent: {}
[39.470845] (-) TimerEvent: {}
[39.571750] (-) TimerEvent: {}
[39.672476] (-) TimerEvent: {}
[39.773306] (-) TimerEvent: {}
[39.874402] (-) TimerEvent: {}
[39.975368] (-) TimerEvent: {}
[40.075979] (-) TimerEvent: {}
[40.176709] (-) TimerEvent: {}
[40.277429] (-) TimerEvent: {}
[40.377957] (-) TimerEvent: {}
[40.478797] (-) TimerEvent: {}
[40.579863] (-) TimerEvent: {}
[40.680774] (-) TimerEvent: {}
[40.781941] (-) TimerEvent: {}
[40.882890] (-) TimerEvent: {}
[40.983336] (-) TimerEvent: {}
[41.083724] (-) TimerEvent: {}
[41.184128] (-) TimerEvent: {}
[41.284621] (-) TimerEvent: {}
[41.385027] (-) TimerEvent: {}
[41.485585] (-) TimerEvent: {}
[41.585991] (-) TimerEvent: {}
[41.686376] (-) TimerEvent: {}
[41.786719] (-) TimerEvent: {}
[41.887077] (-) TimerEvent: {}
[41.987464] (-) TimerEvent: {}
[42.087930] (-) TimerEvent: {}
[42.188364] (-) TimerEvent: {}
[42.288904] (-) TimerEvent: {}
[42.389701] (-) TimerEvent: {}
[42.490500] (-) TimerEvent: {}
[42.591300] (-) TimerEvent: {}
[42.692111] (-) TimerEvent: {}
[42.793033] (-) TimerEvent: {}
[42.894296] (-) TimerEvent: {}
[42.995916] (-) TimerEvent: {}
[43.096950] (-) TimerEvent: {}
[43.197953] (-) TimerEvent: {}
[43.298612] (-) TimerEvent: {}
[43.399050] (-) TimerEvent: {}
[43.499531] (-) TimerEvent: {}
[43.600317] (-) TimerEvent: {}
[43.701175] (-) TimerEvent: {}
[43.801972] (-) TimerEvent: {}
[43.902741] (-) TimerEvent: {}
[44.003493] (-) TimerEvent: {}
[44.104409] (-) TimerEvent: {}
[44.205185] (-) TimerEvent: {}
[44.305962] (-) TimerEvent: {}
[44.406673] (-) TimerEvent: {}
[44.507504] (-) TimerEvent: {}
[44.608202] (-) TimerEvent: {}
[44.708771] (-) TimerEvent: {}
[44.809617] (-) TimerEvent: {}
[44.910385] (-) TimerEvent: {}
[45.011129] (-) TimerEvent: {}
[45.112209] (-) TimerEvent: {}
[45.213267] (-) TimerEvent: {}
[45.314410] (-) TimerEvent: {}
[45.415113] (-) TimerEvent: {}
[45.515849] (-) TimerEvent: {}
[45.616780] (-) TimerEvent: {}
[45.717733] (-) TimerEvent: {}
[45.818668] (-) TimerEvent: {}
[45.919395] (-) TimerEvent: {}
[46.020173] (-) TimerEvent: {}
[46.120927] (-) TimerEvent: {}
[46.221970] (-) TimerEvent: {}
[46.322951] (-) TimerEvent: {}
[46.423601] (-) TimerEvent: {}
[46.524406] (-) TimerEvent: {}
[46.624972] (-) TimerEvent: {}
[46.725452] (-) TimerEvent: {}
[46.825977] (-) TimerEvent: {}
[46.926468] (-) TimerEvent: {}
[47.026988] (-) TimerEvent: {}
[47.127732] (-) TimerEvent: {}
[47.228667] (-) TimerEvent: {}
[47.329467] (-) TimerEvent: {}
[47.430502] (-) TimerEvent: {}
[47.531297] (-) TimerEvent: {}
[47.631955] (-) TimerEvent: {}
[47.732449] (-) TimerEvent: {}
[47.775811] (dog_udp_comm) StdoutLine: {'line': b'[100%] \x1b[32m\x1b[1mLinking CXX executable sender_node\x1b[0m\n'}
[47.832650] (-) TimerEvent: {}
[47.933164] (-) TimerEvent: {}
[48.033600] (-) TimerEvent: {}
[48.134105] (-) TimerEvent: {}
[48.234531] (-) TimerEvent: {}
[48.334893] (-) TimerEvent: {}
[48.435277] (-) TimerEvent: {}
[48.535662] (-) TimerEvent: {}
[48.636045] (-) TimerEvent: {}
[48.736420] (-) TimerEvent: {}
[48.740843] (dog_udp_comm) StdoutLine: {'line': b'[100%] Built target sender_node\n'}
[48.776426] (dog_udp_comm) CommandEnded: {'returncode': 0}
[48.778849] (dog_udp_comm) JobProgress: {'identifier': 'dog_udp_comm', 'progress': 'install'}
[48.780132] (dog_udp_comm) Command: {'cmd': ['/usr/bin/cmake', '--install', '/home/admin/workspace/host_udp_ws/build/dog_udp_comm'], 'cwd': '/home/admin/workspace/host_udp_ws/build/dog_udp_comm', 'env': OrderedDict([('PYTHON_BASIC_REPL', '1'), ('LESSOPEN', '| /usr/bin/lesspipe %s'), ('UMS_MOUNTPOINT', '/mnt/ums'), ('GST_V4L2_PREFERRED_FOURCC', 'NV12:YU12:NV16:YUY2'), ('LANGUAGE', 'en_US.UTF-8'), ('USER', 'admin'), ('SSH_CLIENT', '192.168.88.69 65509 22'), ('XDG_SESSION_TYPE', 'tty'), ('GIT_ASKPASS', '/home/admin/.vscode-server/cli/servers/Stable-6a44c352bd24569c417e530095901b649960f9f8/server/extensions/git/dist/askpass.sh'), ('SHLVL', '1'), ('USB_FUNCS', 'adb'), ('LD_LIBRARY_PATH', '/opt/ros/humble/opt/rviz_ogre_vendor/lib:/opt/ros/humble/lib/aarch64-linux-gnu:/opt/ros/humble/lib'), ('BROWSER', '/home/admin/.vscode-server/cli/servers/Stable-6a44c352bd24569c417e530095901b649960f9f8/server/bin/helpers/browser.sh'), ('MOTD_SHOWN', 'pam'), ('HOME', '/home/admin'), ('OLDPWD', '/home/admin/workspace/host_udp_ws'), ('TERM_PROGRAM_VERSION', '1.123.0'), ('VSCODE_IPC_HOOK_CLI', '/run/user/1000/vscode-ipc-40d54a3c-d885-4dbc-9e6f-962942b24f34.sock'), ('GST_INSPECT_NO_COLORS', '1'), ('GST_MPP_NO_RGA', '1'), ('ROS_PYTHON_VERSION', '3'), ('COGL_DRIVER', 'gles2'), ('VSCODE_GIT_ASKPASS_MAIN', '/home/admin/.vscode-server/cli/servers/Stable-6a44c352bd24569c417e530095901b649960f9f8/server/extensions/git/dist/askpass-main.js'), ('PS1', '\\[\x1b]633;A\x07\\]\\[\x1b]633;A\x07\\]\\[\\e]0;\\u@\\h: \\w\\a\\]${debian_chroot:+($debian_chroot)}\\[\\033[01;32m\\]\\u@\\h\\[\\033[00m\\]:\\[\\033[01;34m\\]\\w\\[\\033[00m\\]\\$ \\[\x1b]633;B\x07\\]\\[\x1b]633;B\x07\\]'), ('VSCODE_GIT_ASKPASS_NODE', '/home/admin/.vscode-server/cli/servers/Stable-6a44c352bd24569c417e530095901b649960f9f8/server/node'), ('PYDEVD_DISABLE_FILE_VALIDATION', '1'), ('BUNDLED_DEBUGPY_PATH', '/home/admin/.vscode-server/extensions/ms-python.debugpy-2026.6.0-linux-arm64/bundled/libs/debugpy'), ('VSCODE_PYTHON_AUTOACTIVATE_GUARD', '1'), ('DBUS_SESSION_BUS_ADDRESS', 'unix:path=/run/user/1000/bus'), ('COLORTERM', 'truecolor'), ('GST_V4L2SRC_MAX_RESOLUTION', '3840x2160'), ('ROS_DISTRO', 'humble'), ('LOGNAME', 'admin'), ('_', '/usr/bin/colcon'), ('ROS_VERSION', '2'), ('XDG_SESSION_CLASS', 'user'), ('TERM', 'xterm-256color'), ('GST_GL_API', 'gles2'), ('XDG_SESSION_ID', '8'), ('GST_VIDEO_CONVERT_PREFERRED_FORMAT', 'NV12:NV16:I420:YUY2'), ('GST_V4L2SRC_RK_DEVICES', '_mainpath:_selfpath:_bypass:_scale'), ('ROS_LOCALHOST_ONLY', '1'), ('PATH', '/home/admin/.vscode-server/cli/servers/Stable-6a44c352bd24569c417e530095901b649960f9f8/server/bin/remote-cli:/home/admin/.local/bin:/opt/ros/humble/bin:/home/admin/.local/bin:/usr/local/sbin:/usr/local/bin:/usr/sbin:/usr/bin:/sbin:/bin:/usr/games:/usr/local/games:/snap/bin:/home/admin/.vscode-server/extensions/ms-python.debugpy-2026.6.0-linux-arm64/bundled/scripts/noConfigScripts'), ('XDG_RUNTIME_DIR', '/run/user/1000'), ('GST_GL_PLATFORM', 'egl'), ('GST_DEBUG_NO_COLOR', '1'), ('GST_V4L2SRC_DEFAULT_DEVICE', '/dev/video-camera0'), ('DISPLAY', ':0'), ('VSCODE_DEBUGPY_ADAPTER_ENDPOINTS', '/home/admin/.vscode-server/extensions/ms-python.debugpy-2026.6.0-linux-arm64/.noConfigDebugAdapterEndpoints/endpoint-d4243ace2b6376e9.txt'), ('LANG', 'en_US.UTF-8'), ('PYTHONSTARTUP', '/home/admin/.vscode-server/data/User/workspaceStorage/2a4873d7ff7a1bb6e3391ee746fb9efe-1/ms-python.python/pythonrc.py'), ('LS_COLORS', 'rs=0:di=01;34:ln=01;36:mh=00:pi=40;33:so=01;35:do=01;35:bd=40;33;01:cd=40;33;01:or=40;31;01:mi=00:su=37;41:sg=30;43:ca=30;41:tw=30;42:ow=34;42:st=37;44:ex=01;32:*.tar=01;31:*.tgz=01;31:*.arc=01;31:*.arj=01;31:*.taz=01;31:*.lha=01;31:*.lz4=01;31:*.lzh=01;31:*.lzma=01;31:*.tlz=01;31:*.txz=01;31:*.tzo=01;31:*.t7z=01;31:*.zip=01;31:*.z=01;31:*.dz=01;31:*.gz=01;31:*.lrz=01;31:*.lz=01;31:*.lzo=01;31:*.xz=01;31:*.zst=01;31:*.tzst=01;31:*.bz2=01;31:*.bz=01;31:*.tbz=01;31:*.tbz2=01;31:*.tz=01;31:*.deb=01;31:*.rpm=01;31:*.jar=01;31:*.war=01;31:*.ear=01;31:*.sar=01;31:*.rar=01;31:*.alz=01;31:*.ace=01;31:*.zoo=01;31:*.cpio=01;31:*.7z=01;31:*.rz=01;31:*.cab=01;31:*.wim=01;31:*.swm=01;31:*.dwm=01;31:*.esd=01;31:*.jpg=01;35:*.jpeg=01;35:*.mjpg=01;35:*.mjpeg=01;35:*.gif=01;35:*.bmp=01;35:*.pbm=01;35:*.pgm=01;35:*.ppm=01;35:*.tga=01;35:*.xbm=01;35:*.xpm=01;35:*.tif=01;35:*.tiff=01;35:*.png=01;35:*.svg=01;35:*.svgz=01;35:*.mng=01;35:*.pcx=01;35:*.mov=01;35:*.mpg=01;35:*.mpeg=01;35:*.m2v=01;35:*.mkv=01;35:*.webm=01;35:*.webp=01;35:*.ogm=01;35:*.mp4=01;35:*.m4v=01;35:*.mp4v=01;35:*.vob=01;35:*.qt=01;35:*.nuv=01;35:*.wmv=01;35:*.asf=01;35:*.rm=01;35:*.rmvb=01;35:*.flc=01;35:*.avi=01;35:*.fli=01;35:*.flv=01;35:*.gl=01;35:*.dl=01;35:*.xcf=01;35:*.xwd=01;35:*.yuv=01;35:*.cgm=01;35:*.emf=01;35:*.ogv=01;35:*.ogx=01;35:*.aac=00;36:*.au=00;36:*.flac=00;36:*.m4a=00;36:*.mid=00;36:*.midi=00;36:*.mka=00;36:*.mp3=00;36:*.mpc=00;36:*.ogg=00;36:*.ra=00;36:*.wav=00;36:*.oga=00;36:*.opus=00;36:*.spx=00;36:*.xspf=00;36:'), ('VSCODE_GIT_IPC_HANDLE', '/run/user/1000/vscode-git-de57f957e7.sock'), ('TERM_PROGRAM', 'vscode'), ('GST_V4L2_USE_LIBV4L2', '1'), ('UMS_SIZE', '256M'), ('AMENT_PREFIX_PATH', '/home/admin/workspace/host_udp_ws/install/cspc_lidar:/opt/ros/humble'), ('LC_MESSAGES', 'en_US.UTF-8'), ('SHELL', '/bin/bash'), ('UMS_RO', '0'), ('LESSCLOSE', '/usr/bin/lesspipe %s %s'), ('UMS_FSTYPE', 'vfat'), ('VSCODE_GIT_ASKPASS_EXTRA_ARGS', ''), ('PWD', '/home/admin/workspace/host_udp_ws/build/dog_udp_comm'), ('LC_ALL', 'en_US.UTF-8'), ('SSH_CONNECTION', '192.168.88.69 65509 192.168.88.181 22'), ('PYTHONPATH', '/opt/ros/humble/lib/python3.10/site-packages:/opt/ros/humble/local/lib/python3.10/dist-packages'), ('UMS_MOUNT', '0'), ('COLCON', '1'), ('UMS_FILE', '/userdata/ums_shared.img'), ('CMAKE_PREFIX_PATH', '/home/admin/workspace/host_udp_ws/install/cspc_lidar:/opt/ros/humble')]), 'shell': False}
[48.807691] (dog_udp_comm) StdoutLine: {'line': b'-- Install configuration: ""\n'}
[48.808340] (dog_udp_comm) StdoutLine: {'line': b'-- Installing: /home/admin/workspace/host_udp_ws/install/dog_udp_comm/lib/dog_udp_comm/sender_node\n'}
[48.819160] (dog_udp_comm) StdoutLine: {'line': b'-- Set runtime path of "/home/admin/workspace/host_udp_ws/install/dog_udp_comm/lib/dog_udp_comm/sender_node" to ""\n'}
[48.819829] (dog_udp_comm) StdoutLine: {'line': b'-- Installing: /home/admin/workspace/host_udp_ws/install/dog_udp_comm/lib/dog_udp_comm/keyboard_teleop.py\n'}
[48.820215] (dog_udp_comm) StdoutLine: {'line': b'-- Installing: /home/admin/workspace/host_udp_ws/install/dog_udp_comm/lib/dog_udp_comm/host_mpc_controller.py\n'}
[48.820624] (dog_udp_comm) StdoutLine: {'line': b'-- Installing: /home/admin/workspace/host_udp_ws/install/dog_udp_comm/lib/dog_udp_comm/pixel_to_scan_polar.py\n'}
[48.821156] (dog_udp_comm) StdoutLine: {'line': b'-- Installing: /home/admin/workspace/host_udp_ws/install/dog_udp_comm/lib/dog_udp_comm/tracking_string_bridge.py\n'}
[48.821520] (dog_udp_comm) StdoutLine: {'line': b'-- Installing: /home/admin/workspace/host_udp_ws/install/dog_udp_comm/lib/dog_udp_comm/tracking_center_tester.py\n'}
[48.821906] (dog_udp_comm) StdoutLine: {'line': b'-- Installing: /home/admin/workspace/host_udp_ws/install/dog_udp_comm/lib/dog_udp_comm/analyze_tracking_cmd_bag.py\n'}
[48.822276] (dog_udp_comm) StdoutLine: {'line': b'-- Installing: /home/admin/workspace/host_udp_ws/install/dog_udp_comm/lib/dog_udp_comm/latency_monitor.py\n'}
[48.822632] (dog_udp_comm) StdoutLine: {'line': b'-- Installing: /home/admin/workspace/host_udp_ws/install/dog_udp_comm/share/dog_udp_comm/launch\n'}
[48.823001] (dog_udp_comm) StdoutLine: {'line': b'-- Installing: /home/admin/workspace/host_udp_ws/install/dog_udp_comm/share/dog_udp_comm/launch/__pycache__\n'}
[48.823365] (dog_udp_comm) StdoutLine: {'line': b'-- Installing: /home/admin/workspace/host_udp_ws/install/dog_udp_comm/share/dog_udp_comm/launch/__pycache__/sender_launch.cpython-313.pyc\n'}
[48.823750] (dog_udp_comm) StdoutLine: {'line': b'-- Installing: /home/admin/workspace/host_udp_ws/install/dog_udp_comm/share/dog_udp_comm/launch/__pycache__/person_follow_udp_launch.cpython-313.pyc\n'}
[48.824132] (dog_udp_comm) StdoutLine: {'line': b'-- Installing: /home/admin/workspace/host_udp_ws/install/dog_udp_comm/share/dog_udp_comm/launch/person_follow_udp_launch.py\n'}
[48.824475] (dog_udp_comm) StdoutLine: {'line': b'-- Installing: /home/admin/workspace/host_udp_ws/install/dog_udp_comm/share/dog_udp_comm/launch/sender_launch.py\n'}
[48.824916] (dog_udp_comm) StdoutLine: {'line': b'-- Installing: /home/admin/workspace/host_udp_ws/install/dog_udp_comm/share/dog_udp_comm/params\n'}
[48.825313] (dog_udp_comm) StdoutLine: {'line': b'-- Installing: /home/admin/workspace/host_udp_ws/install/dog_udp_comm/share/dog_udp_comm/params/person_follow_params.yaml\n'}
[48.826291] (dog_udp_comm) StdoutLine: {'line': b'-- Installing: /home/admin/workspace/host_udp_ws/install/dog_udp_comm/share/ament_index/resource_index/package_run_dependencies/dog_udp_comm\n'}
[48.831039] (dog_udp_comm) StdoutLine: {'line': b'-- Installing: /home/admin/workspace/host_udp_ws/install/dog_udp_comm/share/ament_index/resource_index/parent_prefix_path/dog_udp_comm\n'}
[48.831772] (dog_udp_comm) StdoutLine: {'line': b'-- Installing: /home/admin/workspace/host_udp_ws/install/dog_udp_comm/share/dog_udp_comm/environment/ament_prefix_path.sh\n'}
[48.832497] (dog_udp_comm) StdoutLine: {'line': b'-- Installing: /home/admin/workspace/host_udp_ws/install/dog_udp_comm/share/dog_udp_comm/environment/ament_prefix_path.dsv\n'}
[48.833322] (dog_udp_comm) StdoutLine: {'line': b'-- Installing: /home/admin/workspace/host_udp_ws/install/dog_udp_comm/share/dog_udp_comm/environment/path.sh\n'}
[48.834055] (dog_udp_comm) StdoutLine: {'line': b'-- Installing: /home/admin/workspace/host_udp_ws/install/dog_udp_comm/share/dog_udp_comm/environment/path.dsv\n'}
[48.834712] (dog_udp_comm) StdoutLine: {'line': b'-- Installing: /home/admin/workspace/host_udp_ws/install/dog_udp_comm/share/dog_udp_comm/local_setup.bash\n'}
[48.835653] (dog_udp_comm) StdoutLine: {'line': b'-- Installing: /home/admin/workspace/host_udp_ws/install/dog_udp_comm/share/dog_udp_comm/local_setup.sh\n'}
[48.836487] (-) TimerEvent: {}
[48.837103] (dog_udp_comm) StdoutLine: {'line': b'-- Installing: /home/admin/workspace/host_udp_ws/install/dog_udp_comm/share/dog_udp_comm/local_setup.zsh\n'}
[48.837926] (dog_udp_comm) StdoutLine: {'line': b'-- Installing: /home/admin/workspace/host_udp_ws/install/dog_udp_comm/share/dog_udp_comm/local_setup.dsv\n'}
[48.838621] (dog_udp_comm) StdoutLine: {'line': b'-- Installing: /home/admin/workspace/host_udp_ws/install/dog_udp_comm/share/dog_udp_comm/package.dsv\n'}
[48.839279] (dog_udp_comm) StdoutLine: {'line': b'-- Installing: /home/admin/workspace/host_udp_ws/install/dog_udp_comm/share/ament_index/resource_index/packages/dog_udp_comm\n'}
[48.839886] (dog_udp_comm) StdoutLine: {'line': b'-- Installing: /home/admin/workspace/host_udp_ws/install/dog_udp_comm/share/dog_udp_comm/cmake/dog_udp_commConfig.cmake\n'}
[48.840702] (dog_udp_comm) StdoutLine: {'line': b'-- Installing: /home/admin/workspace/host_udp_ws/install/dog_udp_comm/share/dog_udp_comm/cmake/dog_udp_commConfig-version.cmake\n'}
[48.841225] (dog_udp_comm) StdoutLine: {'line': b'-- Installing: /home/admin/workspace/host_udp_ws/install/dog_udp_comm/share/dog_udp_comm/package.xml\n'}
[48.841755] (dog_udp_comm) CommandEnded: {'returncode': 0}
[48.867519] (dog_udp_comm) JobEnded: {'identifier': 'dog_udp_comm', 'rc': 0}
[48.869316] (-) EventReactorShutdown: {}
