[0.000000] (-) TimerEvent: {}
[0.000513] (cspc_lidar) JobQueued: {'identifier': 'cspc_lidar', 'dependencies': OrderedDict()}
[0.000730] (dog_udp_comm) JobQueued: {'identifier': 'dog_udp_comm', 'dependencies': OrderedDict([('cspc_lidar', '/home/admin/workspace/host_udp_ws/install/cspc_lidar')])}
[0.000879] (cspc_lidar) JobStarted: {'identifier': 'cspc_lidar'}
[0.016776] (cspc_lidar) JobProgress: {'identifier': 'cspc_lidar', 'progress': 'cmake'}
[0.017527] (cspc_lidar) Command: {'cmd': ['/usr/bin/cmake', '/home/admin/workspace/host_udp_ws/src/cspc_lidar_sdk_ros2', '-DCMAKE_INSTALL_PREFIX=/home/admin/workspace/host_udp_ws/install/cspc_lidar'], 'cwd': '/home/admin/workspace/host_udp_ws/build/cspc_lidar', 'env': OrderedDict([('PYTHON_BASIC_REPL', '1'), ('LESSOPEN', '| /usr/bin/lesspipe %s'), ('UMS_MOUNTPOINT', '/mnt/ums'), ('GST_V4L2_PREFERRED_FOURCC', 'NV12:YU12:NV16:YUY2'), ('LANGUAGE', 'en_US.UTF-8'), ('USER', 'admin'), ('SSH_CLIENT', '192.168.88.243 64656 22'), ('XDG_SESSION_TYPE', 'tty'), ('GIT_ASKPASS', '/home/admin/.vscode-server/cli/servers/Stable-6a49527b96e326fe62fbdb56f60e16877c9aa724/server/extensions/git/dist/askpass.sh'), ('SHLVL', '1'), ('USB_FUNCS', 'adb'), ('LD_LIBRARY_PATH', '/opt/ros/humble/opt/rviz_ogre_vendor/lib:/opt/ros/humble/lib/aarch64-linux-gnu:/opt/ros/humble/lib'), ('BROWSER', '/home/admin/.vscode-server/cli/servers/Stable-6a49527b96e326fe62fbdb56f60e16877c9aa724/server/bin/helpers/browser.sh'), ('MOTD_SHOWN', 'pam'), ('HOME', '/home/admin'), ('OLDPWD', '/home/admin/workspace'), ('TERM_PROGRAM_VERSION', '1.122.0'), ('VSCODE_IPC_HOOK_CLI', '/run/user/1000/vscode-ipc-98f9cdef-34dd-4424-9a66-fd6f0adad46c.sock'), ('GST_INSPECT_NO_COLORS', '1'), ('GST_MPP_NO_RGA', '1'), ('ROS_PYTHON_VERSION', '3'), ('COGL_DRIVER', 'gles2'), ('VSCODE_GIT_ASKPASS_MAIN', '/home/admin/.vscode-server/cli/servers/Stable-6a49527b96e326fe62fbdb56f60e16877c9aa724/server/extensions/git/dist/askpass-main.js'), ('PS1', '\\[\x1b]633;A\x07\\]\\[\x1b]633;A\x07\\]\\[\\e]0;\\u@\\h: \\w\\a\\]${debian_chroot:+($debian_chroot)}\\[\\033[01;32m\\]\\u@\\h\\[\\033[00m\\]:\\[\\033[01;34m\\]\\w\\[\\033[00m\\]\\$ \\[\x1b]633;B\x07\\]\\[\x1b]633;B\x07\\]'), ('VSCODE_GIT_ASKPASS_NODE', '/home/admin/.vscode-server/cli/servers/Stable-6a49527b96e326fe62fbdb56f60e16877c9aa724/server/node'), ('PYDEVD_DISABLE_FILE_VALIDATION', '1'), ('BUNDLED_DEBUGPY_PATH', '/home/admin/.vscode-server/extensions/ms-python.debugpy-2026.6.0-linux-arm64/bundled/libs/debugpy'), ('VSCODE_PYTHON_AUTOACTIVATE_GUARD', '1'), ('DBUS_SESSION_BUS_ADDRESS', 'unix:path=/run/user/1000/bus'), ('COLORTERM', 'truecolor'), ('COLCON_PREFIX_PATH', '/home/admin/workspace/host_udp_ws/install'), ('GST_V4L2SRC_MAX_RESOLUTION', '3840x2160'), ('ROS_DISTRO', 'humble'), ('LOGNAME', 'admin'), ('_', '/usr/bin/colcon'), ('ROS_VERSION', '2'), ('XDG_SESSION_CLASS', 'user'), ('TERM', 'xterm-256color'), ('GST_GL_API', 'gles2'), ('XDG_SESSION_ID', '9'), ('GST_VIDEO_CONVERT_PREFERRED_FORMAT', 'NV12:NV16:I420:YUY2'), ('GST_V4L2SRC_RK_DEVICES', '_mainpath:_selfpath:_bypass:_scale'), ('ROS_LOCALHOST_ONLY', '1'), ('PATH', '/home/admin/.vscode-server/cli/servers/Stable-6a49527b96e326fe62fbdb56f60e16877c9aa724/server/bin/remote-cli:/home/admin/.local/bin:/opt/ros/humble/bin:/home/admin/.local/bin:/usr/local/sbin:/usr/local/bin:/usr/sbin:/usr/bin:/sbin:/bin:/usr/games:/usr/local/games:/snap/bin:/home/admin/.vscode-server/extensions/ms-python.debugpy-2026.6.0-linux-arm64/bundled/scripts/noConfigScripts'), ('XDG_RUNTIME_DIR', '/run/user/1000'), ('GST_GL_PLATFORM', 'egl'), ('GST_DEBUG_NO_COLOR', '1'), ('GST_V4L2SRC_DEFAULT_DEVICE', '/dev/video-camera0'), ('DISPLAY', ':0'), ('VSCODE_DEBUGPY_ADAPTER_ENDPOINTS', '/home/admin/.vscode-server/extensions/ms-python.debugpy-2026.6.0-linux-arm64/.noConfigDebugAdapterEndpoints/endpoint-c929ce49067852cf.txt'), ('LANG', 'en_US.UTF-8'), ('PYTHONSTARTUP', '/home/admin/.vscode-server/data/User/workspaceStorage/2a4873d7ff7a1bb6e3391ee746fb9efe/ms-python.python/pythonrc.py'), ('LS_COLORS', 'rs=0:di=01;34:ln=01;36:mh=00:pi=40;33:so=01;35:do=01;35:bd=40;33;01:cd=40;33;01:or=40;31;01:mi=00:su=37;41:sg=30;43:ca=30;41:tw=30;42:ow=34;42:st=37;44:ex=01;32:*.tar=01;31:*.tgz=01;31:*.arc=01;31:*.arj=01;31:*.taz=01;31:*.lha=01;31:*.lz4=01;31:*.lzh=01;31:*.lzma=01;31:*.tlz=01;31:*.txz=01;31:*.tzo=01;31:*.t7z=01;31:*.zip=01;31:*.z=01;31:*.dz=01;31:*.gz=01;31:*.lrz=01;31:*.lz=01;31:*.lzo=01;31:*.xz=01;31:*.zst=01;31:*.tzst=01;31:*.bz2=01;31:*.bz=01;31:*.tbz=01;31:*.tbz2=01;31:*.tz=01;31:*.deb=01;31:*.rpm=01;31:*.jar=01;31:*.war=01;31:*.ear=01;31:*.sar=01;31:*.rar=01;31:*.alz=01;31:*.ace=01;31:*.zoo=01;31:*.cpio=01;31:*.7z=01;31:*.rz=01;31:*.cab=01;31:*.wim=01;31:*.swm=01;31:*.dwm=01;31:*.esd=01;31:*.jpg=01;35:*.jpeg=01;35:*.mjpg=01;35:*.mjpeg=01;35:*.gif=01;35:*.bmp=01;35:*.pbm=01;35:*.pgm=01;35:*.ppm=01;35:*.tga=01;35:*.xbm=01;35:*.xpm=01;35:*.tif=01;35:*.tiff=01;35:*.png=01;35:*.svg=01;35:*.svgz=01;35:*.mng=01;35:*.pcx=01;35:*.mov=01;35:*.mpg=01;35:*.mpeg=01;35:*.m2v=01;35:*.mkv=01;35:*.webm=01;35:*.webp=01;35:*.ogm=01;35:*.mp4=01;35:*.m4v=01;35:*.mp4v=01;35:*.vob=01;35:*.qt=01;35:*.nuv=01;35:*.wmv=01;35:*.asf=01;35:*.rm=01;35:*.rmvb=01;35:*.flc=01;35:*.avi=01;35:*.fli=01;35:*.flv=01;35:*.gl=01;35:*.dl=01;35:*.xcf=01;35:*.xwd=01;35:*.yuv=01;35:*.cgm=01;35:*.emf=01;35:*.ogv=01;35:*.ogx=01;35:*.aac=00;36:*.au=00;36:*.flac=00;36:*.m4a=00;36:*.mid=00;36:*.midi=00;36:*.mka=00;36:*.mp3=00;36:*.mpc=00;36:*.ogg=00;36:*.ra=00;36:*.wav=00;36:*.oga=00;36:*.opus=00;36:*.spx=00;36:*.xspf=00;36:'), ('VSCODE_GIT_IPC_HANDLE', '/run/user/1000/vscode-git-de57f957e7.sock'), ('TERM_PROGRAM', 'vscode'), ('GST_V4L2_USE_LIBV4L2', '1'), ('UMS_SIZE', '256M'), ('AMENT_PREFIX_PATH', '/opt/ros/humble'), ('LC_MESSAGES', 'en_US.UTF-8'), ('SHELL', '/bin/bash'), ('UMS_RO', '0'), ('LESSCLOSE', '/usr/bin/lesspipe %s %s'), ('UMS_FSTYPE', 'vfat'), ('VSCODE_GIT_ASKPASS_EXTRA_ARGS', ''), ('PWD', '/home/admin/workspace/host_udp_ws/build/cspc_lidar'), ('LC_ALL', 'en_US.UTF-8'), ('SSH_CONNECTION', '192.168.88.243 64656 192.168.88.181 22'), ('PYTHONPATH', '/opt/ros/humble/lib/python3.10/site-packages:/opt/ros/humble/local/lib/python3.10/dist-packages'), ('UMS_MOUNT', '0'), ('COLCON', '1'), ('CMAKE_PREFIX_PATH', '/home/admin/workspace/host_udp_ws/install/dog_udp_comm:/home/admin/workspace/host_udp_ws/install/cspc_lidar:/opt/ros/humble'), ('UMS_FILE', '/userdata/ums_shared.img')]), 'shell': False}
[0.098502] (-) TimerEvent: {}
[0.161811] (cspc_lidar) StdoutLine: {'line': b'-- The C compiler identification is GNU 11.4.0\n'}
[0.198657] (-) TimerEvent: {}
[0.296842] (cspc_lidar) StdoutLine: {'line': b'-- The CXX compiler identification is GNU 11.4.0\n'}
[0.298706] (-) TimerEvent: {}
[0.309697] (cspc_lidar) StdoutLine: {'line': b'-- Detecting C compiler ABI info\n'}
[0.399505] (-) TimerEvent: {}
[0.502622] (-) TimerEvent: {}
[0.534283] (cspc_lidar) StdoutLine: {'line': b'-- Detecting C compiler ABI info - done\n'}
[0.576019] (cspc_lidar) StdoutLine: {'line': b'-- Check for working C compiler: /usr/bin/cc - skipped\n'}
[0.577059] (cspc_lidar) StdoutLine: {'line': b'-- Detecting C compile features\n'}
[0.578365] (cspc_lidar) StdoutLine: {'line': b'-- Detecting C compile features - done\n'}
[0.588316] (cspc_lidar) StdoutLine: {'line': b'-- Detecting CXX compiler ABI info\n'}
[0.602728] (-) TimerEvent: {}
[0.703669] (-) TimerEvent: {}
[0.804929] (-) TimerEvent: {}
[0.816060] (cspc_lidar) StdoutLine: {'line': b'-- Detecting CXX compiler ABI info - done\n'}
[0.832020] (cspc_lidar) StdoutLine: {'line': b'-- Check for working CXX compiler: /usr/bin/c++ - skipped\n'}
[0.832996] (cspc_lidar) StdoutLine: {'line': b'-- Detecting CXX compile features\n'}
[0.833763] (cspc_lidar) StdoutLine: {'line': b'-- Detecting CXX compile features - done\n'}
[0.838369] (cspc_lidar) StdoutLine: {'line': b'-- Found ament_cmake: 1.3.14 (/opt/ros/humble/share/ament_cmake/cmake)\n'}
[0.905136] (-) TimerEvent: {}
[1.005807] (-) TimerEvent: {}
[1.106859] (-) TimerEvent: {}
[1.208793] (-) TimerEvent: {}
[1.215400] (cspc_lidar) StdoutLine: {'line': b'-- Found Python3: /usr/bin/python3 (found version "3.10.12") found components: Interpreter \n'}
[1.308910] (-) TimerEvent: {}
[1.408292] (cspc_lidar) StdoutLine: {'line': b'-- Found rclcpp: 16.0.19 (/opt/ros/humble/share/rclcpp/cmake)\n'}
[1.410950] (-) TimerEvent: {}
[1.462225] (cspc_lidar) StdoutLine: {'line': b'-- Found rosidl_generator_c: 3.1.8 (/opt/ros/humble/share/rosidl_generator_c/cmake)\n'}
[1.468630] (cspc_lidar) StdoutLine: {'line': b'-- Found rosidl_adapter: 3.1.8 (/opt/ros/humble/share/rosidl_adapter/cmake)\n'}
[1.481388] (cspc_lidar) StdoutLine: {'line': b'-- Found rosidl_generator_cpp: 3.1.8 (/opt/ros/humble/share/rosidl_generator_cpp/cmake)\n'}
[1.498972] (cspc_lidar) StdoutLine: {'line': b'-- Using all available rosidl_typesupport_c: rosidl_typesupport_fastrtps_c;rosidl_typesupport_introspection_c\n'}
[1.511215] (-) TimerEvent: {}
[1.520572] (cspc_lidar) StdoutLine: {'line': b'-- Using all available rosidl_typesupport_cpp: rosidl_typesupport_fastrtps_cpp;rosidl_typesupport_introspection_cpp\n'}
[1.580770] (cspc_lidar) StdoutLine: {'line': b'-- Found rmw_implementation_cmake: 6.1.2 (/opt/ros/humble/share/rmw_implementation_cmake/cmake)\n'}
[1.584459] (cspc_lidar) StdoutLine: {'line': b'-- Found rmw_fastrtps_cpp: 6.2.10 (/opt/ros/humble/share/rmw_fastrtps_cpp/cmake)\n'}
[1.611331] (-) TimerEvent: {}
[1.711842] (-) TimerEvent: {}
[1.785654] (cspc_lidar) StdoutLine: {'line': b'-- Found OpenSSL: /usr/lib/aarch64-linux-gnu/libcrypto.so (found version "3.0.2")  \n'}
[1.812031] (-) TimerEvent: {}
[1.844842] (cspc_lidar) StdoutLine: {'line': b'-- Found FastRTPS: /opt/ros/humble/include  \n'}
[1.912143] (-) TimerEvent: {}
[1.920214] (cspc_lidar) StdoutLine: {'line': b"-- Using RMW implementation 'rmw_fastrtps_cpp' as default\n"}
[1.932497] (cspc_lidar) StdoutLine: {'line': b'-- Looking for pthread.h\n'}
[2.012339] (-) TimerEvent: {}
[2.112864] (-) TimerEvent: {}
[2.146032] (cspc_lidar) StdoutLine: {'line': b'-- Looking for pthread.h - found\n'}
[2.147689] (cspc_lidar) StdoutLine: {'line': b'-- Performing Test CMAKE_HAVE_LIBC_PTHREAD\n'}
[2.213049] (-) TimerEvent: {}
[2.314029] (-) TimerEvent: {}
[2.411871] (cspc_lidar) StdoutLine: {'line': b'-- Performing Test CMAKE_HAVE_LIBC_PTHREAD - Success\n'}
[2.414151] (-) TimerEvent: {}
[2.416961] (cspc_lidar) StdoutLine: {'line': b'-- Found Threads: TRUE  \n'}
[2.514350] (-) TimerEvent: {}
[2.543858] (cspc_lidar) StdoutLine: {'line': b'-- Found sensor_msgs: 4.9.1 (/opt/ros/humble/share/sensor_msgs/cmake)\n'}
[2.590278] (cspc_lidar) StdoutLine: {'line': b'-- Found visualization_msgs: 4.9.1 (/opt/ros/humble/share/visualization_msgs/cmake)\n'}
[2.614508] (-) TimerEvent: {}
[2.622447] (cspc_lidar) StdoutLine: {'line': b'-- Found pcl_conversions: 2.4.5 (/opt/ros/humble/share/pcl_conversions/cmake)\n'}
[2.684129] (cspc_lidar) StdoutLine: {'line': b"-- Checking for module 'eigen3'\n"}
[2.714848] (-) TimerEvent: {}
[2.720922] (cspc_lidar) StdoutLine: {'line': b'--   Found eigen3, version 3.4.0\n'}
[2.812987] (cspc_lidar) StdoutLine: {'line': b'-- Found Eigen: /usr/include/eigen3 (Required is at least version "3.1") \n'}
[2.814000] (cspc_lidar) StdoutLine: {'line': b'-- Eigen found (include: /usr/include/eigen3, version: 3.4.0)\n'}
[2.816041] (-) TimerEvent: {}
[2.875501] (cspc_lidar) StdoutLine: {'line': b"-- Checking for module 'flann'\n"}
[2.916198] (-) TimerEvent: {}
[2.920833] (cspc_lidar) StdoutLine: {'line': b'--   Found flann, version 1.9.1\n'}
[3.016477] (-) TimerEvent: {}
[3.066689] (cspc_lidar) StdoutLine: {'line': b'-- Found FLANN: /usr/lib/aarch64-linux-gnu/libflann_cpp.so  \n'}
[3.067537] (cspc_lidar) StdoutLine: {'line': b'-- FLANN found (include: /usr/include, lib: /usr/lib/aarch64-linux-gnu/libflann_cpp.so)\n'}
[3.116907] (-) TimerEvent: {}
[3.217745] (-) TimerEvent: {}
[3.318398] (-) TimerEvent: {}
[3.419151] (-) TimerEvent: {}
[3.519971] (-) TimerEvent: {}
[3.620681] (-) TimerEvent: {}
[3.721389] (-) TimerEvent: {}
[3.822088] (-) TimerEvent: {}
[3.922762] (-) TimerEvent: {}
[4.023531] (-) TimerEvent: {}
[4.124322] (-) TimerEvent: {}
[4.225178] (-) TimerEvent: {}
[4.326036] (-) TimerEvent: {}
[4.426574] (-) TimerEvent: {}
[4.529537] (-) TimerEvent: {}
[4.629939] (-) TimerEvent: {}
[4.730467] (-) TimerEvent: {}
[4.831496] (-) TimerEvent: {}
[4.932068] (-) TimerEvent: {}
[5.032491] (-) TimerEvent: {}
[5.133025] (-) TimerEvent: {}
[5.233473] (-) TimerEvent: {}
[5.333994] (-) TimerEvent: {}
[5.434549] (-) TimerEvent: {}
[5.535250] (-) TimerEvent: {}
[5.635638] (-) TimerEvent: {}
[5.736023] (-) TimerEvent: {}
[5.828742] (cspc_lidar) StdoutLine: {'line': b"-- Checking for module 'libusb-1.0'\n"}
[5.836117] (-) TimerEvent: {}
[5.895688] (cspc_lidar) StdoutLine: {'line': b'--   Found libusb-1.0, version 1.0.25\n'}
[5.936320] (-) TimerEvent: {}
[6.036812] (-) TimerEvent: {}
[6.043511] (cspc_lidar) StdoutLine: {'line': b'-- Found libusb: /usr/lib/aarch64-linux-gnu/libusb-1.0.so  \n'}
[6.048052] (cspc_lidar) StdoutLine: {'line': b'-- OpenNI found (version: 1.5.4.0, include: /usr/include/ni, lib: /usr/lib/libOpenNI.so;libusb::libusb)\n'}
[6.136966] (-) TimerEvent: {}
[6.236804] (cspc_lidar) StdoutLine: {'line': b'-- OpenNI2 found (version: 2.2.0.33, include: /usr/include/openni2, lib: /usr/lib/aarch64-linux-gnu/libOpenNI2.so;libusb::libusb)\n'}
[6.237068] (-) TimerEvent: {}
[6.337340] (-) TimerEvent: {}
[6.437718] (-) TimerEvent: {}
[6.537476] (cspc_lidar) StdoutLine: {'line': b'-- Eigen found (include: /usr/include/eigen3, version: 3.4.0)\n'}
[6.537740] (-) TimerEvent: {}
[6.551048] (cspc_lidar) StdoutLine: {'line': b'-- OpenNI found (version: 1.5.4.0, include: /usr/include/ni, lib: /usr/lib/libOpenNI.so;libusb::libusb)\n'}
[6.561991] (cspc_lidar) StdoutLine: {'line': b'-- OpenNI2 found (version: 2.2.0.33, include: /usr/include/openni2, lib: /usr/lib/aarch64-linux-gnu/libOpenNI2.so;libusb::libusb)\n'}
[6.637921] (-) TimerEvent: {}
[6.738538] (-) TimerEvent: {}
[6.821604] (cspc_lidar) StdoutLine: {'line': b'-- Found Qhull version 8.0.2\n'}
[6.838737] (-) TimerEvent: {}
[6.939461] (-) TimerEvent: {}
[7.040262] (-) TimerEvent: {}
[7.079202] (cspc_lidar) StdoutLine: {'line': b'-- OpenNI found (version: 1.5.4.0, include: /usr/include/ni, lib: /usr/lib/libOpenNI.so;libusb::libusb)\n'}
[7.140453] (-) TimerEvent: {}
[7.241177] (-) TimerEvent: {}
[7.342327] (-) TimerEvent: {}
[7.349402] (cspc_lidar) StdoutLine: {'line': b'-- Found PCL_COMMON: /usr/lib/aarch64-linux-gnu/libpcl_common.so  \n'}
[7.351682] (cspc_lidar) StdoutLine: {'line': b'-- Found PCL_KDTREE: /usr/lib/aarch64-linux-gnu/libpcl_kdtree.so  \n'}
[7.353227] (cspc_lidar) StdoutLine: {'line': b'-- Found PCL_OCTREE: /usr/lib/aarch64-linux-gnu/libpcl_octree.so  \n'}
[7.354468] (cspc_lidar) StdoutLine: {'line': b'-- Found PCL_SEARCH: /usr/lib/aarch64-linux-gnu/libpcl_search.so  \n'}
[7.355792] (cspc_lidar) StdoutLine: {'line': b'-- Found PCL_SAMPLE_CONSENSUS: /usr/lib/aarch64-linux-gnu/libpcl_sample_consensus.so  \n'}
[7.356918] (cspc_lidar) StdoutLine: {'line': b'-- Found PCL_FILTERS: /usr/lib/aarch64-linux-gnu/libpcl_filters.so  \n'}
[7.357454] (cspc_lidar) StdoutLine: {'line': b'-- Found PCL_2D: /usr/include/pcl-1.12  \n'}
[7.357954] (cspc_lidar) StdoutLine: {'line': b'-- Found PCL_GEOMETRY: /usr/include/pcl-1.12  \n'}
[7.359189] (cspc_lidar) StdoutLine: {'line': b'-- Found PCL_IO: /usr/lib/aarch64-linux-gnu/libpcl_io.so  \n'}
[7.360628] (cspc_lidar) StdoutLine: {'line': b'-- Found PCL_FEATURES: /usr/lib/aarch64-linux-gnu/libpcl_features.so  \n'}
[7.364440] (cspc_lidar) StdoutLine: {'line': b'-- Found PCL_ML: /usr/lib/aarch64-linux-gnu/libpcl_ml.so  \n'}
[7.367157] (cspc_lidar) StdoutLine: {'line': b'-- Found PCL_SEGMENTATION: /usr/lib/aarch64-linux-gnu/libpcl_segmentation.so  \n'}
[7.369051] (cspc_lidar) StdoutLine: {'line': b'-- Found PCL_VISUALIZATION: /usr/lib/aarch64-linux-gnu/libpcl_visualization.so  \n'}
[7.370540] (cspc_lidar) StdoutLine: {'line': b'-- Found PCL_SURFACE: /usr/lib/aarch64-linux-gnu/libpcl_surface.so  \n'}
[7.371857] (cspc_lidar) StdoutLine: {'line': b'-- Found PCL_REGISTRATION: /usr/lib/aarch64-linux-gnu/libpcl_registration.so  \n'}
[7.373212] (cspc_lidar) StdoutLine: {'line': b'-- Found PCL_KEYPOINTS: /usr/lib/aarch64-linux-gnu/libpcl_keypoints.so  \n'}
[7.374515] (cspc_lidar) StdoutLine: {'line': b'-- Found PCL_TRACKING: /usr/lib/aarch64-linux-gnu/libpcl_tracking.so  \n'}
[7.375783] (cspc_lidar) StdoutLine: {'line': b'-- Found PCL_RECOGNITION: /usr/lib/aarch64-linux-gnu/libpcl_recognition.so  \n'}
[7.377156] (cspc_lidar) StdoutLine: {'line': b'-- Found PCL_STEREO: /usr/lib/aarch64-linux-gnu/libpcl_stereo.so  \n'}
[7.378410] (cspc_lidar) StdoutLine: {'line': b'-- Found PCL_APPS: /usr/lib/aarch64-linux-gnu/libpcl_apps.so  \n'}
[7.379857] (cspc_lidar) StdoutLine: {'line': b'-- Found PCL_IN_HAND_SCANNER: /usr/include/pcl-1.12  \n'}
[7.380952] (cspc_lidar) StdoutLine: {'line': b'-- Found PCL_MODELER: /usr/include/pcl-1.12  \n'}
[7.381784] (cspc_lidar) StdoutLine: {'line': b'-- Found PCL_POINT_CLOUD_EDITOR: /usr/include/pcl-1.12  \n'}
[7.385182] (cspc_lidar) StdoutLine: {'line': b'-- Found PCL_OUTOFCORE: /usr/lib/aarch64-linux-gnu/libpcl_outofcore.so  \n'}
[7.387885] (cspc_lidar) StdoutLine: {'line': b'-- Found PCL_PEOPLE: /usr/lib/aarch64-linux-gnu/libpcl_people.so  \n'}
[7.390630] (cspc_lidar) StderrLine: {'line': b'\x1b[33mCMake Warning (dev) at CMakeLists.txt:19 (find_package):\n'}
[7.391115] (cspc_lidar) StderrLine: {'line': b'  Policy CMP0074 is not set: find_package uses <PackageName>_ROOT variables.\n'}
[7.391456] (cspc_lidar) StderrLine: {'line': b'  Run "cmake --help-policy CMP0074" for policy details.  Use the cmake_policy\n'}
[7.391829] (cspc_lidar) StderrLine: {'line': b'  command to set the policy and suppress this warning.\n'}
[7.392171] (cspc_lidar) StderrLine: {'line': b'\n'}
[7.392507] (cspc_lidar) StderrLine: {'line': b'  CMake variable PCL_ROOT is set to:\n'}
[7.392843] (cspc_lidar) StderrLine: {'line': b'\n'}
[7.393178] (cspc_lidar) StderrLine: {'line': b'    /usr\n'}
[7.393514] (cspc_lidar) StderrLine: {'line': b'\n'}
[7.393850] (cspc_lidar) StderrLine: {'line': b'  For compatibility, CMake is ignoring the variable.\n'}
[7.394187] (cspc_lidar) StderrLine: {'line': b'This warning is for project developers.  Use -Wno-dev to suppress it.\n'}
[7.394524] (cspc_lidar) StderrLine: {'line': b'\x1b[0m\n'}
[7.425253] (cspc_lidar) StdoutLine: {'line': b'-- Found ament_lint_auto: 0.12.15 (/opt/ros/humble/share/ament_lint_auto/cmake)\n'}
[7.442537] (-) TimerEvent: {}
[7.543220] (-) TimerEvent: {}
[7.601176] (cspc_lidar) StdoutLine: {'line': b"-- Added test 'copyright' to check source files copyright and LICENSE\n"}
[7.605136] (cspc_lidar) StdoutLine: {'line': b"-- Added test 'cppcheck' to perform static code analysis on C / C++ code\n"}
[7.605822] (cspc_lidar) StdoutLine: {'line': b'-- Configured cppcheck include dirs: /home/admin/workspace/host_udp_ws/src/cspc_lidar_sdk_ros2/include/cspc_lidar;/home/admin/workspace/host_udp_ws/src/cspc_lidar_sdk_ros2/sdk\n'}
[7.606002] (cspc_lidar) StdoutLine: {'line': b'-- Configured cppcheck exclude dirs and/or files: \n'}
[7.609586] (cspc_lidar) StdoutLine: {'line': b"-- Added test 'cpplint' to check C / C++ code against the Google style\n"}
[7.609833] (cspc_lidar) StdoutLine: {'line': b'-- Configured cpplint exclude dirs and/or files: \n'}
[7.610723] (cspc_lidar) StdoutLine: {'line': b"-- Added test 'flake8' to check Python code syntax and style conventions\n"}
[7.612012] (cspc_lidar) StdoutLine: {'line': b"-- Added test 'lint_cmake' to check CMake code style\n"}
[7.613005] (cspc_lidar) StdoutLine: {'line': b"-- Added test 'pep257' to check Python code against some of the docstring style conventions in PEP 257\n"}
[7.615825] (cspc_lidar) StdoutLine: {'line': b"-- Added test 'uncrustify' to check C / C++ code style\n"}
[7.616128] (cspc_lidar) StdoutLine: {'line': b'-- Configured uncrustify additional arguments: \n'}
[7.617200] (cspc_lidar) StdoutLine: {'line': b"-- Added test 'xmllint' to check XML markup files\n"}
[7.620862] (cspc_lidar) StdoutLine: {'line': b'-- Configuring done\n'}
[7.643329] (-) TimerEvent: {}
[7.714511] (cspc_lidar) StdoutLine: {'line': b'-- Generating done\n'}
[7.732620] (cspc_lidar) StdoutLine: {'line': b'-- Build files have been written to: /home/admin/workspace/host_udp_ws/build/cspc_lidar\n'}
[7.743446] (-) TimerEvent: {}
[7.774618] (cspc_lidar) CommandEnded: {'returncode': 0}
[7.775704] (cspc_lidar) JobProgress: {'identifier': 'cspc_lidar', 'progress': 'build'}
[7.777107] (cspc_lidar) Command: {'cmd': ['/usr/bin/cmake', '--build', '/home/admin/workspace/host_udp_ws/build/cspc_lidar', '--', '-j8', '-l8'], 'cwd': '/home/admin/workspace/host_udp_ws/build/cspc_lidar', 'env': OrderedDict([('PYTHON_BASIC_REPL', '1'), ('LESSOPEN', '| /usr/bin/lesspipe %s'), ('UMS_MOUNTPOINT', '/mnt/ums'), ('GST_V4L2_PREFERRED_FOURCC', 'NV12:YU12:NV16:YUY2'), ('LANGUAGE', 'en_US.UTF-8'), ('USER', 'admin'), ('SSH_CLIENT', '192.168.88.243 64656 22'), ('XDG_SESSION_TYPE', 'tty'), ('GIT_ASKPASS', '/home/admin/.vscode-server/cli/servers/Stable-6a49527b96e326fe62fbdb56f60e16877c9aa724/server/extensions/git/dist/askpass.sh'), ('SHLVL', '1'), ('USB_FUNCS', 'adb'), ('LD_LIBRARY_PATH', '/opt/ros/humble/opt/rviz_ogre_vendor/lib:/opt/ros/humble/lib/aarch64-linux-gnu:/opt/ros/humble/lib'), ('BROWSER', '/home/admin/.vscode-server/cli/servers/Stable-6a49527b96e326fe62fbdb56f60e16877c9aa724/server/bin/helpers/browser.sh'), ('MOTD_SHOWN', 'pam'), ('HOME', '/home/admin'), ('OLDPWD', '/home/admin/workspace'), ('TERM_PROGRAM_VERSION', '1.122.0'), ('VSCODE_IPC_HOOK_CLI', '/run/user/1000/vscode-ipc-98f9cdef-34dd-4424-9a66-fd6f0adad46c.sock'), ('GST_INSPECT_NO_COLORS', '1'), ('GST_MPP_NO_RGA', '1'), ('ROS_PYTHON_VERSION', '3'), ('COGL_DRIVER', 'gles2'), ('VSCODE_GIT_ASKPASS_MAIN', '/home/admin/.vscode-server/cli/servers/Stable-6a49527b96e326fe62fbdb56f60e16877c9aa724/server/extensions/git/dist/askpass-main.js'), ('PS1', '\\[\x1b]633;A\x07\\]\\[\x1b]633;A\x07\\]\\[\\e]0;\\u@\\h: \\w\\a\\]${debian_chroot:+($debian_chroot)}\\[\\033[01;32m\\]\\u@\\h\\[\\033[00m\\]:\\[\\033[01;34m\\]\\w\\[\\033[00m\\]\\$ \\[\x1b]633;B\x07\\]\\[\x1b]633;B\x07\\]'), ('VSCODE_GIT_ASKPASS_NODE', '/home/admin/.vscode-server/cli/servers/Stable-6a49527b96e326fe62fbdb56f60e16877c9aa724/server/node'), ('PYDEVD_DISABLE_FILE_VALIDATION', '1'), ('BUNDLED_DEBUGPY_PATH', '/home/admin/.vscode-server/extensions/ms-python.debugpy-2026.6.0-linux-arm64/bundled/libs/debugpy'), ('VSCODE_PYTHON_AUTOACTIVATE_GUARD', '1'), ('DBUS_SESSION_BUS_ADDRESS', 'unix:path=/run/user/1000/bus'), ('COLORTERM', 'truecolor'), ('COLCON_PREFIX_PATH', '/home/admin/workspace/host_udp_ws/install'), ('GST_V4L2SRC_MAX_RESOLUTION', '3840x2160'), ('ROS_DISTRO', 'humble'), ('LOGNAME', 'admin'), ('_', '/usr/bin/colcon'), ('ROS_VERSION', '2'), ('XDG_SESSION_CLASS', 'user'), ('TERM', 'xterm-256color'), ('GST_GL_API', 'gles2'), ('XDG_SESSION_ID', '9'), ('GST_VIDEO_CONVERT_PREFERRED_FORMAT', 'NV12:NV16:I420:YUY2'), ('GST_V4L2SRC_RK_DEVICES', '_mainpath:_selfpath:_bypass:_scale'), ('ROS_LOCALHOST_ONLY', '1'), ('PATH', '/home/admin/.vscode-server/cli/servers/Stable-6a49527b96e326fe62fbdb56f60e16877c9aa724/server/bin/remote-cli:/home/admin/.local/bin:/opt/ros/humble/bin:/home/admin/.local/bin:/usr/local/sbin:/usr/local/bin:/usr/sbin:/usr/bin:/sbin:/bin:/usr/games:/usr/local/games:/snap/bin:/home/admin/.vscode-server/extensions/ms-python.debugpy-2026.6.0-linux-arm64/bundled/scripts/noConfigScripts'), ('XDG_RUNTIME_DIR', '/run/user/1000'), ('GST_GL_PLATFORM', 'egl'), ('GST_DEBUG_NO_COLOR', '1'), ('GST_V4L2SRC_DEFAULT_DEVICE', '/dev/video-camera0'), ('DISPLAY', ':0'), ('VSCODE_DEBUGPY_ADAPTER_ENDPOINTS', '/home/admin/.vscode-server/extensions/ms-python.debugpy-2026.6.0-linux-arm64/.noConfigDebugAdapterEndpoints/endpoint-c929ce49067852cf.txt'), ('LANG', 'en_US.UTF-8'), ('PYTHONSTARTUP', '/home/admin/.vscode-server/data/User/workspaceStorage/2a4873d7ff7a1bb6e3391ee746fb9efe/ms-python.python/pythonrc.py'), ('LS_COLORS', 'rs=0:di=01;34:ln=01;36:mh=00:pi=40;33:so=01;35:do=01;35:bd=40;33;01:cd=40;33;01:or=40;31;01:mi=00:su=37;41:sg=30;43:ca=30;41:tw=30;42:ow=34;42:st=37;44:ex=01;32:*.tar=01;31:*.tgz=01;31:*.arc=01;31:*.arj=01;31:*.taz=01;31:*.lha=01;31:*.lz4=01;31:*.lzh=01;31:*.lzma=01;31:*.tlz=01;31:*.txz=01;31:*.tzo=01;31:*.t7z=01;31:*.zip=01;31:*.z=01;31:*.dz=01;31:*.gz=01;31:*.lrz=01;31:*.lz=01;31:*.lzo=01;31:*.xz=01;31:*.zst=01;31:*.tzst=01;31:*.bz2=01;31:*.bz=01;31:*.tbz=01;31:*.tbz2=01;31:*.tz=01;31:*.deb=01;31:*.rpm=01;31:*.jar=01;31:*.war=01;31:*.ear=01;31:*.sar=01;31:*.rar=01;31:*.alz=01;31:*.ace=01;31:*.zoo=01;31:*.cpio=01;31:*.7z=01;31:*.rz=01;31:*.cab=01;31:*.wim=01;31:*.swm=01;31:*.dwm=01;31:*.esd=01;31:*.jpg=01;35:*.jpeg=01;35:*.mjpg=01;35:*.mjpeg=01;35:*.gif=01;35:*.bmp=01;35:*.pbm=01;35:*.pgm=01;35:*.ppm=01;35:*.tga=01;35:*.xbm=01;35:*.xpm=01;35:*.tif=01;35:*.tiff=01;35:*.png=01;35:*.svg=01;35:*.svgz=01;35:*.mng=01;35:*.pcx=01;35:*.mov=01;35:*.mpg=01;35:*.mpeg=01;35:*.m2v=01;35:*.mkv=01;35:*.webm=01;35:*.webp=01;35:*.ogm=01;35:*.mp4=01;35:*.m4v=01;35:*.mp4v=01;35:*.vob=01;35:*.qt=01;35:*.nuv=01;35:*.wmv=01;35:*.asf=01;35:*.rm=01;35:*.rmvb=01;35:*.flc=01;35:*.avi=01;35:*.fli=01;35:*.flv=01;35:*.gl=01;35:*.dl=01;35:*.xcf=01;35:*.xwd=01;35:*.yuv=01;35:*.cgm=01;35:*.emf=01;35:*.ogv=01;35:*.ogx=01;35:*.aac=00;36:*.au=00;36:*.flac=00;36:*.m4a=00;36:*.mid=00;36:*.midi=00;36:*.mka=00;36:*.mp3=00;36:*.mpc=00;36:*.ogg=00;36:*.ra=00;36:*.wav=00;36:*.oga=00;36:*.opus=00;36:*.spx=00;36:*.xspf=00;36:'), ('VSCODE_GIT_IPC_HANDLE', '/run/user/1000/vscode-git-de57f957e7.sock'), ('TERM_PROGRAM', 'vscode'), ('GST_V4L2_USE_LIBV4L2', '1'), ('UMS_SIZE', '256M'), ('AMENT_PREFIX_PATH', '/opt/ros/humble'), ('LC_MESSAGES', 'en_US.UTF-8'), ('SHELL', '/bin/bash'), ('UMS_RO', '0'), ('LESSCLOSE', '/usr/bin/lesspipe %s %s'), ('UMS_FSTYPE', 'vfat'), ('VSCODE_GIT_ASKPASS_EXTRA_ARGS', ''), ('PWD', '/home/admin/workspace/host_udp_ws/build/cspc_lidar'), ('LC_ALL', 'en_US.UTF-8'), ('SSH_CONNECTION', '192.168.88.243 64656 192.168.88.181 22'), ('PYTHONPATH', '/opt/ros/humble/lib/python3.10/site-packages:/opt/ros/humble/local/lib/python3.10/dist-packages'), ('UMS_MOUNT', '0'), ('COLCON', '1'), ('CMAKE_PREFIX_PATH', '/home/admin/workspace/host_udp_ws/install/dog_udp_comm:/home/admin/workspace/host_udp_ws/install/cspc_lidar:/opt/ros/humble'), ('UMS_FILE', '/userdata/ums_shared.img')]), 'shell': False}
[7.843684] (-) TimerEvent: {}
[7.945077] (cspc_lidar) StdoutLine: {'line': b'[ 11%] \x1b[32mBuilding CXX object CMakeFiles/cspc_lidar.dir/sdk/node_lidar.cpp.o\x1b[0m\n'}
[7.945781] (-) TimerEvent: {}
[7.946387] (cspc_lidar) StdoutLine: {'line': b'[ 33%] \x1b[32mBuilding CXX object CMakeFiles/cspc_lidar.dir/sdk/timer.cpp.o\x1b[0m\n'}
[7.946883] (cspc_lidar) StdoutLine: {'line': b'[ 33%] \x1b[32mBuilding CXX object CMakeFiles/cspc_lidar.dir/sdk/serial_port.cpp.o\x1b[0m\n'}
[7.952743] (cspc_lidar) StdoutLine: {'line': b'[ 44%] \x1b[32mBuilding CXX object CMakeFiles/cspc_lidar.dir/sdk/mtime.cpp.o\x1b[0m\n'}
[7.956751] (cspc_lidar) StdoutLine: {'line': b'[ 66%] \x1b[32mBuilding CXX object CMakeFiles/cspc_lidar.dir/sdk/point_cloud_optimize.cpp.o\x1b[0m\n'}
[7.957435] (cspc_lidar) StdoutLine: {'line': b'[ 66%] \x1b[32mBuilding CXX object CMakeFiles/cspc_lidar.dir/sdk/lidar_data_processing.cpp.o\x1b[0m\n'}
[7.960283] (cspc_lidar) StdoutLine: {'line': b'[ 77%] \x1b[32mBuilding CXX object CMakeFiles/cspc_lidar.dir/sdk/calibration.cpp.o\x1b[0m\n'}
[7.980642] (cspc_lidar) StdoutLine: {'line': b'[ 88%] \x1b[32mBuilding CXX object CMakeFiles/cspc_lidar.dir/src/node_lidar_ros.cpp.o\x1b[0m\n'}
[8.048779] (-) TimerEvent: {}
[8.149249] (-) TimerEvent: {}
[8.249626] (-) TimerEvent: {}
[8.349989] (-) TimerEvent: {}
[8.450482] (-) TimerEvent: {}
[8.551233] (-) TimerEvent: {}
[8.651760] (-) TimerEvent: {}
[8.752481] (-) TimerEvent: {}
[8.852917] (-) TimerEvent: {}
[8.900254] (cspc_lidar) StderrLine: {'line': b'\x1b[01m\x1b[K/home/admin/workspace/host_udp_ws/src/cspc_lidar_sdk_ros2/sdk/lidar_data_processing.cpp:\x1b[m\x1b[K In member function \xe2\x80\x98\x1b[01m\x1b[Kbool Lidar_Data_Processing::wait_start_reply(uint64_t)\x1b[m\x1b[K\xe2\x80\x99:\n'}
[8.900814] (cspc_lidar) StderrLine: {'line': b'\x1b[01m\x1b[K/home/admin/workspace/host_udp_ws/src/cspc_lidar_sdk_ros2/sdk/lidar_data_processing.cpp:107:49:\x1b[m\x1b[K \x1b[01;35m\x1b[Kwarning: \x1b[m\x1b[Kcomparison of integer expressions of different signedness: \xe2\x80\x98\x1b[01m\x1b[Kint64_t\x1b[m\x1b[K\xe2\x80\x99 {aka \xe2\x80\x98\x1b[01m\x1b[Klong int\x1b[m\x1b[K\xe2\x80\x99} and \xe2\x80\x98\x1b[01m\x1b[Kuint64_t\x1b[m\x1b[K\xe2\x80\x99 {aka \xe2\x80\x98\x1b[01m\x1b[Klong unsigned int\x1b[m\x1b[K\xe2\x80\x99} [\x1b[01;35m\x1b[K\x1b]8;;https://gcc.gnu.org/onlinedocs/gcc/Warning-Options.html#index-Wsign-compare\x07-Wsign-compare\x1b]8;;\x07\x1b[m\x1b[K]\n'}
[8.900965] (cspc_lidar) StderrLine: {'line': b'  107 |   while (\x1b[01;35m\x1b[K(waitTime = current_times() - startTs) <= timeout\x1b[m\x1b[K){\n'}
[8.901045] (cspc_lidar) StderrLine: {'line': b'      |          \x1b[01;35m\x1b[K~~~~~~~~~~~~~~~~~~~~~~~~~~~~~~~~~~~~~~~^~~~~~~~~~\x1b[m\x1b[K\n'}
[8.901119] (cspc_lidar) StderrLine: {'line': b'\x1b[01m\x1b[K/home/admin/workspace/host_udp_ws/src/cspc_lidar_sdk_ros2/sdk/point_cloud_optimize.cpp:\x1b[m\x1b[K In member function \xe2\x80\x98\x1b[01m\x1b[Kvoid Point_cloud_optimize::PointCloudFilter(LaserScan*)\x1b[m\x1b[K\xe2\x80\x99:\n'}
[8.901193] (cspc_lidar) StderrLine: {'line': b'\x1b[01m\x1b[K/home/admin/workspace/host_udp_ws/src/cspc_lidar_sdk_ros2/sdk/point_cloud_optimize.cpp:25:25:\x1b[m\x1b[K \x1b[01;35m\x1b[Kwarning: \x1b[m\x1b[Kcomparison of integer expressions of different signedness: \xe2\x80\x98\x1b[01m\x1b[Kint\x1b[m\x1b[K\xe2\x80\x99 and \xe2\x80\x98\x1b[01m\x1b[Kstd::vector<LaserPoint>::size_type\x1b[m\x1b[K\xe2\x80\x99 {aka \xe2\x80\x98\x1b[01m\x1b[Klong unsigned int\x1b[m\x1b[K\xe2\x80\x99} [\x1b[01;35m\x1b[K\x1b]8;;https://gcc.gnu.org/onlinedocs/gcc/Warning-Options.html#index-Wsign-compare\x07-Wsign-compare\x1b]8;;\x07\x1b[m\x1b[K]\n'}
[8.901287] (cspc_lidar) StderrLine: {'line': b'   25 |         for (i0 = 0; \x1b[01;35m\x1b[Ki0 < Scan->points.size()\x1b[m\x1b[K; i0++)\n'}
[8.901360] (cspc_lidar) StderrLine: {'line': b'      |                      \x1b[01;35m\x1b[K~~~^~~~~~~~~~~~~~~~~~~~~\x1b[m\x1b[K\n'}
[8.901430] (cspc_lidar) StderrLine: {'line': b'\x1b[01m\x1b[K/home/admin/workspace/host_udp_ws/src/cspc_lidar_sdk_ros2/sdk/point_cloud_optimize.cpp:28:25:\x1b[m\x1b[K \x1b[01;35m\x1b[Kwarning: \x1b[m\x1b[Kcomparison of integer expressions of different signedness: \xe2\x80\x98\x1b[01m\x1b[Kint\x1b[m\x1b[K\xe2\x80\x99 and \xe2\x80\x98\x1b[01m\x1b[Kstd::vector<LaserPoint>::size_type\x1b[m\x1b[K\xe2\x80\x99 {aka \xe2\x80\x98\x1b[01m\x1b[Klong unsigned int\x1b[m\x1b[K\xe2\x80\x99} [\x1b[01;35m\x1b[K\x1b]8;;https://gcc.gnu.org/onlinedocs/gcc/Warning-Options.html#index-Wsign-compare\x07-Wsign-compare\x1b]8;;\x07\x1b[m\x1b[K]\n'}
[8.901504] (cspc_lidar) StderrLine: {'line': b'   28 |                 i1 = \x1b[01;35m\x1b[Ki1 < Scan->points.size()\x1b[m\x1b[K ? i1 : i1 - Scan->points.size();\n'}
[8.901593] (cspc_lidar) StderrLine: {'line': b'      |                      \x1b[01;35m\x1b[K~~~^~~~~~~~~~~~~~~~~~~~~\x1b[m\x1b[K\n'}
[8.901802] (cspc_lidar) StderrLine: {'line': b'\x1b[01m\x1b[K/home/admin/workspace/host_udp_ws/src/cspc_lidar_sdk_ros2/sdk/point_cloud_optimize.cpp:30:25:\x1b[m\x1b[K \x1b[01;35m\x1b[Kwarning: \x1b[m\x1b[Kcomparison of integer expressions of different signedness: \xe2\x80\x98\x1b[01m\x1b[Kint\x1b[m\x1b[K\xe2\x80\x99 and \xe2\x80\x98\x1b[01m\x1b[Kstd::vector<LaserPoint>::size_type\x1b[m\x1b[K\xe2\x80\x99 {aka \xe2\x80\x98\x1b[01m\x1b[Klong unsigned int\x1b[m\x1b[K\xe2\x80\x99} [\x1b[01;35m\x1b[K\x1b]8;;https://gcc.gnu.org/onlinedocs/gcc/Warning-Options.html#index-Wsign-compare\x07-Wsign-compare\x1b]8;;\x07\x1b[m\x1b[K]\n'}
[8.901905] (cspc_lidar) StderrLine: {'line': b'   30 |                 i2 = \x1b[01;35m\x1b[Ki2 < Scan->points.size()\x1b[m\x1b[K ? i2 : i2 - Scan->points.size();\n'}
[8.901979] (cspc_lidar) StderrLine: {'line': b'      |                      \x1b[01;35m\x1b[K~~~^~~~~~~~~~~~~~~~~~~~~\x1b[m\x1b[K\n'}
[8.902048] (cspc_lidar) StderrLine: {'line': b'\x1b[01m\x1b[K/home/admin/workspace/host_udp_ws/src/cspc_lidar_sdk_ros2/sdk/point_cloud_optimize.cpp:32:25:\x1b[m\x1b[K \x1b[01;35m\x1b[Kwarning: \x1b[m\x1b[Kcomparison of integer expressions of different signedness: \xe2\x80\x98\x1b[01m\x1b[Kint\x1b[m\x1b[K\xe2\x80\x99 and \xe2\x80\x98\x1b[01m\x1b[Kstd::vector<LaserPoint>::size_type\x1b[m\x1b[K\xe2\x80\x99 {aka \xe2\x80\x98\x1b[01m\x1b[Klong unsigned int\x1b[m\x1b[K\xe2\x80\x99} [\x1b[01;35m\x1b[K\x1b]8;;https://gcc.gnu.org/onlinedocs/gcc/Warning-Options.html#index-Wsign-compare\x07-Wsign-compare\x1b]8;;\x07\x1b[m\x1b[K]\n'}
[8.902154] (cspc_lidar) StderrLine: {'line': b'   32 |                 i3 = \x1b[01;35m\x1b[Ki3 < Scan->points.size()\x1b[m\x1b[K ? i3 : i3 - Scan->points.size();\n'}
[8.902375] (cspc_lidar) StderrLine: {'line': b'      |                      \x1b[01;35m\x1b[K~~~^~~~~~~~~~~~~~~~~~~~~\x1b[m\x1b[K\n'}
[8.902459] (cspc_lidar) StderrLine: {'line': b'\x1b[01m\x1b[K/home/admin/workspace/host_udp_ws/src/cspc_lidar_sdk_ros2/sdk/lidar_data_processing.cpp:\x1b[m\x1b[K In member function \xe2\x80\x98\x1b[01m\x1b[Kresult_t Lidar_Data_Processing::waitSpeedRight(uint8_t, uint64_t)\x1b[m\x1b[K\xe2\x80\x99:\n'}
[8.902552] (cspc_lidar) StderrLine: {'line': b'\x1b[01m\x1b[K/home/admin/workspace/host_udp_ws/src/cspc_lidar_sdk_ros2/sdk/lidar_data_processing.cpp:209:56:\x1b[m\x1b[K \x1b[01;35m\x1b[Kwarning: \x1b[m\x1b[Kunused parameter \xe2\x80\x98\x1b[01m\x1b[Kcmd\x1b[m\x1b[K\xe2\x80\x99 [\x1b[01;35m\x1b[K\x1b]8;;https://gcc.gnu.org/onlinedocs/gcc/Warning-Options.html#index-Wunused-parameter\x07-Wunused-parameter\x1b]8;;\x07\x1b[m\x1b[K]\n'}
[8.902629] (cspc_lidar) StderrLine: {'line': b'  209 | result_t Lidar_Data_Processing::waitSpeedRight(\x1b[01;35m\x1b[Kuint8_t cmd\x1b[m\x1b[K,uint64_t timeout)\n'}
[8.902697] (cspc_lidar) StderrLine: {'line': b'      |                                                \x1b[01;35m\x1b[K~~~~~~~~^~~\x1b[m\x1b[K\n'}
[8.904886] (cspc_lidar) StderrLine: {'line': b'\x1b[01m\x1b[K/home/admin/workspace/host_udp_ws/src/cspc_lidar_sdk_ros2/sdk/lidar_data_processing.cpp:\x1b[m\x1b[K In member function \xe2\x80\x98\x1b[01m\x1b[Kresult_t Lidar_Data_Processing::waitResponseHeader(uint8_t, uint64_t)\x1b[m\x1b[K\xe2\x80\x99:\n'}
[8.905220] (cspc_lidar) StderrLine: {'line': b'\x1b[01m\x1b[K/home/admin/workspace/host_udp_ws/src/cspc_lidar_sdk_ros2/sdk/lidar_data_processing.cpp:481:28:\x1b[m\x1b[K \x1b[01;35m\x1b[Kwarning: \x1b[m\x1b[Kformat \xe2\x80\x98\x1b[01m\x1b[K%d\x1b[m\x1b[K\xe2\x80\x99 expects argument of type \xe2\x80\x98\x1b[01m\x1b[Kint\x1b[m\x1b[K\xe2\x80\x99, but argument 4 has type \xe2\x80\x98\x1b[01m\x1b[Ksize_t\x1b[m\x1b[K\xe2\x80\x99 {aka \xe2\x80\x98\x1b[01m\x1b[Klong unsigned int\x1b[m\x1b[K\xe2\x80\x99} [\x1b[01;35m\x1b[K\x1b]8;;https://gcc.gnu.org/onlinedocs/gcc/Warning-Options.html#index-Wformat=\x07-Wformat=\x1b]8;;\x07\x1b[m\x1b[K]\n'}
[8.905312] (cspc_lidar) StderrLine: {'line': b'  481 |       printf("data**%d,%d,\x1b[01;35m\x1b[K%d\x1b[m\x1b[K\\n",check_sum_cal,recvBuffer[remainSize-1],\x1b[32m\x1b[KremainSize\x1b[m\x1b[K);\n'}
[8.905387] (cspc_lidar) StderrLine: {'line': b'      |                           \x1b[01;35m\x1b[K~^\x1b[m\x1b[K                                           \x1b[32m\x1b[K~~~~~~~~~~\x1b[m\x1b[K\n'}
[8.905456] (cspc_lidar) StderrLine: {'line': b'      |                            \x1b[01;35m\x1b[K|\x1b[m\x1b[K                                           \x1b[32m\x1b[K|\x1b[m\x1b[K\n'}
[8.905525] (cspc_lidar) StderrLine: {'line': b'      |                            \x1b[01;35m\x1b[Kint\x1b[m\x1b[K                                         \x1b[32m\x1b[Ksize_t {aka long unsigned int}\x1b[m\x1b[K\n'}
[8.905625] (cspc_lidar) StderrLine: {'line': b'      |                           \x1b[32m\x1b[K%ld\x1b[m\x1b[K\n'}
[8.910071] (cspc_lidar) StderrLine: {'line': b'\x1b[01m\x1b[K/home/admin/workspace/host_udp_ws/src/cspc_lidar_sdk_ros2/sdk/point_cloud_optimize.cpp:155:25:\x1b[m\x1b[K \x1b[01;35m\x1b[Kwarning: \x1b[m\x1b[Kcomparison of integer expressions of different signedness: \xe2\x80\x98\x1b[01m\x1b[Kint\x1b[m\x1b[K\xe2\x80\x99 and \xe2\x80\x98\x1b[01m\x1b[Kstd::vector<LaserPoint>::size_type\x1b[m\x1b[K\xe2\x80\x99 {aka \xe2\x80\x98\x1b[01m\x1b[Klong unsigned int\x1b[m\x1b[K\xe2\x80\x99} [\x1b[01;35m\x1b[K\x1b]8;;https://gcc.gnu.org/onlinedocs/gcc/Warning-Options.html#index-Wsign-compare\x07-Wsign-compare\x1b]8;;\x07\x1b[m\x1b[K]\n'}
[8.910407] (cspc_lidar) StderrLine: {'line': b'  155 |         for (i0 = 0; \x1b[01;35m\x1b[Ki0 < Scan->points.size()\x1b[m\x1b[K; i0++)\n'}
[8.910519] (cspc_lidar) StderrLine: {'line': b'      |                      \x1b[01;35m\x1b[K~~~^~~~~~~~~~~~~~~~~~~~~\x1b[m\x1b[K\n'}
[8.910706] (cspc_lidar) StderrLine: {'line': b'\x1b[01m\x1b[K/home/admin/workspace/host_udp_ws/src/cspc_lidar_sdk_ros2/sdk/point_cloud_optimize.cpp:158:25:\x1b[m\x1b[K \x1b[01;35m\x1b[Kwarning: \x1b[m\x1b[Kcomparison of integer expressions of different signedness: \xe2\x80\x98\x1b[01m\x1b[Kint\x1b[m\x1b[K\xe2\x80\x99 and \xe2\x80\x98\x1b[01m\x1b[Kstd::vector<LaserPoint>::size_type\x1b[m\x1b[K\xe2\x80\x99 {aka \xe2\x80\x98\x1b[01m\x1b[Klong unsigned int\x1b[m\x1b[K\xe2\x80\x99} [\x1b[01;35m\x1b[K\x1b]8;;https://gcc.gnu.org/onlinedocs/gcc/Warning-Options.html#index-Wsign-compare\x07-Wsign-compare\x1b]8;;\x07\x1b[m\x1b[K]\n'}
[8.910812] (cspc_lidar) StderrLine: {'line': b'  158 |                 i1 = \x1b[01;35m\x1b[Ki1 < Scan->points.size()\x1b[m\x1b[K ? i1 : i1 - Scan->points.size();\n'}
[8.911158] (cspc_lidar) StderrLine: {'line': b'      |                      \x1b[01;35m\x1b[K~~~^~~~~~~~~~~~~~~~~~~~~\x1b[m\x1b[K\n'}
[8.911256] (cspc_lidar) StderrLine: {'line': b'\x1b[01m\x1b[K/home/admin/workspace/host_udp_ws/src/cspc_lidar_sdk_ros2/sdk/point_cloud_optimize.cpp:160:25:\x1b[m\x1b[K \x1b[01;35m\x1b[Kwarning: \x1b[m\x1b[Kcomparison of integer expressions of different signedness: \xe2\x80\x98\x1b[01m\x1b[Kint\x1b[m\x1b[K\xe2\x80\x99 and \xe2\x80\x98\x1b[01m\x1b[Kstd::vector<LaserPoint>::size_type\x1b[m\x1b[K\xe2\x80\x99 {aka \xe2\x80\x98\x1b[01m\x1b[Klong unsigned int\x1b[m\x1b[K\xe2\x80\x99} [\x1b[01;35m\x1b[K\x1b]8;;https://gcc.gnu.org/onlinedocs/gcc/Warning-Options.html#index-Wsign-compare\x07-Wsign-compare\x1b]8;;\x07\x1b[m\x1b[K]\n'}
[8.911337] (cspc_lidar) StderrLine: {'line': b'  160 |                 i2 = \x1b[01;35m\x1b[Ki2 < Scan->points.size()\x1b[m\x1b[K ? i2 : i2 - Scan->points.size();\n'}
[8.911410] (cspc_lidar) StderrLine: {'line': b'      |                      \x1b[01;35m\x1b[K~~~^~~~~~~~~~~~~~~~~~~~~\x1b[m\x1b[K\n'}
[8.911478] (cspc_lidar) StderrLine: {'line': b'\x1b[01m\x1b[K/home/admin/workspace/host_udp_ws/src/cspc_lidar_sdk_ros2/sdk/point_cloud_optimize.cpp:162:25:\x1b[m\x1b[K \x1b[01;35m\x1b[Kwarning: \x1b[m\x1b[Kcomparison of integer expressions of different signedness: \xe2\x80\x98\x1b[01m\x1b[Kint\x1b[m\x1b[K\xe2\x80\x99 and \xe2\x80\x98\x1b[01m\x1b[Kstd::vector<LaserPoint>::size_type\x1b[m\x1b[K\xe2\x80\x99 {aka \xe2\x80\x98\x1b[01m\x1b[Klong unsigned int\x1b[m\x1b[K\xe2\x80\x99} [\x1b[01;35m\x1b[K\x1b]8;;https://gcc.gnu.org/onlinedocs/gcc/Warning-Options.html#index-Wsign-compare\x07-Wsign-compare\x1b]8;;\x07\x1b[m\x1b[K]\n'}
[8.911686] (cspc_lidar) StderrLine: {'line': b'  162 |                 i3 = \x1b[01;35m\x1b[Ki3 < Scan->points.size()\x1b[m\x1b[K ? i3 : i3 - Scan->points.size();\n'}
[8.911795] (cspc_lidar) StderrLine: {'line': b'      |                      \x1b[01;35m\x1b[K~~~^~~~~~~~~~~~~~~~~~~~~\x1b[m\x1b[K\n'}
[8.911884] (cspc_lidar) StderrLine: {'line': b'\x1b[01m\x1b[K/home/admin/workspace/host_udp_ws/src/cspc_lidar_sdk_ros2/sdk/point_cloud_optimize.cpp:164:25:\x1b[m\x1b[K \x1b[01;35m\x1b[Kwarning: \x1b[m\x1b[Kcomparison of integer expressions of different signedness: \xe2\x80\x98\x1b[01m\x1b[Kint\x1b[m\x1b[K\xe2\x80\x99 and \xe2\x80\x98\x1b[01m\x1b[Kstd::vector<LaserPoint>::size_type\x1b[m\x1b[K\xe2\x80\x99 {aka \xe2\x80\x98\x1b[01m\x1b[Klong unsigned int\x1b[m\x1b[K\xe2\x80\x99} [\x1b[01;35m\x1b[K\x1b]8;;https://gcc.gnu.org/onlinedocs/gcc/Warning-Options.html#index-Wsign-compare\x07-Wsign-compare\x1b]8;;\x07\x1b[m\x1b[K]\n'}
[8.911963] (cspc_lidar) StderrLine: {'line': b'  164 |                 i4 = \x1b[01;35m\x1b[Ki4 < Scan->points.size()\x1b[m\x1b[K ? i4 : i4 - Scan->points.size();\n'}
[8.912033] (cspc_lidar) StderrLine: {'line': b'      |                      \x1b[01;35m\x1b[K~~~^~~~~~~~~~~~~~~~~~~~~\x1b[m\x1b[K\n'}
[8.912106] (cspc_lidar) StderrLine: {'line': b'\x1b[01m\x1b[K/home/admin/workspace/host_udp_ws/src/cspc_lidar_sdk_ros2/sdk/lidar_data_processing.cpp:\x1b[m\x1b[K In member function \xe2\x80\x98\x1b[01m\x1b[Kresult_t Lidar_Data_Processing::waitPackage_coin(node_info*, uint32_t)\x1b[m\x1b[K\xe2\x80\x99:\n'}
[8.912680] (cspc_lidar) StderrLine: {'line': b'\x1b[01m\x1b[K/home/admin/workspace/host_udp_ws/src/cspc_lidar_sdk_ros2/sdk/lidar_data_processing.cpp:973:9:\x1b[m\x1b[K \x1b[01;35m\x1b[Kwarning: \x1b[m\x1b[Kunused variable \xe2\x80\x98\x1b[01m\x1b[Kk\x1b[m\x1b[K\xe2\x80\x99 [\x1b[01;35m\x1b[K\x1b]8;;https://gcc.gnu.org/onlinedocs/gcc/Warning-Options.html#index-Wunused-variable\x07-Wunused-variable\x1b]8;;\x07\x1b[m\x1b[K]\n'}
[8.913070] (cspc_lidar) StderrLine: {'line': b'  973 |     int \x1b[01;35m\x1b[Kk\x1b[m\x1b[K;\n'}
[8.913440] (cspc_lidar) StderrLine: {'line': b'      |         \x1b[01;35m\x1b[K^\x1b[m\x1b[K\n'}
[8.913963] (cspc_lidar) StderrLine: {'line': b'\x1b[01m\x1b[K/home/admin/workspace/host_udp_ws/src/cspc_lidar_sdk_ros2/sdk/lidar_data_processing.cpp:873:11:\x1b[m\x1b[K \x1b[01;35m\x1b[Kwarning: \x1b[m\x1b[Kvariable \xe2\x80\x98\x1b[01m\x1b[KAngleCorrectForDistance\x1b[m\x1b[K\xe2\x80\x99 set but not used [\x1b[01;35m\x1b[K\x1b]8;;https://gcc.gnu.org/onlinedocs/gcc/Warning-Options.html#index-Wunused-but-set-variable\x07-Wunused-but-set-variable\x1b]8;;\x07\x1b[m\x1b[K]\n'}
[8.914423] (cspc_lidar) StderrLine: {'line': b'  873 |   int32_t \x1b[01;35m\x1b[KAngleCorrectForDistance\x1b[m\x1b[K = 0;\n'}
[8.914819] (cspc_lidar) StderrLine: {'line': b'      |           \x1b[01;35m\x1b[K^~~~~~~~~~~~~~~~~~~~~~~\x1b[m\x1b[K\n'}
[8.915276] (cspc_lidar) StderrLine: {'line': b'\x1b[01m\x1b[K/home/admin/workspace/host_udp_ws/src/cspc_lidar_sdk_ros2/sdk/lidar_data_processing.cpp:875:11:\x1b[m\x1b[K \x1b[01;35m\x1b[Kwarning: \x1b[m\x1b[Kunused variable \xe2\x80\x98\x1b[01m\x1b[Kpackage_type\x1b[m\x1b[K\xe2\x80\x99 [\x1b[01;35m\x1b[K\x1b]8;;https://gcc.gnu.org/onlinedocs/gcc/Warning-Options.html#index-Wunused-variable\x07-Wunused-variable\x1b]8;;\x07\x1b[m\x1b[K]\n'}
[8.915877] (cspc_lidar) StderrLine: {'line': b'  875 |   uint8_t \x1b[01;35m\x1b[Kpackage_type\x1b[m\x1b[K = 0;\n'}
[8.916277] (cspc_lidar) StderrLine: {'line': b'      |           \x1b[01;35m\x1b[K^~~~~~~~~~~~\x1b[m\x1b[K\n'}
[8.916670] (cspc_lidar) StderrLine: {'line': b'\x1b[01m\x1b[K/home/admin/workspace/host_udp_ws/src/cspc_lidar_sdk_ros2/sdk/lidar_data_processing.cpp:877:12:\x1b[m\x1b[K \x1b[01;35m\x1b[Kwarning: \x1b[m\x1b[Kunused variable \xe2\x80\x98\x1b[01m\x1b[Kstart\x1b[m\x1b[K\xe2\x80\x99 [\x1b[01;35m\x1b[K\x1b]8;;https://gcc.gnu.org/onlinedocs/gcc/Warning-Options.html#index-Wunused-variable\x07-Wunused-variable\x1b]8;;\x07\x1b[m\x1b[K]\n'}
[8.917070] (cspc_lidar) StderrLine: {'line': b'  877 |   uint16_t \x1b[01;35m\x1b[Kstart\x1b[m\x1b[K;\n'}
[8.917453] (cspc_lidar) StderrLine: {'line': b'      |            \x1b[01;35m\x1b[K^~~~~\x1b[m\x1b[K\n'}
[8.917987] (cspc_lidar) StderrLine: {'line': b'\x1b[01m\x1b[K/home/admin/workspace/host_udp_ws/src/cspc_lidar_sdk_ros2/sdk/lidar_data_processing.cpp:878:12:\x1b[m\x1b[K \x1b[01;35m\x1b[Kwarning: \x1b[m\x1b[Kunused variable \xe2\x80\x98\x1b[01m\x1b[Kstop\x1b[m\x1b[K\xe2\x80\x99 [\x1b[01;35m\x1b[K\x1b]8;;https://gcc.gnu.org/onlinedocs/gcc/Warning-Options.html#index-Wunused-variable\x07-Wunused-variable\x1b]8;;\x07\x1b[m\x1b[K]\n'}
[8.918444] (cspc_lidar) StderrLine: {'line': b'  878 |   uint16_t \x1b[01;35m\x1b[Kstop\x1b[m\x1b[K;\n'}
[8.918858] (cspc_lidar) StderrLine: {'line': b'      |            \x1b[01;35m\x1b[K^~~~\x1b[m\x1b[K\n'}
[8.922787] (cspc_lidar) StderrLine: {'line': b'In file included from \x1b[01m\x1b[K/home/admin/workspace/host_udp_ws/src/cspc_lidar_sdk_ros2/sdk/serial_port.cpp:12\x1b[m\x1b[K:\n'}
[8.924291] (cspc_lidar) StderrLine: {'line': b'\x1b[01m\x1b[K/home/admin/workspace/host_udp_ws/src/cspc_lidar_sdk_ros2/sdk/serial_port.h:\x1b[m\x1b[K In constructor \xe2\x80\x98\x1b[01m\x1b[KSerial_Port::Serial_Port(const string&, uint32_t, Timeout, bytesize_t, parity_t, stopbits_t, flowcontrol_t)\x1b[m\x1b[K\xe2\x80\x99:\n'}
[8.926721] (cspc_lidar) StderrLine: {'line': b'\x1b[01m\x1b[K/home/admin/workspace/host_udp_ws/src/cspc_lidar_sdk_ros2/sdk/serial_port.h:102:14:\x1b[m\x1b[K \x1b[01;35m\x1b[Kwarning: \x1b[m\x1b[K\xe2\x80\x98\x1b[01m\x1b[KSerial_Port::bytesize_\x1b[m\x1b[K\xe2\x80\x99 will be initialized after [\x1b[01;35m\x1b[K\x1b]8;;https://gcc.gnu.org/onlinedocs/gcc/Warning-Options.html#index-Wreorder\x07-Wreorder\x1b]8;;\x07\x1b[m\x1b[K]\n'}
[8.927666] (cspc_lidar) StderrLine: {'line': b'  102 |   bytesize_t \x1b[01;35m\x1b[Kbytesize_\x1b[m\x1b[K;       // Size of the bytes\n'}
[8.928229] (cspc_lidar) StderrLine: {'line': b'      |              \x1b[01;35m\x1b[K^~~~~~~~~\x1b[m\x1b[K\n'}
[8.928794] (cspc_lidar) StderrLine: {'line': b'\x1b[01m\x1b[K/home/admin/workspace/host_udp_ws/src/cspc_lidar_sdk_ros2/sdk/serial_port.h:101:12:\x1b[m\x1b[K \x1b[01;35m\x1b[Kwarning: \x1b[m\x1b[K  \xe2\x80\x98\x1b[01m\x1b[Kparity_t Serial_Port::parity_\x1b[m\x1b[K\xe2\x80\x99 [\x1b[01;35m\x1b[K\x1b]8;;https://gcc.gnu.org/onlinedocs/gcc/Warning-Options.html#index-Wreorder\x07-Wreorder\x1b]8;;\x07\x1b[m\x1b[K]\n'}
[8.929516] (cspc_lidar) StderrLine: {'line': b'  101 |   parity_t \x1b[01;35m\x1b[Kparity_\x1b[m\x1b[K;           // Parity\n'}
[8.932375] (cspc_lidar) StderrLine: {'line': b'      |            \x1b[01;35m\x1b[K^~~~~~~\x1b[m\x1b[K\n'}
[8.932904] (cspc_lidar) StderrLine: {'line': b'\x1b[01m\x1b[K/home/admin/workspace/host_udp_ws/src/cspc_lidar_sdk_ros2/sdk/serial_port.cpp:31:1:\x1b[m\x1b[K \x1b[01;35m\x1b[Kwarning: \x1b[m\x1b[K  when initialized here [\x1b[01;35m\x1b[K\x1b]8;;https://gcc.gnu.org/onlinedocs/gcc/Warning-Options.html#index-Wreorder\x07-Wreorder\x1b]8;;\x07\x1b[m\x1b[K]\n'}
[8.933354] (cspc_lidar) StderrLine: {'line': b'   31 | \x1b[01;35m\x1b[KSerial_Port\x1b[m\x1b[K::Serial_Port(const string &port, uint32_t baudrate, Timeout timeout,\n'}
[8.933722] (cspc_lidar) StderrLine: {'line': b'      | \x1b[01;35m\x1b[K^~~~~~~~~~~\x1b[m\x1b[K\n'}
[8.934078] (cspc_lidar) StderrLine: {'line': b'\x1b[01m\x1b[K/home/admin/workspace/host_udp_ws/src/cspc_lidar_sdk_ros2/sdk/point_cloud_optimize.cpp:\x1b[m\x1b[K In member function \xe2\x80\x98\x1b[01m\x1b[Kint Point_cloud_optimize::UltrasonicSimRanging(LaserPoint&)\x1b[m\x1b[K\xe2\x80\x99:\n'}
[8.934457] (cspc_lidar) StderrLine: {'line': b'\x1b[01m\x1b[K/home/admin/workspace/host_udp_ws/src/cspc_lidar_sdk_ros2/sdk/point_cloud_optimize.cpp:228:13:\x1b[m\x1b[K \x1b[01;35m\x1b[Kwarning: \x1b[m\x1b[Kunused variable \xe2\x80\x98\x1b[01m\x1b[Ki\x1b[m\x1b[K\xe2\x80\x99 [\x1b[01;35m\x1b[K\x1b]8;;https://gcc.gnu.org/onlinedocs/gcc/Warning-Options.html#index-Wunused-variable\x07-Wunused-variable\x1b]8;;\x07\x1b[m\x1b[K]\n'}
[8.934832] (cspc_lidar) StderrLine: {'line': b'  228 |         int \x1b[01;35m\x1b[Ki\x1b[m\x1b[K, index;\n'}
[8.936135] (cspc_lidar) StderrLine: {'line': b'      |             \x1b[01;35m\x1b[K^\x1b[m\x1b[K\n'}
[8.936786] (cspc_lidar) StderrLine: {'line': b'\x1b[01m\x1b[K/home/admin/workspace/host_udp_ws/src/cspc_lidar_sdk_ros2/sdk/point_cloud_optimize.cpp:229:15:\x1b[m\x1b[K \x1b[01;35m\x1b[Kwarning: \x1b[m\x1b[Kunused variable \xe2\x80\x98\x1b[01m\x1b[Ktempdep\x1b[m\x1b[K\xe2\x80\x99 [\x1b[01;35m\x1b[K\x1b]8;;https://gcc.gnu.org/onlinedocs/gcc/Warning-Options.html#index-Wunused-variable\x07-Wunused-variable\x1b]8;;\x07\x1b[m\x1b[K]\n'}
[8.937260] (cspc_lidar) StderrLine: {'line': b'  229 |         short \x1b[01;35m\x1b[Ktempdep\x1b[m\x1b[K;\n'}
[8.937672] (cspc_lidar) StderrLine: {'line': b'      |               \x1b[01;35m\x1b[K^~~~~~~\x1b[m\x1b[K\n'}
[8.938073] (cspc_lidar) StderrLine: {'line': b'\x1b[01m\x1b[K/home/admin/workspace/host_udp_ws/src/cspc_lidar_sdk_ros2/sdk/point_cloud_optimize.cpp:253:1:\x1b[m\x1b[K \x1b[01;35m\x1b[Kwarning: \x1b[m\x1b[Kno return statement in function returning non-void [\x1b[01;35m\x1b[K\x1b]8;;https://gcc.gnu.org/onlinedocs/gcc/Warning-Options.html#index-Wreturn-type\x07-Wreturn-type\x1b]8;;\x07\x1b[m\x1b[K]\n'}
[8.938630] (cspc_lidar) StderrLine: {'line': b'  253 | \x1b[01;35m\x1b[K}\x1b[m\x1b[K\n'}
[8.939176] (cspc_lidar) StderrLine: {'line': b'      | \x1b[01;35m\x1b[K^\x1b[m\x1b[K\n'}
[8.939653] (cspc_lidar) StderrLine: {'line': b'\x1b[01m\x1b[K/home/admin/workspace/host_udp_ws/src/cspc_lidar_sdk_ros2/sdk/serial_port.cpp:\x1b[m\x1b[K In member function \xe2\x80\x98\x1b[01m\x1b[Kbool Serial_Port::setBaudrate(long unsigned int)\x1b[m\x1b[K\xe2\x80\x99:\n'}
[8.940184] (cspc_lidar) StderrLine: {'line': b'\x1b[01m\x1b[K/home/admin/workspace/host_udp_ws/src/cspc_lidar_sdk_ros2/sdk/serial_port.cpp:578:11:\x1b[m\x1b[K \x1b[01;35m\x1b[Kwarning: \x1b[m\x1b[Kunused variable \xe2\x80\x98\x1b[01m\x1b[Knew_baud\x1b[m\x1b[K\xe2\x80\x99 [\x1b[01;35m\x1b[K\x1b]8;;https://gcc.gnu.org/onlinedocs/gcc/Warning-Options.html#index-Wunused-variable\x07-Wunused-variable\x1b]8;;\x07\x1b[m\x1b[K]\n'}
[8.940707] (cspc_lidar) StderrLine: {'line': b'  578 |   speed_t \x1b[01;35m\x1b[Knew_baud\x1b[m\x1b[K = static_cast<speed_t>(baudrate);\n'}
[8.941224] (cspc_lidar) StderrLine: {'line': b'      |           \x1b[01;35m\x1b[K^~~~~~~~\x1b[m\x1b[K\n'}
[8.943708] (cspc_lidar) StderrLine: {'line': b'\x1b[01m\x1b[K/home/admin/workspace/host_udp_ws/src/cspc_lidar_sdk_ros2/sdk/point_cloud_optimize.cpp:\x1b[m\x1b[K In member function \xe2\x80\x98\x1b[01m\x1b[Kvoid Point_cloud_optimize::lidar_blocked_judge(int)\x1b[m\x1b[K\xe2\x80\x99:\n'}
[8.944506] (cspc_lidar) StderrLine: {'line': b'\x1b[01m\x1b[K/home/admin/workspace/host_udp_ws/src/cspc_lidar_sdk_ros2/sdk/point_cloud_optimize.cpp:341:60:\x1b[m\x1b[K \x1b[01;35m\x1b[Kwarning: \x1b[m\x1b[Kformat \xe2\x80\x98\x1b[01m\x1b[K%d\x1b[m\x1b[K\xe2\x80\x99 expects argument of type \xe2\x80\x98\x1b[01m\x1b[Kint\x1b[m\x1b[K\xe2\x80\x99, but argument 3 has type \xe2\x80\x98\x1b[01m\x1b[Ksize_t\x1b[m\x1b[K\xe2\x80\x99 {aka \xe2\x80\x98\x1b[01m\x1b[Klong unsigned int\x1b[m\x1b[K\xe2\x80\x99} [\x1b[01;35m\x1b[K\x1b]8;;https://gcc.gnu.org/onlinedocs/gcc/Warning-Options.html#index-Wformat=\x07-Wformat=\x1b]8;;\x07\x1b[m\x1b[K]\n'}
[8.945365] (cspc_lidar) StderrLine: {'line': b'  341 |                 printf("lidar \xe9\x9b\xb7\xe8\xbe\xbe\xe8\xa2\xab\xe4\xb8\xa5\xe9\x87\x8d\xe9\x81\xae\xe6\x8c\xa1\xe7\x99\xbe\xe5\x88\x86\xe4\xb9\x8b\xe4\xb8\x83\xe5\x8d\x81 %d,\x1b[01;35m\x1b[K%d\x1b[m\x1b[K\\n",node_lidar.lidar_block.lidar_zero_count,\x1b[32m\x1b[Knode_lidar.scan_node_count\x1b[m\x1b[K);\n'}
[8.945976] (cspc_lidar) StderrLine: {'line': b'      |                                                           \x1b[01;35m\x1b[K~^\x1b[m\x1b[K                                            \x1b[32m\x1b[K~~~~~~~~~~~~~~~~~~~~~~~~~~\x1b[m\x1b[K\n'}
[8.946463] (cspc_lidar) StderrLine: {'line': b'      |                                                            \x1b[01;35m\x1b[K|\x1b[m\x1b[K                                                       \x1b[32m\x1b[K|\x1b[m\x1b[K\n'}
[8.946965] (cspc_lidar) StderrLine: {'line': b'      |                                                            \x1b[01;35m\x1b[Kint\x1b[m\x1b[K                                                     \x1b[32m\x1b[Ksize_t {aka long unsigned int}\x1b[m\x1b[K\n'}
[8.947360] (cspc_lidar) StderrLine: {'line': b'      |                                                           \x1b[32m\x1b[K%ld\x1b[m\x1b[K\n'}
[8.947744] (cspc_lidar) StderrLine: {'line': b'\x1b[01m\x1b[K/home/admin/workspace/host_udp_ws/src/cspc_lidar_sdk_ros2/sdk/point_cloud_optimize.cpp:\x1b[m\x1b[K In member function \xe2\x80\x98\x1b[01m\x1b[Kvoid Point_cloud_optimize::lidar_blocked_init()\x1b[m\x1b[K\xe2\x80\x99:\n'}
[8.948108] (cspc_lidar) StderrLine: {'line': b'\x1b[01m\x1b[K/home/admin/workspace/host_udp_ws/src/cspc_lidar_sdk_ros2/sdk/point_cloud_optimize.cpp:404:69:\x1b[m\x1b[K \x1b[01;35m\x1b[Kwarning: \x1b[m\x1b[Ksuggest parentheses around \xe2\x80\x98\x1b[01m\x1b[K&&\x1b[m\x1b[K\xe2\x80\x99 within \xe2\x80\x98\x1b[01m\x1b[K||\x1b[m\x1b[K\xe2\x80\x99 [\x1b[01;35m\x1b[K\x1b]8;;https://gcc.gnu.org/onlinedocs/gcc/Warning-Options.html#index-Wparentheses\x07-Wparentheses\x1b]8;;\x07\x1b[m\x1b[K]\n'}
[8.948635] (cspc_lidar) StderrLine: {'line': b'  404 |                         if((angle >= 0 && angle < 90)|| \x1b[01;35m\x1b[Kangle > 270 && angle <=360\x1b[m\x1b[K){\n'}
[8.949014] (cspc_lidar) StderrLine: {'line': b'      |                                                         \x1b[01;35m\x1b[K~~~~~~~~~~~~^~~~~~~~~~~~~~\x1b[m\x1b[K\n'}
[8.949371] (cspc_lidar) StderrLine: {'line': b'\x1b[01m\x1b[K/home/admin/workspace/host_udp_ws/src/cspc_lidar_sdk_ros2/sdk/point_cloud_optimize.cpp:375:21:\x1b[m\x1b[K \x1b[01;35m\x1b[Kwarning: \x1b[m\x1b[Kunused variable \xe2\x80\x98\x1b[01m\x1b[Ktemp\x1b[m\x1b[K\xe2\x80\x99 [\x1b[01;35m\x1b[K\x1b]8;;https://gcc.gnu.org/onlinedocs/gcc/Warning-Options.html#index-Wunused-variable\x07-Wunused-variable\x1b]8;;\x07\x1b[m\x1b[K]\n'}
[8.949804] (cspc_lidar) StderrLine: {'line': b'  375 |         float r, d, \x1b[01;35m\x1b[Ktemp\x1b[m\x1b[K;\n'}
[8.950185] (cspc_lidar) StderrLine: {'line': b'      |                     \x1b[01;35m\x1b[K^~~~\x1b[m\x1b[K\n'}
[8.960676] (-) TimerEvent: {}
[8.984074] (cspc_lidar) StderrLine: {'line': b'\x1b[01m\x1b[K/home/admin/workspace/host_udp_ws/src/cspc_lidar_sdk_ros2/sdk/node_lidar.cpp:\x1b[m\x1b[K In function \xe2\x80\x98\x1b[01m\x1b[Kvoid flushSerial()\x1b[m\x1b[K\xe2\x80\x99:\n'}
[8.985579] (cspc_lidar) StderrLine: {'line': b'\x1b[01m\x1b[K/home/admin/workspace/host_udp_ws/src/cspc_lidar_sdk_ros2/sdk/node_lidar.cpp:53:24:\x1b[m\x1b[K \x1b[01;35m\x1b[Kwarning: \x1b[m\x1b[Kunused variable \xe2\x80\x98\x1b[01m\x1b[Kbytes_read\x1b[m\x1b[K\xe2\x80\x99 [\x1b[01;35m\x1b[K\x1b]8;;https://gcc.gnu.org/onlinedocs/gcc/Warning-Options.html#index-Wunused-variable\x07-Wunused-variable\x1b]8;;\x07\x1b[m\x1b[K]\n'}
[8.986446] (cspc_lidar) StderrLine: {'line': b'   53 |                 size_t \x1b[01;35m\x1b[Kbytes_read\x1b[m\x1b[K = node_lidar.serial_port->read_data(buffer, len);\n'}
[8.986922] (cspc_lidar) StderrLine: {'line': b'      |                        \x1b[01;35m\x1b[K^~~~~~~~~~\x1b[m\x1b[K\n'}
[8.987318] (cspc_lidar) StderrLine: {'line': b'\x1b[01m\x1b[K/home/admin/workspace/host_udp_ws/src/cspc_lidar_sdk_ros2/sdk/node_lidar.cpp:\x1b[m\x1b[K In function \xe2\x80\x98\x1b[01m\x1b[Kbool lidar_state_judgment()\x1b[m\x1b[K\xe2\x80\x99:\n'}
[8.987784] (cspc_lidar) StderrLine: {'line': b'\x1b[01m\x1b[K/home/admin/workspace/host_udp_ws/src/cspc_lidar_sdk_ros2/sdk/node_lidar.cpp:86:45:\x1b[m\x1b[K \x1b[01;35m\x1b[Kwarning: \x1b[m\x1b[Kformat \xe2\x80\x98\x1b[01m\x1b[K%lld\x1b[m\x1b[K\xe2\x80\x99 expects argument of type \xe2\x80\x98\x1b[01m\x1b[Klong long int\x1b[m\x1b[K\xe2\x80\x99, but argument 2 has type \xe2\x80\x98\x1b[01m\x1b[Kuint64_t\x1b[m\x1b[K\xe2\x80\x99 {aka \xe2\x80\x98\x1b[01m\x1b[Klong unsigned int\x1b[m\x1b[K\xe2\x80\x99} [\x1b[01;35m\x1b[K\x1b]8;;https://gcc.gnu.org/onlinedocs/gcc/Warning-Options.html#index-Wformat=\x07-Wformat=\x1b]8;;\x07\x1b[m\x1b[K]\n'}
[8.988518] (cspc_lidar) StderrLine: {'line': b'   86 |                 printf("\xe7\x8a\xb6\xe6\x80\x81\xe5\xbc\x82\xe5\xb8\xb8\xe9\x87\x8d\xe6\x96\xb0\xe5\x90\xaf\xe5\x8a\xa8 \x1b[01;35m\x1b[K%lld\x1b[m\x1b[K\\n",\x1b[32m\x1b[Klidar_status_time\x1b[m\x1b[K);\n'}
[8.989059] (cspc_lidar) StderrLine: {'line': b'      |                                          \x1b[01;35m\x1b[K~~~^\x1b[m\x1b[K    \x1b[32m\x1b[K~~~~~~~~~~~~~~~~~\x1b[m\x1b[K\n'}
[8.989465] (cspc_lidar) StderrLine: {'line': b'      |                                             \x1b[01;35m\x1b[K|\x1b[m\x1b[K    \x1b[32m\x1b[K|\x1b[m\x1b[K\n'}
[8.989831] (cspc_lidar) StderrLine: {'line': b'      |                                             \x1b[01;35m\x1b[K|\x1b[m\x1b[K    \x1b[32m\x1b[Kuint64_t {aka long unsigned int}\x1b[m\x1b[K\n'}
[8.990189] (cspc_lidar) StderrLine: {'line': b'      |                                             \x1b[01;35m\x1b[Klong long int\x1b[m\x1b[K\n'}
[8.990552] (cspc_lidar) StderrLine: {'line': b'      |                                          \x1b[32m\x1b[K%ld\x1b[m\x1b[K\n'}
[8.990913] (cspc_lidar) StderrLine: {'line': b'\x1b[01m\x1b[K/home/admin/workspace/host_udp_ws/src/cspc_lidar_sdk_ros2/sdk/node_lidar.cpp:62:21:\x1b[m\x1b[K \x1b[01;35m\x1b[Kwarning: \x1b[m\x1b[Kunused variable \xe2\x80\x98\x1b[01m\x1b[Kstatus_judge\x1b[m\x1b[K\xe2\x80\x99 [\x1b[01;35m\x1b[K\x1b]8;;https://gcc.gnu.org/onlinedocs/gcc/Warning-Options.html#index-Wunused-variable\x07-Wunused-variable\x1b]8;;\x07\x1b[m\x1b[K]\n'}
[8.991284] (cspc_lidar) StderrLine: {'line': b'   62 |         static bool \x1b[01;35m\x1b[Kstatus_judge\x1b[m\x1b[K = false;     //\xe6\x95\xb4\xe4\xbd\x93\xe7\x8a\xb6\xe6\x80\x81\xe5\x88\xa4\xe6\x96\xad\n'}
[8.991914] (cspc_lidar) StderrLine: {'line': b'      |                     \x1b[01;35m\x1b[K^~~~~~~~~~~~\x1b[m\x1b[K\n'}
[8.992334] (cspc_lidar) StderrLine: {'line': b'\x1b[01m\x1b[K/home/admin/workspace/host_udp_ws/src/cspc_lidar_sdk_ros2/sdk/node_lidar.cpp:65:21:\x1b[m\x1b[K \x1b[01;35m\x1b[Kwarning: \x1b[m\x1b[Kvariable \xe2\x80\x98\x1b[01m\x1b[Klidar_start_flag\x1b[m\x1b[K\xe2\x80\x99 set but not used [\x1b[01;35m\x1b[K\x1b]8;;https://gcc.gnu.org/onlinedocs/gcc/Warning-Options.html#index-Wunused-but-set-variable\x07-Wunused-but-set-variable\x1b]8;;\x07\x1b[m\x1b[K]\n'}
[8.992733] (cspc_lidar) StderrLine: {'line': b'   65 |         static bool \x1b[01;35m\x1b[Klidar_start_flag\x1b[m\x1b[K = false; //\xe4\xb8\x8b\xe5\x8f\x91\xe9\x9b\xb7\xe8\xbe\xbe\xe5\x90\xaf\xe5\x8a\xa8\xe6\x8c\x87\xe4\xbb\xa4\xe5\x90\x8e\xe7\x9a\x84\xe9\x9b\xb7\xe8\xbe\xbe\xe5\x8f\x8d\xe9\xa6\x88\xe6\xa0\x87\xe5\xbf\x97\n'}
[8.993107] (cspc_lidar) StderrLine: {'line': b'      |                     \x1b[01;35m\x1b[K^~~~~~~~~~~~~~~~\x1b[m\x1b[K\n'}
[8.993466] (cspc_lidar) StderrLine: {'line': b'\x1b[01m\x1b[K/home/admin/workspace/host_udp_ws/src/cspc_lidar_sdk_ros2/sdk/node_lidar.cpp:\x1b[m\x1b[K In function \xe2\x80\x98\x1b[01m\x1b[Kint read_forever()\x1b[m\x1b[K\xe2\x80\x99:\n'}
[8.993833] (cspc_lidar) StderrLine: {'line': b'\x1b[01m\x1b[K/home/admin/workspace/host_udp_ws/src/cspc_lidar_sdk_ros2/sdk/node_lidar.cpp:206:82:\x1b[m\x1b[K \x1b[01;35m\x1b[Kwarning: \x1b[m\x1b[Kformat \xe2\x80\x98\x1b[01m\x1b[K%d\x1b[m\x1b[K\xe2\x80\x99 expects argument of type \xe2\x80\x98\x1b[01m\x1b[Kint\x1b[m\x1b[K\xe2\x80\x99, but argument 2 has type \xe2\x80\x98\x1b[01m\x1b[Ksize_t\x1b[m\x1b[K\xe2\x80\x99 {aka \xe2\x80\x98\x1b[01m\x1b[Klong unsigned int\x1b[m\x1b[K\xe2\x80\x99} [\x1b[01;35m\x1b[K\x1b]8;;https://gcc.gnu.org/onlinedocs/gcc/Warning-Options.html#index-Wformat=\x07-Wformat=\x1b]8;;\x07\x1b[m\x1b[K]\n'}
[8.994221] (cspc_lidar) StderrLine: {'line': b'  206 |                                                         printf("full----- count=\x1b[01;35m\x1b[K%d\x1b[m\x1b[K,time=%lld,frequence=%d\\n",\x1b[32m\x1b[Kscan_count\x1b[m\x1b[K,current_times(),local_scan[0].scan_frequence);\n'}
[8.994659] (cspc_lidar) StderrLine: {'line': b'      |                                                                                 \x1b[01;35m\x1b[K~^\x1b[m\x1b[K                           \x1b[32m\x1b[K~~~~~~~~~~\x1b[m\x1b[K\n'}
[8.998797] (cspc_lidar) StderrLine: {'line': b'      |                                                                                  \x1b[01;35m\x1b[K|\x1b[m\x1b[K                           \x1b[32m\x1b[K|\x1b[m\x1b[K\n'}
[8.999269] (cspc_lidar) StderrLine: {'line': b'      |                                                                                  \x1b[01;35m\x1b[Kint\x1b[m\x1b[K                         \x1b[32m\x1b[Ksize_t {aka long unsigned int}\x1b[m\x1b[K\n'}
[8.999659] (cspc_lidar) StderrLine: {'line': b'      |                                                                                 \x1b[32m\x1b[K%ld\x1b[m\x1b[K\n'}
[9.000021] (cspc_lidar) StderrLine: {'line': b'\x1b[01m\x1b[K/home/admin/workspace/host_udp_ws/src/cspc_lidar_sdk_ros2/sdk/node_lidar.cpp:206:92:\x1b[m\x1b[K \x1b[01;35m\x1b[Kwarning: \x1b[m\x1b[Kformat \xe2\x80\x98\x1b[01m\x1b[K%lld\x1b[m\x1b[K\xe2\x80\x99 expects argument of type \xe2\x80\x98\x1b[01m\x1b[Klong long int\x1b[m\x1b[K\xe2\x80\x99, but argument 3 has type \xe2\x80\x98\x1b[01m\x1b[Kint64_t\x1b[m\x1b[K\xe2\x80\x99 {aka \xe2\x80\x98\x1b[01m\x1b[Klong int\x1b[m\x1b[K\xe2\x80\x99} [\x1b[01;35m\x1b[K\x1b]8;;https://gcc.gnu.org/onlinedocs/gcc/Warning-Options.html#index-Wformat=\x07-Wformat=\x1b]8;;\x07\x1b[m\x1b[K]\n'}
[9.000420] (cspc_lidar) StderrLine: {'line': b'  206 |                                                         printf("full----- count=%d,time=\x1b[01;35m\x1b[K%lld\x1b[m\x1b[K,frequence=%d\\n",scan_count,\x1b[32m\x1b[Kcurrent_times()\x1b[m\x1b[K,local_scan[0].scan_frequence);\n'}
[9.000821] (cspc_lidar) StderrLine: {'line': b'      |                                                                                         \x1b[01;35m\x1b[K~~~^\x1b[m\x1b[K                            \x1b[32m\x1b[K~~~~~~~~~~~~~~~\x1b[m\x1b[K\n'}
[9.001167] (cspc_lidar) StderrLine: {'line': b'      |                                                                                            \x1b[01;35m\x1b[K|\x1b[m\x1b[K                                         \x1b[32m\x1b[K|\x1b[m\x1b[K\n'}
[9.001555] (cspc_lidar) StderrLine: {'line': b'      |                                                                                            \x1b[01;35m\x1b[Klong long int\x1b[m\x1b[K                             \x1b[32m\x1b[Kint64_t {aka long int}\x1b[m\x1b[K\n'}
[9.005166] (cspc_lidar) StderrLine: {'line': b'      |                                                                                         \x1b[32m\x1b[K%ld\x1b[m\x1b[K\n'}
[9.005610] (cspc_lidar) StderrLine: {'line': b'\x1b[01m\x1b[K/home/admin/workspace/host_udp_ws/src/cspc_lidar_sdk_ros2/sdk/node_lidar.cpp:\x1b[m\x1b[K In function \xe2\x80\x98\x1b[01m\x1b[Kvoid send_lidar_data(LaserScan&)\x1b[m\x1b[K\xe2\x80\x99:\n'}
[9.005975] (cspc_lidar) StderrLine: {'line': b'\x1b[01m\x1b[K/home/admin/workspace/host_udp_ws/src/cspc_lidar_sdk_ros2/sdk/node_lidar.cpp:312:43:\x1b[m\x1b[K \x1b[01;35m\x1b[Kwarning: \x1b[m\x1b[Kcomparison of integer expressions of different signedness: \xe2\x80\x98\x1b[01m\x1b[Kint\x1b[m\x1b[K\xe2\x80\x99 and \xe2\x80\x98\x1b[01m\x1b[Ksize_t\x1b[m\x1b[K\xe2\x80\x99 {aka \xe2\x80\x98\x1b[01m\x1b[Klong unsigned int\x1b[m\x1b[K\xe2\x80\x99} [\x1b[01;35m\x1b[K\x1b]8;;https://gcc.gnu.org/onlinedocs/gcc/Warning-Options.html#index-Wsign-compare\x07-Wsign-compare\x1b]8;;\x07\x1b[m\x1b[K]\n'}
[9.006343] (cspc_lidar) StderrLine: {'line': b'  312 |                         for (int i = 0; \x1b[01;35m\x1b[Ki < count\x1b[m\x1b[K; i++)\n'}
[9.006734] (cspc_lidar) StderrLine: {'line': b'      |                                         \x1b[01;35m\x1b[K~~^~~~~~~\x1b[m\x1b[K\n'}
[9.007085] (cspc_lidar) StderrLine: {'line': b'\x1b[01m\x1b[K/home/admin/workspace/host_udp_ws/src/cspc_lidar_sdk_ros2/sdk/serial_port.cpp:\x1b[m\x1b[K In member function \xe2\x80\x98\x1b[01m\x1b[Kbool Serial_Port::setCustomBaudRate(long unsigned int)\x1b[m\x1b[K\xe2\x80\x99:\n'}
[9.007444] (cspc_lidar) StderrLine: {'line': b'\x1b[01m\x1b[K/home/admin/workspace/host_udp_ws/src/cspc_lidar_sdk_ros2/sdk/serial_port.cpp:571:1:\x1b[m\x1b[K \x1b[01;35m\x1b[Kwarning: \x1b[m\x1b[Kcontrol reaches end of non-void function [\x1b[01;35m\x1b[K\x1b]8;;https://gcc.gnu.org/onlinedocs/gcc/Warning-Options.html#index-Wreturn-type\x07-Wreturn-type\x1b]8;;\x07\x1b[m\x1b[K]\n'}
[9.007805] (cspc_lidar) StderrLine: {'line': b'  571 | \x1b[01;35m\x1b[K}\x1b[m\x1b[K\n'}
[9.008153] (cspc_lidar) StderrLine: {'line': b'      | \x1b[01;35m\x1b[K^\x1b[m\x1b[K\n'}
[9.060833] (-) TimerEvent: {}
[9.162827] (-) TimerEvent: {}
[9.168090] (cspc_lidar) StderrLine: {'line': b'\x1b[01m\x1b[K/home/admin/workspace/host_udp_ws/src/cspc_lidar_sdk_ros2/sdk/node_lidar.cpp:\x1b[m\x1b[K At global scope:\n'}
[9.168937] (cspc_lidar) StderrLine: {'line': b'\x1b[01m\x1b[K/home/admin/workspace/host_udp_ws/src/cspc_lidar_sdk_ros2/sdk/node_lidar.cpp:62:21:\x1b[m\x1b[K \x1b[01;35m\x1b[Kwarning: \x1b[m\x1b[K\xe2\x80\x98\x1b[01m\x1b[Kstatus_judge\x1b[m\x1b[K\xe2\x80\x99 defined but not used [\x1b[01;35m\x1b[K\x1b]8;;https://gcc.gnu.org/onlinedocs/gcc/Warning-Options.html#index-Wunused-variable\x07-Wunused-variable\x1b]8;;\x07\x1b[m\x1b[K]\n'}
[9.169407] (cspc_lidar) StderrLine: {'line': b'   62 |         static bool \x1b[01;35m\x1b[Kstatus_judge\x1b[m\x1b[K = false;     //\xe6\x95\xb4\xe4\xbd\x93\xe7\x8a\xb6\xe6\x80\x81\xe5\x88\xa4\xe6\x96\xad\n'}
[9.169789] (cspc_lidar) StderrLine: {'line': b'      |                     \x1b[01;35m\x1b[K^~~~~~~~~~~~\x1b[m\x1b[K\n'}
[9.262749] (-) TimerEvent: {}
[9.283750] (cspc_lidar) StderrLine: {'line': b'\x1b[01m\x1b[K/home/admin/workspace/host_udp_ws/src/cspc_lidar_sdk_ros2/sdk/calibration.cpp:\x1b[m\x1b[K In function \xe2\x80\x98\x1b[01m\x1b[Kvoid pcloud_build_by_scan(LaserScan&, pcloud_t&)\x1b[m\x1b[K\xe2\x80\x99:\n'}
[9.285113] (cspc_lidar) StderrLine: {'line': b'\x1b[01m\x1b[K/home/admin/workspace/host_udp_ws/src/cspc_lidar_sdk_ros2/sdk/calibration.cpp:44:21:\x1b[m\x1b[K \x1b[01;35m\x1b[Kwarning: \x1b[m\x1b[Kcomparison of integer expressions of different signedness: \xe2\x80\x98\x1b[01m\x1b[Kint\x1b[m\x1b[K\xe2\x80\x99 and \xe2\x80\x98\x1b[01m\x1b[Kstd::vector<LaserPoint>::size_type\x1b[m\x1b[K\xe2\x80\x99 {aka \xe2\x80\x98\x1b[01m\x1b[Klong unsigned int\x1b[m\x1b[K\xe2\x80\x99} [\x1b[01;35m\x1b[K\x1b]8;;https://gcc.gnu.org/onlinedocs/gcc/Warning-Options.html#index-Wsign-compare\x07-Wsign-compare\x1b]8;;\x07\x1b[m\x1b[K]\n'}
[9.286377] (cspc_lidar) StderrLine: {'line': b'   44 |   for (int i = 0; \x1b[01;35m\x1b[Ki < outscan.points.size()\x1b[m\x1b[K; i++)\n'}
[9.287025] (cspc_lidar) StderrLine: {'line': b'      |                   \x1b[01;35m\x1b[K~~^~~~~~~~~~~~~~~~~~~~~~~\x1b[m\x1b[K\n'}
[9.287536] (cspc_lidar) StderrLine: {'line': b'\x1b[01m\x1b[K/home/admin/workspace/host_udp_ws/src/cspc_lidar_sdk_ros2/sdk/calibration.cpp:46:11:\x1b[m\x1b[K \x1b[01;35m\x1b[Kwarning: \x1b[m\x1b[K\xe2\x80\x98\x1b[01m\x1b[Kvoid* memset(void*, int, size_t)\x1b[m\x1b[K\xe2\x80\x99 clearing an object of non-trivial type \xe2\x80\x98\x1b[01m\x1b[Kpoint_t\x1b[m\x1b[K\xe2\x80\x99 {aka \xe2\x80\x98\x1b[01m\x1b[Kstruct _point_\x1b[m\x1b[K\xe2\x80\x99}; use assignment or value-initialization instead [\x1b[01;35m\x1b[K\x1b]8;;https://gcc.gnu.org/onlinedocs/gcc/Warning-Options.html#index-Wclass-memaccess\x07-Wclass-memaccess\x1b]8;;\x07\x1b[m\x1b[K]\n'}
[9.287943] (cspc_lidar) StderrLine: {'line': b'   46 |     \x1b[01;35m\x1b[Kmemset(&point, 0, sizeof(point_t))\x1b[m\x1b[K;\n'}
[9.288351] (cspc_lidar) StderrLine: {'line': b'      |     \x1b[01;35m\x1b[K~~~~~~^~~~~~~~~~~~~~~~~~~~~~~~~~~~\x1b[m\x1b[K\n'}
[9.288731] (cspc_lidar) StderrLine: {'line': b'In file included from \x1b[01m\x1b[K/home/admin/workspace/host_udp_ws/src/cspc_lidar_sdk_ros2/sdk/calibration.cpp:8\x1b[m\x1b[K:\n'}
[9.289082] (cspc_lidar) StderrLine: {'line': b'\x1b[01m\x1b[K/home/admin/workspace/host_udp_ws/src/cspc_lidar_sdk_ros2/sdk/calibration.h:52:16:\x1b[m\x1b[K \x1b[01;36m\x1b[Knote: \x1b[m\x1b[K\xe2\x80\x98\x1b[01m\x1b[Kpoint_t\x1b[m\x1b[K\xe2\x80\x99 {aka \xe2\x80\x98\x1b[01m\x1b[Kstruct _point_\x1b[m\x1b[K\xe2\x80\x99} declared here\n'}
[9.289436] (cspc_lidar) StderrLine: {'line': b'   52 | typedef struct \x1b[01;36m\x1b[K_point_\x1b[m\x1b[K\n'}
[9.289780] (cspc_lidar) StderrLine: {'line': b'      |                \x1b[01;36m\x1b[K^~~~~~~\x1b[m\x1b[K\n'}
[9.290118] (cspc_lidar) StderrLine: {'line': b'\x1b[01m\x1b[K/home/admin/workspace/host_udp_ws/src/cspc_lidar_sdk_ros2/sdk/calibration.cpp:\x1b[m\x1b[K In function \xe2\x80\x98\x1b[01m\x1b[Kint find_index(point_t, pcloud_t&)\x1b[m\x1b[K\xe2\x80\x99:\n'}
[9.290509] (cspc_lidar) StderrLine: {'line': b'\x1b[01m\x1b[K/home/admin/workspace/host_udp_ws/src/cspc_lidar_sdk_ros2/sdk/calibration.cpp:105:9:\x1b[m\x1b[K \x1b[01;35m\x1b[Kwarning: \x1b[m\x1b[K\xe2\x80\x98\x1b[01m\x1b[Kvoid* memset(void*, int, size_t)\x1b[m\x1b[K\xe2\x80\x99 clearing an object of non-trivial type \xe2\x80\x98\x1b[01m\x1b[Kpoint_t\x1b[m\x1b[K\xe2\x80\x99 {aka \xe2\x80\x98\x1b[01m\x1b[Kstruct _point_\x1b[m\x1b[K\xe2\x80\x99}; use assignment or value-initialization instead [\x1b[01;35m\x1b[K\x1b]8;;https://gcc.gnu.org/onlinedocs/gcc/Warning-Options.html#index-Wclass-memaccess\x07-Wclass-memaccess\x1b]8;;\x07\x1b[m\x1b[K]\n'}
[9.290873] (cspc_lidar) StderrLine: {'line': b'  105 |   \x1b[01;35m\x1b[Kmemset(&point_min, 0, sizeof(point_t))\x1b[m\x1b[K;\n'}
[9.291216] (cspc_lidar) StderrLine: {'line': b'      |   \x1b[01;35m\x1b[K~~~~~~^~~~~~~~~~~~~~~~~~~~~~~~~~~~~~~~\x1b[m\x1b[K\n'}
[9.291556] (cspc_lidar) StderrLine: {'line': b'In file included from \x1b[01m\x1b[K/home/admin/workspace/host_udp_ws/src/cspc_lidar_sdk_ros2/sdk/calibration.cpp:8\x1b[m\x1b[K:\n'}
[9.291952] (cspc_lidar) StderrLine: {'line': b'\x1b[01m\x1b[K/home/admin/workspace/host_udp_ws/src/cspc_lidar_sdk_ros2/sdk/calibration.h:52:16:\x1b[m\x1b[K \x1b[01;36m\x1b[Knote: \x1b[m\x1b[K\xe2\x80\x98\x1b[01m\x1b[Kpoint_t\x1b[m\x1b[K\xe2\x80\x99 {aka \xe2\x80\x98\x1b[01m\x1b[Kstruct _point_\x1b[m\x1b[K\xe2\x80\x99} declared here\n'}
[9.292375] (cspc_lidar) StderrLine: {'line': b'   52 | typedef struct \x1b[01;36m\x1b[K_point_\x1b[m\x1b[K\n'}
[9.292722] (cspc_lidar) StderrLine: {'line': b'      |                \x1b[01;36m\x1b[K^~~~~~~\x1b[m\x1b[K\n'}
[9.293063] (cspc_lidar) StderrLine: {'line': b'\x1b[01m\x1b[K/home/admin/workspace/host_udp_ws/src/cspc_lidar_sdk_ros2/sdk/calibration.cpp:124:23:\x1b[m\x1b[K \x1b[01;35m\x1b[Kwarning: \x1b[m\x1b[Kcomparison of integer expressions of different signedness: \xe2\x80\x98\x1b[01m\x1b[Kint\x1b[m\x1b[K\xe2\x80\x99 and \xe2\x80\x98\x1b[01m\x1b[Kstd::vector<_point_>::size_type\x1b[m\x1b[K\xe2\x80\x99 {aka \xe2\x80\x98\x1b[01m\x1b[Klong unsigned int\x1b[m\x1b[K\xe2\x80\x99} [\x1b[01;35m\x1b[K\x1b]8;;https://gcc.gnu.org/onlinedocs/gcc/Warning-Options.html#index-Wsign-compare\x07-Wsign-compare\x1b]8;;\x07\x1b[m\x1b[K]\n'}
[9.293422] (cspc_lidar) StderrLine: {'line': b'  124 |   if (\x1b[01;35m\x1b[Kpoint_min.index > pcloud.data.size()\x1b[m\x1b[K)\n'}
[9.293762] (cspc_lidar) StderrLine: {'line': b'      |       \x1b[01;35m\x1b[K~~~~~~~~~~~~~~~~^~~~~~~~~~~~~~~~~~~~\x1b[m\x1b[K\n'}
[9.294104] (cspc_lidar) StderrLine: {'line': b'\x1b[01m\x1b[K/home/admin/workspace/host_udp_ws/src/cspc_lidar_sdk_ros2/sdk/calibration.cpp:\x1b[m\x1b[K In function \xe2\x80\x98\x1b[01m\x1b[Kbool intersect(LineSegment, LineSegment, Vector2D&)\x1b[m\x1b[K\xe2\x80\x99:\n'}
[9.294457] (cspc_lidar) StderrLine: {'line': b'\x1b[01m\x1b[K/home/admin/workspace/host_udp_ws/src/cspc_lidar_sdk_ros2/sdk/calibration.cpp:167:10:\x1b[m\x1b[K \x1b[01;35m\x1b[Kwarning: \x1b[m\x1b[Kunused variable \xe2\x80\x98\x1b[01m\x1b[Kcross1\x1b[m\x1b[K\xe2\x80\x99 [\x1b[01;35m\x1b[K\x1b]8;;https://gcc.gnu.org/onlinedocs/gcc/Warning-Options.html#index-Wunused-variable\x07-Wunused-variable\x1b]8;;\x07\x1b[m\x1b[K]\n'}
[9.295252] (cspc_lidar) StderrLine: {'line': b'  167 |   double \x1b[01;35m\x1b[Kcross1\x1b[m\x1b[K = position1.x * direction1.y - position1.y * direction1.x;\n'}
[9.295617] (cspc_lidar) StderrLine: {'line': b'      |          \x1b[01;35m\x1b[K^~~~~~\x1b[m\x1b[K\n'}
[9.295965] (cspc_lidar) StderrLine: {'line': b'\x1b[01m\x1b[K/home/admin/workspace/host_udp_ws/src/cspc_lidar_sdk_ros2/sdk/calibration.cpp:\x1b[m\x1b[K In function \xe2\x80\x98\x1b[01m\x1b[Kdouble pointToLineDist(point_t, double, double)\x1b[m\x1b[K\xe2\x80\x99:\n'}
[9.296316] (cspc_lidar) StderrLine: {'line': b'\x1b[01m\x1b[K/home/admin/workspace/host_udp_ws/src/cspc_lidar_sdk_ros2/sdk/calibration.cpp:439:10:\x1b[m\x1b[K \x1b[01;35m\x1b[Kwarning: \x1b[m\x1b[Kunused variable \xe2\x80\x98\x1b[01m\x1b[Ky0\x1b[m\x1b[K\xe2\x80\x99 [\x1b[01;35m\x1b[K\x1b]8;;https://gcc.gnu.org/onlinedocs/gcc/Warning-Options.html#index-Wunused-variable\x07-Wunused-variable\x1b]8;;\x07\x1b[m\x1b[K]\n'}
[9.296708] (cspc_lidar) StderrLine: {'line': b'  439 |   double \x1b[01;35m\x1b[Ky0\x1b[m\x1b[K = k * x0 + b;\n'}
[9.297047] (cspc_lidar) StderrLine: {'line': b'      |          \x1b[01;35m\x1b[K^~\x1b[m\x1b[K\n'}
[9.297388] (cspc_lidar) StderrLine: {'line': b'\x1b[01m\x1b[K/home/admin/workspace/host_udp_ws/src/cspc_lidar_sdk_ros2/sdk/calibration.cpp:\x1b[m\x1b[K In function \xe2\x80\x98\x1b[01m\x1b[Kbool line_judgment(std::vector<_point_>, point_t)\x1b[m\x1b[K\xe2\x80\x99:\n'}
[9.297732] (cspc_lidar) StderrLine: {'line': b'\x1b[01m\x1b[K/home/admin/workspace/host_udp_ws/src/cspc_lidar_sdk_ros2/sdk/calibration.cpp:462:19:\x1b[m\x1b[K \x1b[01;35m\x1b[Kwarning: \x1b[m\x1b[Kcomparison of integer expressions of different signedness: \xe2\x80\x98\x1b[01m\x1b[Kstd::vector<_point_>::size_type\x1b[m\x1b[K\xe2\x80\x99 {aka \xe2\x80\x98\x1b[01m\x1b[Klong unsigned int\x1b[m\x1b[K\xe2\x80\x99} and \xe2\x80\x98\x1b[01m\x1b[Kint\x1b[m\x1b[K\xe2\x80\x99 [\x1b[01;35m\x1b[K\x1b]8;;https://gcc.gnu.org/onlinedocs/gcc/Warning-Options.html#index-Wsign-compare\x07-Wsign-compare\x1b]8;;\x07\x1b[m\x1b[K]\n'}
[9.298117] (cspc_lidar) StderrLine: {'line': b'  462 |   if (\x1b[01;35m\x1b[Kline.size() <= reference\x1b[m\x1b[K)\n'}
[9.298643] (cspc_lidar) StderrLine: {'line': b'      |       \x1b[01;35m\x1b[K~~~~~~~~~~~~^~~~~~~~~~~~\x1b[m\x1b[K\n'}
[9.299040] (cspc_lidar) StderrLine: {'line': b'\x1b[01m\x1b[K/home/admin/workspace/host_udp_ws/src/cspc_lidar_sdk_ros2/sdk/calibration.cpp:467:19:\x1b[m\x1b[K \x1b[01;35m\x1b[Kwarning: \x1b[m\x1b[Kcomparison of integer expressions of different signedness: \xe2\x80\x98\x1b[01m\x1b[Kstd::vector<_point_>::size_type\x1b[m\x1b[K\xe2\x80\x99 {aka \xe2\x80\x98\x1b[01m\x1b[Klong unsigned int\x1b[m\x1b[K\xe2\x80\x99} and \xe2\x80\x98\x1b[01m\x1b[Kint\x1b[m\x1b[K\xe2\x80\x99 [\x1b[01;35m\x1b[K\x1b]8;;https://gcc.gnu.org/onlinedocs/gcc/Warning-Options.html#index-Wsign-compare\x07-Wsign-compare\x1b]8;;\x07\x1b[m\x1b[K]\n'}
[9.299580] (cspc_lidar) StderrLine: {'line': b'  467 |   if (\x1b[01;35m\x1b[Kline.size() <= reference\x1b[m\x1b[K)\n'}
[9.299993] (cspc_lidar) StderrLine: {'line': b'      |       \x1b[01;35m\x1b[K~~~~~~~~~~~~^~~~~~~~~~~~\x1b[m\x1b[K\n'}
[9.300404] (cspc_lidar) StderrLine: {'line': b'\x1b[01m\x1b[K/home/admin/workspace/host_udp_ws/src/cspc_lidar_sdk_ros2/sdk/calibration.cpp:471:23:\x1b[m\x1b[K \x1b[01;35m\x1b[Kwarning: \x1b[m\x1b[Kcomparison of integer expressions of different signedness: \xe2\x80\x98\x1b[01m\x1b[Kint\x1b[m\x1b[K\xe2\x80\x99 and \xe2\x80\x98\x1b[01m\x1b[Kstd::vector<_point_>::size_type\x1b[m\x1b[K\xe2\x80\x99 {aka \xe2\x80\x98\x1b[01m\x1b[Klong unsigned int\x1b[m\x1b[K\xe2\x80\x99} [\x1b[01;35m\x1b[K\x1b]8;;https://gcc.gnu.org/onlinedocs/gcc/Warning-Options.html#index-Wsign-compare\x07-Wsign-compare\x1b]8;;\x07\x1b[m\x1b[K]\n'}
[9.300793] (cspc_lidar) StderrLine: {'line': b'  471 |     for (int i = 1; \x1b[01;35m\x1b[Ki < line.size() - 1\x1b[m\x1b[K; i++)\n'}
[9.301729] (cspc_lidar) StderrLine: {'line': b'      |                     \x1b[01;35m\x1b[K~~^~~~~~~~~~~~~~~~~\x1b[m\x1b[K\n'}
[9.302298] (cspc_lidar) StderrLine: {'line': b'\x1b[01m\x1b[K/home/admin/workspace/host_udp_ws/src/cspc_lidar_sdk_ros2/sdk/calibration.cpp:\x1b[m\x1b[K In function \xe2\x80\x98\x1b[01m\x1b[Kvoid fitting_line(pcloud_t&)\x1b[m\x1b[K\xe2\x80\x99:\n'}
[9.303173] (cspc_lidar) StderrLine: {'line': b'\x1b[01m\x1b[K/home/admin/workspace/host_udp_ws/src/cspc_lidar_sdk_ros2/sdk/calibration.cpp:542:25:\x1b[m\x1b[K \x1b[01;35m\x1b[Kwarning: \x1b[m\x1b[Kcomparison of integer expressions of different signedness: \xe2\x80\x98\x1b[01m\x1b[Kstd::vector<_point_>::size_type\x1b[m\x1b[K\xe2\x80\x99 {aka \xe2\x80\x98\x1b[01m\x1b[Klong unsigned int\x1b[m\x1b[K\xe2\x80\x99} and \xe2\x80\x98\x1b[01m\x1b[Kint\x1b[m\x1b[K\xe2\x80\x99 [\x1b[01;35m\x1b[K\x1b]8;;https://gcc.gnu.org/onlinedocs/gcc/Warning-Options.html#index-Wsign-compare\x07-Wsign-compare\x1b]8;;\x07\x1b[m\x1b[K]\n'}
[9.303778] (cspc_lidar) StderrLine: {'line': b'  542 |         if (\x1b[01;35m\x1b[Kline.size() >= calibration_params.line_judgment_point_num\x1b[m\x1b[K)\n'}
[9.304177] (cspc_lidar) StderrLine: {'line': b'      |             \x1b[01;35m\x1b[K~~~~~~~~~~~~^~~~~~~~~~~~~~~~~~~~~~~~~~~~~~~~~~~~~~~~~~~~~\x1b[m\x1b[K\n'}
[9.304534] (cspc_lidar) StderrLine: {'line': b'\x1b[01m\x1b[K/home/admin/workspace/host_udp_ws/src/cspc_lidar_sdk_ros2/sdk/calibration.cpp:560:63:\x1b[m\x1b[K \x1b[01;35m\x1b[Kwarning: \x1b[m\x1b[Kcomparison of integer expressions of different signedness: \xe2\x80\x98\x1b[01m\x1b[Kstd::vector<_point_>::size_type\x1b[m\x1b[K\xe2\x80\x99 {aka \xe2\x80\x98\x1b[01m\x1b[Klong unsigned int\x1b[m\x1b[K\xe2\x80\x99} and \xe2\x80\x98\x1b[01m\x1b[Kint\x1b[m\x1b[K\xe2\x80\x99 [\x1b[01;35m\x1b[K\x1b]8;;https://gcc.gnu.org/onlinedocs/gcc/Warning-Options.html#index-Wsign-compare\x07-Wsign-compare\x1b]8;;\x07\x1b[m\x1b[K]\n'}
[9.304898] (cspc_lidar) StderrLine: {'line': b'  560 |         if(point.index == point_last_one.index && \x1b[01;35m\x1b[Kline.size() >= calibration_params.line_judgment_point_num\x1b[m\x1b[K)\n'}
[9.305303] (cspc_lidar) StderrLine: {'line': b'      |                                                   \x1b[01;35m\x1b[K~~~~~~~~~~~~^~~~~~~~~~~~~~~~~~~~~~~~~~~~~~~~~~~~~~~~~~~~~\x1b[m\x1b[K\n'}
[9.306017] (cspc_lidar) StderrLine: {'line': b'\x1b[01m\x1b[K/home/admin/workspace/host_udp_ws/src/cspc_lidar_sdk_ros2/sdk/calibration.cpp:571:26:\x1b[m\x1b[K \x1b[01;35m\x1b[Kwarning: \x1b[m\x1b[Kcomparison of integer expressions of different signedness: \xe2\x80\x98\x1b[01m\x1b[Kint\x1b[m\x1b[K\xe2\x80\x99 and \xe2\x80\x98\x1b[01m\x1b[Kstd::vector<_point_>::size_type\x1b[m\x1b[K\xe2\x80\x99 {aka \xe2\x80\x98\x1b[01m\x1b[Klong unsigned int\x1b[m\x1b[K\xe2\x80\x99} [\x1b[01;35m\x1b[K\x1b]8;;https://gcc.gnu.org/onlinedocs/gcc/Warning-Options.html#index-Wsign-compare\x07-Wsign-compare\x1b]8;;\x07\x1b[m\x1b[K]\n'}
[9.306418] (cspc_lidar) StderrLine: {'line': b'  571 |   if(\x1b[01;35m\x1b[Kpoint_record2.index < pcloud.data.size()\x1b[m\x1b[K\n'}
[9.306808] (cspc_lidar) StderrLine: {'line': b'      |      \x1b[01;35m\x1b[K~~~~~~~~~~~~~~~~~~~~^~~~~~~~~~~~~~~~~~~~\x1b[m\x1b[K\n'}
[9.307157] (cspc_lidar) StderrLine: {'line': b'\x1b[01m\x1b[K/home/admin/workspace/host_udp_ws/src/cspc_lidar_sdk_ros2/sdk/calibration.cpp:572:28:\x1b[m\x1b[K \x1b[01;35m\x1b[Kwarning: \x1b[m\x1b[Kcomparison of integer expressions of different signedness: \xe2\x80\x98\x1b[01m\x1b[Kint\x1b[m\x1b[K\xe2\x80\x99 and \xe2\x80\x98\x1b[01m\x1b[Kstd::vector<_point_>::size_type\x1b[m\x1b[K\xe2\x80\x99 {aka \xe2\x80\x98\x1b[01m\x1b[Klong unsigned int\x1b[m\x1b[K\xe2\x80\x99} [\x1b[01;35m\x1b[K\x1b]8;;https://gcc.gnu.org/onlinedocs/gcc/Warning-Options.html#index-Wsign-compare\x07-Wsign-compare\x1b]8;;\x07\x1b[m\x1b[K]\n'}
[9.307519] (cspc_lidar) StderrLine: {'line': b'  572 |   &&  \x1b[01;35m\x1b[Kpoint_last_one.index < pcloud.data.size()\x1b[m\x1b[K\n'}
[9.307865] (cspc_lidar) StderrLine: {'line': b'      |       \x1b[01;35m\x1b[K~~~~~~~~~~~~~~~~~~~~~^~~~~~~~~~~~~~~~~~~~\x1b[m\x1b[K\n'}
[9.308208] (cspc_lidar) StderrLine: {'line': b'\x1b[01m\x1b[K/home/admin/workspace/host_udp_ws/src/cspc_lidar_sdk_ros2/sdk/calibration.cpp:573:27:\x1b[m\x1b[K \x1b[01;35m\x1b[Kwarning: \x1b[m\x1b[Kcomparison of integer expressions of different signedness: \xe2\x80\x98\x1b[01m\x1b[Kint\x1b[m\x1b[K\xe2\x80\x99 and \xe2\x80\x98\x1b[01m\x1b[Kstd::vector<_point_>::size_type\x1b[m\x1b[K\xe2\x80\x99 {aka \xe2\x80\x98\x1b[01m\x1b[Klong unsigned int\x1b[m\x1b[K\xe2\x80\x99} [\x1b[01;35m\x1b[K\x1b]8;;https://gcc.gnu.org/onlinedocs/gcc/Warning-Options.html#index-Wsign-compare\x07-Wsign-compare\x1b]8;;\x07\x1b[m\x1b[K]\n'}
[9.308611] (cspc_lidar) StderrLine: {'line': b'  573 |   &&  \x1b[01;35m\x1b[Kpoint_record1.index < pcloud.data.size()\x1b[m\x1b[K)\n'}
[9.308963] (cspc_lidar) StderrLine: {'line': b'      |       \x1b[01;35m\x1b[K~~~~~~~~~~~~~~~~~~~~^~~~~~~~~~~~~~~~~~~~\x1b[m\x1b[K\n'}
[9.309313] (cspc_lidar) StderrLine: {'line': b'\x1b[01m\x1b[K/home/admin/workspace/host_udp_ws/src/cspc_lidar_sdk_ros2/sdk/calibration.cpp:597:28:\x1b[m\x1b[K \x1b[01;35m\x1b[Kwarning: \x1b[m\x1b[Kcomparison of integer expressions of different signedness: \xe2\x80\x98\x1b[01m\x1b[Kstd::vector<_point_>::size_type\x1b[m\x1b[K\xe2\x80\x99 {aka \xe2\x80\x98\x1b[01m\x1b[Klong unsigned int\x1b[m\x1b[K\xe2\x80\x99} and \xe2\x80\x98\x1b[01m\x1b[Kint\x1b[m\x1b[K\xe2\x80\x99 [\x1b[01;35m\x1b[K\x1b]8;;https://gcc.gnu.org/onlinedocs/gcc/Warning-Options.html#index-Wsign-compare\x07-Wsign-compare\x1b]8;;\x07\x1b[m\x1b[K]\n'}
[9.309737] (cspc_lidar) StderrLine: {'line': b'  597 |     if (\x1b[01;35m\x1b[Kline_append.size() >= calibration_params.line_judgment_point_num\x1b[m\x1b[K)\n'}
[9.310119] (cspc_lidar) StderrLine: {'line': b'      |         \x1b[01;35m\x1b[K~~~~~~~~~~~~~~~~~~~^~~~~~~~~~~~~~~~~~~~~~~~~~~~~~~~~~~~~~~~~~~~~\x1b[m\x1b[K\n'}
[9.310498] (cspc_lidar) StderrLine: {'line': b'\x1b[01m\x1b[K/home/admin/workspace/host_udp_ws/src/cspc_lidar_sdk_ros2/sdk/calibration.cpp:606:29:\x1b[m\x1b[K \x1b[01;35m\x1b[Kwarning: \x1b[m\x1b[Kcomparison of integer expressions of different signedness: \xe2\x80\x98\x1b[01m\x1b[Kstd::vector<_point_>::size_type\x1b[m\x1b[K\xe2\x80\x99 {aka \xe2\x80\x98\x1b[01m\x1b[Klong unsigned int\x1b[m\x1b[K\xe2\x80\x99} and \xe2\x80\x98\x1b[01m\x1b[Kint\x1b[m\x1b[K\xe2\x80\x99 [\x1b[01;35m\x1b[K\x1b]8;;https://gcc.gnu.org/onlinedocs/gcc/Warning-Options.html#index-Wsign-compare\x07-Wsign-compare\x1b]8;;\x07\x1b[m\x1b[K]\n'}
[9.310969] (cspc_lidar) StderrLine: {'line': b'  606 |             if (\x1b[01;35m\x1b[Kline.size() >= calibration_params.line_judgment_point_num\x1b[m\x1b[K)\n'}
[9.311322] (cspc_lidar) StderrLine: {'line': b'      |                 \x1b[01;35m\x1b[K~~~~~~~~~~~~^~~~~~~~~~~~~~~~~~~~~~~~~~~~~~~~~~~~~~~~~~~~~\x1b[m\x1b[K\n'}
[9.311708] (cspc_lidar) StderrLine: {'line': b'\x1b[01m\x1b[K/home/admin/workspace/host_udp_ws/src/cspc_lidar_sdk_ros2/sdk/calibration.cpp:617:68:\x1b[m\x1b[K \x1b[01;35m\x1b[Kwarning: \x1b[m\x1b[Kcomparison of integer expressions of different signedness: \xe2\x80\x98\x1b[01m\x1b[Kstd::vector<_point_>::size_type\x1b[m\x1b[K\xe2\x80\x99 {aka \xe2\x80\x98\x1b[01m\x1b[Klong unsigned int\x1b[m\x1b[K\xe2\x80\x99} and \xe2\x80\x98\x1b[01m\x1b[Kint\x1b[m\x1b[K\xe2\x80\x99 [\x1b[01;35m\x1b[K\x1b]8;;https://gcc.gnu.org/onlinedocs/gcc/Warning-Options.html#index-Wsign-compare\x07-Wsign-compare\x1b]8;;\x07\x1b[m\x1b[K]\n'}
[9.312177] (cspc_lidar) StderrLine: {'line': b'  617 |           if(point.index == point_append_last.index && \x1b[01;35m\x1b[Kline.size() >= calibration_params.line_judgment_point_num\x1b[m\x1b[K)\n'}
[9.312558] (cspc_lidar) StderrLine: {'line': b'      |                                                        \x1b[01;35m\x1b[K~~~~~~~~~~~~^~~~~~~~~~~~~~~~~~~~~~~~~~~~~~~~~~~~~~~~~~~~~\x1b[m\x1b[K\n'}
[9.312909] (cspc_lidar) StderrLine: {'line': b'\x1b[01m\x1b[K/home/admin/workspace/host_udp_ws/src/cspc_lidar_sdk_ros2/sdk/calibration.cpp:632:23:\x1b[m\x1b[K \x1b[01;35m\x1b[Kwarning: \x1b[m\x1b[Kcomparison of integer expressions of different signedness: \xe2\x80\x98\x1b[01m\x1b[Kint\x1b[m\x1b[K\xe2\x80\x99 and \xe2\x80\x98\x1b[01m\x1b[Kstd::vector<std::vector<_point_> >::size_type\x1b[m\x1b[K\xe2\x80\x99 {aka \xe2\x80\x98\x1b[01m\x1b[Klong unsigned int\x1b[m\x1b[K\xe2\x80\x99} [\x1b[01;35m\x1b[K\x1b]8;;https://gcc.gnu.org/onlinedocs/gcc/Warning-Options.html#index-Wsign-compare\x07-Wsign-compare\x1b]8;;\x07\x1b[m\x1b[K]\n'}
[9.313285] (cspc_lidar) StderrLine: {'line': b'  632 |     for (int i = 0; \x1b[01;35m\x1b[Ki < lines.size() - 1\x1b[m\x1b[K; i++)\n'}
[9.313629] (cspc_lidar) StderrLine: {'line': b'      |                     \x1b[01;35m\x1b[K~~^~~~~~~~~~~~~~~~~~\x1b[m\x1b[K\n'}
[9.313973] (cspc_lidar) StderrLine: {'line': b'\x1b[01m\x1b[K/home/admin/workspace/host_udp_ws/src/cspc_lidar_sdk_ros2/sdk/calibration.cpp:\x1b[m\x1b[K In function \xe2\x80\x98\x1b[01m\x1b[Kvoid lidar_calibration(LaserScan&)\x1b[m\x1b[K\xe2\x80\x99:\n'}
[9.314317] (cspc_lidar) StderrLine: {'line': b'\x1b[01m\x1b[K/home/admin/workspace/host_udp_ws/src/cspc_lidar_sdk_ros2/sdk/calibration.cpp:662:11:\x1b[m\x1b[K \x1b[01;35m\x1b[Kwarning: \x1b[m\x1b[K\xe2\x80\x98\x1b[01m\x1b[Kvoid* memset(void*, int, size_t)\x1b[m\x1b[K\xe2\x80\x99 clearing an object of type \xe2\x80\x98\x1b[01m\x1b[Kstruct LaserPoint\x1b[m\x1b[K\xe2\x80\x99 with no trivial copy-assignment; use assignment or value-initialization instead [\x1b[01;35m\x1b[K\x1b]8;;https://gcc.gnu.org/onlinedocs/gcc/Warning-Options.html#index-Wclass-memaccess\x07-Wclass-memaccess\x1b]8;;\x07\x1b[m\x1b[K]\n'}
[9.314737] (cspc_lidar) StderrLine: {'line': b'  662 |     \x1b[01;35m\x1b[Kmemset(&outscan_point, 0, sizeof(LaserPoint))\x1b[m\x1b[K;\n'}
[9.315124] (cspc_lidar) StderrLine: {'line': b'      |     \x1b[01;35m\x1b[K~~~~~~^~~~~~~~~~~~~~~~~~~~~~~~~~~~~~~~~~~~~~~\x1b[m\x1b[K\n'}
[9.315483] (cspc_lidar) StderrLine: {'line': b'In file included from \x1b[01m\x1b[K/home/admin/workspace/host_udp_ws/src/cspc_lidar_sdk_ros2/sdk/calibration.h:4\x1b[m\x1b[K,\n'}
[9.315830] (cspc_lidar) StderrLine: {'line': b'                 from \x1b[01m\x1b[K/home/admin/workspace/host_udp_ws/src/cspc_lidar_sdk_ros2/sdk/calibration.cpp:8\x1b[m\x1b[K:\n'}
[9.316177] (cspc_lidar) StderrLine: {'line': b'\x1b[01m\x1b[K/home/admin/workspace/host_udp_ws/src/cspc_lidar_sdk_ros2/sdk/lidar_information.h:210:8:\x1b[m\x1b[K \x1b[01;36m\x1b[Knote: \x1b[m\x1b[K\xe2\x80\x98\x1b[01m\x1b[Kstruct LaserPoint\x1b[m\x1b[K\xe2\x80\x99 declared here\n'}
[9.316563] (cspc_lidar) StderrLine: {'line': b'  210 | struct \x1b[01;36m\x1b[KLaserPoint\x1b[m\x1b[K\n'}
[9.316907] (cspc_lidar) StderrLine: {'line': b'      |        \x1b[01;36m\x1b[K^~~~~~~~~~\x1b[m\x1b[K\n'}
[9.362978] (-) TimerEvent: {}
[9.464205] (-) TimerEvent: {}
[9.565533] (-) TimerEvent: {}
[9.666375] (-) TimerEvent: {}
[9.767134] (-) TimerEvent: {}
[9.868418] (-) TimerEvent: {}
[9.969744] (-) TimerEvent: {}
[10.070760] (-) TimerEvent: {}
[10.171325] (-) TimerEvent: {}
[10.271874] (-) TimerEvent: {}
[10.372801] (-) TimerEvent: {}
[10.473986] (-) TimerEvent: {}
[10.574706] (-) TimerEvent: {}
[10.675403] (-) TimerEvent: {}
[10.776240] (-) TimerEvent: {}
[10.877321] (-) TimerEvent: {}
[10.978100] (-) TimerEvent: {}
[11.078864] (-) TimerEvent: {}
[11.179689] (-) TimerEvent: {}
[11.281204] (-) TimerEvent: {}
[11.382545] (-) TimerEvent: {}
[11.483223] (-) TimerEvent: {}
[11.583952] (-) TimerEvent: {}
[11.684678] (-) TimerEvent: {}
[11.785819] (-) TimerEvent: {}
[11.886655] (-) TimerEvent: {}
[11.987647] (-) TimerEvent: {}
[12.088683] (-) TimerEvent: {}
[12.189458] (-) TimerEvent: {}
[12.290400] (-) TimerEvent: {}
[12.391369] (-) TimerEvent: {}
[12.492132] (-) TimerEvent: {}
[12.592791] (-) TimerEvent: {}
[12.693801] (-) TimerEvent: {}
[12.794544] (-) TimerEvent: {}
[12.895227] (-) TimerEvent: {}
[12.995919] (-) TimerEvent: {}
[13.096617] (-) TimerEvent: {}
[13.197404] (-) TimerEvent: {}
[13.298257] (-) TimerEvent: {}
[13.398913] (-) TimerEvent: {}
[13.499569] (-) TimerEvent: {}
[13.600043] (-) TimerEvent: {}
[13.700546] (-) TimerEvent: {}
[13.801240] (-) TimerEvent: {}
[13.902188] (-) TimerEvent: {}
[14.003069] (-) TimerEvent: {}
[14.104063] (-) TimerEvent: {}
[14.204945] (-) TimerEvent: {}
[14.305804] (-) TimerEvent: {}
[14.407143] (-) TimerEvent: {}
[14.508201] (-) TimerEvent: {}
[14.610225] (-) TimerEvent: {}
[14.710918] (-) TimerEvent: {}
[14.812112] (-) TimerEvent: {}
[14.913689] (-) TimerEvent: {}
[15.014764] (-) TimerEvent: {}
[15.116019] (-) TimerEvent: {}
[15.216659] (-) TimerEvent: {}
[15.317340] (-) TimerEvent: {}
[15.418008] (-) TimerEvent: {}
[15.518570] (-) TimerEvent: {}
[15.618920] (-) TimerEvent: {}
[15.719264] (-) TimerEvent: {}
[15.819682] (-) TimerEvent: {}
[15.920025] (-) TimerEvent: {}
[16.020368] (-) TimerEvent: {}
[16.120732] (-) TimerEvent: {}
[16.221293] (-) TimerEvent: {}
[16.322179] (-) TimerEvent: {}
[16.422586] (-) TimerEvent: {}
[16.523142] (-) TimerEvent: {}
[16.623957] (-) TimerEvent: {}
[16.724989] (-) TimerEvent: {}
[16.825647] (-) TimerEvent: {}
[16.926289] (-) TimerEvent: {}
[17.026963] (-) TimerEvent: {}
[17.127666] (-) TimerEvent: {}
[17.228421] (-) TimerEvent: {}
[17.329431] (-) TimerEvent: {}
[17.430368] (-) TimerEvent: {}
[17.531039] (-) TimerEvent: {}
[17.631786] (-) TimerEvent: {}
[17.732666] (-) TimerEvent: {}
[17.833805] (-) TimerEvent: {}
[17.934890] (-) TimerEvent: {}
[18.036022] (-) TimerEvent: {}
[18.136764] (-) TimerEvent: {}
[18.171286] (cspc_lidar) StderrLine: {'line': b'\x1b[01m\x1b[K/home/admin/workspace/host_udp_ws/src/cspc_lidar_sdk_ros2/src/node_lidar_ros.cpp:\x1b[m\x1b[K In function \xe2\x80\x98\x1b[01m\x1b[Kvoid Scan_to_PointCloud(LaserScan&, sensor_msgs::msg::PointCloud2&)\x1b[m\x1b[K\xe2\x80\x99:\n'}
[18.171920] (cspc_lidar) StderrLine: {'line': b'\x1b[01m\x1b[K/home/admin/workspace/host_udp_ws/src/cspc_lidar_sdk_ros2/src/node_lidar_ros.cpp:85:24:\x1b[m\x1b[K \x1b[01;35m\x1b[Kwarning: \x1b[m\x1b[Kcomparison of integer expressions of different signedness: \xe2\x80\x98\x1b[01m\x1b[Kint\x1b[m\x1b[K\xe2\x80\x99 and \xe2\x80\x98\x1b[01m\x1b[Kstd::vector<LaserPoint>::size_type\x1b[m\x1b[K\xe2\x80\x99 {aka \xe2\x80\x98\x1b[01m\x1b[Klong unsigned int\x1b[m\x1b[K\xe2\x80\x99} [\x1b[01;35m\x1b[K\x1b]8;;https://gcc.gnu.org/onlinedocs/gcc/Warning-Options.html#index-Wsign-compare\x07-Wsign-compare\x1b]8;;\x07\x1b[m\x1b[K]\n'}
[18.172345] (cspc_lidar) StderrLine: {'line': b'   85 |         for(int i = 0;\x1b[01;35m\x1b[Ki<scan.points.size()\x1b[m\x1b[K;i++)\n'}
[18.172722] (cspc_lidar) StderrLine: {'line': b'      |                       \x1b[01;35m\x1b[K~^~~~~~~~~~~~~~~~~~~\x1b[m\x1b[K\n'}
[18.203964] (cspc_lidar) StderrLine: {'line': b'\x1b[01m\x1b[K/home/admin/workspace/host_udp_ws/src/cspc_lidar_sdk_ros2/src/node_lidar_ros.cpp:\x1b[m\x1b[K In function \xe2\x80\x98\x1b[01m\x1b[Kint main(int, char**)\x1b[m\x1b[K\xe2\x80\x99:\n'}
[18.204811] (cspc_lidar) StderrLine: {'line': b'\x1b[01m\x1b[K/home/admin/workspace/host_udp_ws/src/cspc_lidar_sdk_ros2/src/node_lidar_ros.cpp:181:40:\x1b[m\x1b[K \x1b[01;35m\x1b[Kwarning: \x1b[m\x1b[Kcomparison of integer expressions of different signedness: \xe2\x80\x98\x1b[01m\x1b[Kint\x1b[m\x1b[K\xe2\x80\x99 and \xe2\x80\x98\x1b[01m\x1b[Kstd::vector<LaserPoint>::size_type\x1b[m\x1b[K\xe2\x80\x99 {aka \xe2\x80\x98\x1b[01m\x1b[Klong unsigned int\x1b[m\x1b[K\xe2\x80\x99} [\x1b[01;35m\x1b[K\x1b]8;;https://gcc.gnu.org/onlinedocs/gcc/Warning-Options.html#index-Wsign-compare\x07-Wsign-compare\x1b]8;;\x07\x1b[m\x1b[K]\n'}
[18.204973] (cspc_lidar) StderrLine: {'line': b'  181 |                         for(int i=0; \x1b[01;35m\x1b[Ki < scan.points.size()\x1b[m\x1b[K; i++) {\n'}
[18.205062] (cspc_lidar) StderrLine: {'line': b'      |                                      \x1b[01;35m\x1b[K~~^~~~~~~~~~~~~~~~~~~~\x1b[m\x1b[K\n'}
[18.236955] (-) TimerEvent: {}
[18.337368] (-) TimerEvent: {}
[18.437740] (-) TimerEvent: {}
[18.538225] (-) TimerEvent: {}
[18.638868] (-) TimerEvent: {}
[18.739270] (-) TimerEvent: {}
[18.839783] (-) TimerEvent: {}
[18.940167] (-) TimerEvent: {}
[19.040563] (-) TimerEvent: {}
[19.141033] (-) TimerEvent: {}
[19.241721] (-) TimerEvent: {}
[19.342465] (-) TimerEvent: {}
[19.443156] (-) TimerEvent: {}
[19.543839] (-) TimerEvent: {}
[19.644748] (-) TimerEvent: {}
[19.746166] (-) TimerEvent: {}
[19.847722] (-) TimerEvent: {}
[19.948414] (-) TimerEvent: {}
[20.049080] (-) TimerEvent: {}
[20.149825] (-) TimerEvent: {}
[20.250787] (-) TimerEvent: {}
[20.352013] (-) TimerEvent: {}
[20.452934] (-) TimerEvent: {}
[20.553640] (-) TimerEvent: {}
[20.654257] (-) TimerEvent: {}
[20.754646] (-) TimerEvent: {}
[20.855065] (-) TimerEvent: {}
[20.955494] (-) TimerEvent: {}
[21.056046] (-) TimerEvent: {}
[21.156514] (-) TimerEvent: {}
[21.257000] (-) TimerEvent: {}
[21.357497] (-) TimerEvent: {}
[21.458156] (-) TimerEvent: {}
[21.558617] (-) TimerEvent: {}
[21.659354] (-) TimerEvent: {}
[21.760375] (-) TimerEvent: {}
[21.861635] (-) TimerEvent: {}
[21.962727] (-) TimerEvent: {}
[22.063896] (-) TimerEvent: {}
[22.164684] (-) TimerEvent: {}
[22.265887] (-) TimerEvent: {}
[22.367133] (-) TimerEvent: {}
[22.468992] (-) TimerEvent: {}
[22.569814] (-) TimerEvent: {}
[22.670899] (-) TimerEvent: {}
[22.771612] (-) TimerEvent: {}
[22.872307] (-) TimerEvent: {}
[22.973115] (-) TimerEvent: {}
[23.073730] (-) TimerEvent: {}
[23.174120] (-) TimerEvent: {}
[23.274735] (-) TimerEvent: {}
[23.375743] (-) TimerEvent: {}
[23.476675] (-) TimerEvent: {}
[23.577661] (-) TimerEvent: {}
[23.678500] (-) TimerEvent: {}
[23.779268] (-) TimerEvent: {}
[23.880134] (-) TimerEvent: {}
[23.980864] (-) TimerEvent: {}
[24.081529] (-) TimerEvent: {}
[24.182187] (-) TimerEvent: {}
[24.282769] (-) TimerEvent: {}
[24.383291] (-) TimerEvent: {}
[24.483846] (-) TimerEvent: {}
[24.584437] (-) TimerEvent: {}
[24.685642] (-) TimerEvent: {}
[24.786330] (-) TimerEvent: {}
[24.887278] (-) TimerEvent: {}
[24.988265] (-) TimerEvent: {}
[25.089002] (-) TimerEvent: {}
[25.189799] (-) TimerEvent: {}
[25.290701] (-) TimerEvent: {}
[25.391461] (-) TimerEvent: {}
[25.492608] (-) TimerEvent: {}
[25.593500] (-) TimerEvent: {}
[25.694179] (-) TimerEvent: {}
[25.795038] (-) TimerEvent: {}
[25.895695] (-) TimerEvent: {}
[25.996418] (-) TimerEvent: {}
[26.097183] (-) TimerEvent: {}
[26.198034] (-) TimerEvent: {}
[26.298673] (-) TimerEvent: {}
[26.399030] (-) TimerEvent: {}
[26.499467] (-) TimerEvent: {}
[26.600048] (-) TimerEvent: {}
[26.700429] (-) TimerEvent: {}
[26.800791] (-) TimerEvent: {}
[26.901407] (-) TimerEvent: {}
[27.002348] (-) TimerEvent: {}
[27.103594] (-) TimerEvent: {}
[27.204845] (-) TimerEvent: {}
[27.305519] (-) TimerEvent: {}
[27.406219] (-) TimerEvent: {}
[27.506899] (-) TimerEvent: {}
[27.607561] (-) TimerEvent: {}
[27.708259] (-) TimerEvent: {}
[27.809033] (-) TimerEvent: {}
[27.909720] (-) TimerEvent: {}
[28.010409] (-) TimerEvent: {}
[28.111182] (-) TimerEvent: {}
[28.212224] (-) TimerEvent: {}
[28.312954] (-) TimerEvent: {}
[28.413703] (-) TimerEvent: {}
[28.514287] (-) TimerEvent: {}
[28.614631] (-) TimerEvent: {}
[28.715197] (-) TimerEvent: {}
[28.815954] (-) TimerEvent: {}
[28.916977] (-) TimerEvent: {}
[29.019032] (-) TimerEvent: {}
[29.119502] (-) TimerEvent: {}
[29.219940] (-) TimerEvent: {}
[29.320584] (-) TimerEvent: {}
[29.421077] (-) TimerEvent: {}
[29.521578] (-) TimerEvent: {}
[29.622059] (-) TimerEvent: {}
[29.723117] (-) TimerEvent: {}
[29.824259] (-) TimerEvent: {}
[29.924957] (-) TimerEvent: {}
[30.025648] (-) TimerEvent: {}
[30.126336] (-) TimerEvent: {}
[30.227091] (-) TimerEvent: {}
[30.327954] (-) TimerEvent: {}
[30.426283] (cspc_lidar) StdoutLine: {'line': b'[100%] \x1b[32m\x1b[1mLinking CXX executable cspc_lidar\x1b[0m\n'}
[30.427966] (-) TimerEvent: {}
[30.528318] (-) TimerEvent: {}
[30.628821] (-) TimerEvent: {}
[30.729622] (-) TimerEvent: {}
[30.830362] (-) TimerEvent: {}
[30.931162] (-) TimerEvent: {}
[31.032110] (-) TimerEvent: {}
[31.132849] (-) TimerEvent: {}
[31.233630] (-) TimerEvent: {}
[31.334362] (-) TimerEvent: {}
[31.435274] (-) TimerEvent: {}
[31.536923] (-) TimerEvent: {}
[31.638215] (-) TimerEvent: {}
[31.739190] (-) TimerEvent: {}
[31.840481] (-) TimerEvent: {}
[31.941432] (-) TimerEvent: {}
[32.042347] (-) TimerEvent: {}
[32.144210] (-) TimerEvent: {}
[32.245121] (-) TimerEvent: {}
[32.345957] (-) TimerEvent: {}
[32.447415] (-) TimerEvent: {}
[32.548526] (-) TimerEvent: {}
[32.622784] (cspc_lidar) StdoutLine: {'line': b'[100%] Built target cspc_lidar\n'}
[32.648610] (-) TimerEvent: {}
[32.657685] (cspc_lidar) CommandEnded: {'returncode': 0}
[32.660351] (cspc_lidar) JobProgress: {'identifier': 'cspc_lidar', 'progress': 'install'}
[32.699598] (cspc_lidar) Command: {'cmd': ['/usr/bin/cmake', '--install', '/home/admin/workspace/host_udp_ws/build/cspc_lidar'], 'cwd': '/home/admin/workspace/host_udp_ws/build/cspc_lidar', 'env': OrderedDict([('PYTHON_BASIC_REPL', '1'), ('LESSOPEN', '| /usr/bin/lesspipe %s'), ('UMS_MOUNTPOINT', '/mnt/ums'), ('GST_V4L2_PREFERRED_FOURCC', 'NV12:YU12:NV16:YUY2'), ('LANGUAGE', 'en_US.UTF-8'), ('USER', 'admin'), ('SSH_CLIENT', '192.168.88.243 64656 22'), ('XDG_SESSION_TYPE', 'tty'), ('GIT_ASKPASS', '/home/admin/.vscode-server/cli/servers/Stable-6a49527b96e326fe62fbdb56f60e16877c9aa724/server/extensions/git/dist/askpass.sh'), ('SHLVL', '1'), ('USB_FUNCS', 'adb'), ('LD_LIBRARY_PATH', '/opt/ros/humble/opt/rviz_ogre_vendor/lib:/opt/ros/humble/lib/aarch64-linux-gnu:/opt/ros/humble/lib'), ('BROWSER', '/home/admin/.vscode-server/cli/servers/Stable-6a49527b96e326fe62fbdb56f60e16877c9aa724/server/bin/helpers/browser.sh'), ('MOTD_SHOWN', 'pam'), ('HOME', '/home/admin'), ('OLDPWD', '/home/admin/workspace'), ('TERM_PROGRAM_VERSION', '1.122.0'), ('VSCODE_IPC_HOOK_CLI', '/run/user/1000/vscode-ipc-98f9cdef-34dd-4424-9a66-fd6f0adad46c.sock'), ('GST_INSPECT_NO_COLORS', '1'), ('GST_MPP_NO_RGA', '1'), ('ROS_PYTHON_VERSION', '3'), ('COGL_DRIVER', 'gles2'), ('VSCODE_GIT_ASKPASS_MAIN', '/home/admin/.vscode-server/cli/servers/Stable-6a49527b96e326fe62fbdb56f60e16877c9aa724/server/extensions/git/dist/askpass-main.js'), ('PS1', '\\[\x1b]633;A\x07\\]\\[\x1b]633;A\x07\\]\\[\\e]0;\\u@\\h: \\w\\a\\]${debian_chroot:+($debian_chroot)}\\[\\033[01;32m\\]\\u@\\h\\[\\033[00m\\]:\\[\\033[01;34m\\]\\w\\[\\033[00m\\]\\$ \\[\x1b]633;B\x07\\]\\[\x1b]633;B\x07\\]'), ('VSCODE_GIT_ASKPASS_NODE', '/home/admin/.vscode-server/cli/servers/Stable-6a49527b96e326fe62fbdb56f60e16877c9aa724/server/node'), ('PYDEVD_DISABLE_FILE_VALIDATION', '1'), ('BUNDLED_DEBUGPY_PATH', '/home/admin/.vscode-server/extensions/ms-python.debugpy-2026.6.0-linux-arm64/bundled/libs/debugpy'), ('VSCODE_PYTHON_AUTOACTIVATE_GUARD', '1'), ('DBUS_SESSION_BUS_ADDRESS', 'unix:path=/run/user/1000/bus'), ('COLORTERM', 'truecolor'), ('COLCON_PREFIX_PATH', '/home/admin/workspace/host_udp_ws/install'), ('GST_V4L2SRC_MAX_RESOLUTION', '3840x2160'), ('ROS_DISTRO', 'humble'), ('LOGNAME', 'admin'), ('_', '/usr/bin/colcon'), ('ROS_VERSION', '2'), ('XDG_SESSION_CLASS', 'user'), ('TERM', 'xterm-256color'), ('GST_GL_API', 'gles2'), ('XDG_SESSION_ID', '9'), ('GST_VIDEO_CONVERT_PREFERRED_FORMAT', 'NV12:NV16:I420:YUY2'), ('GST_V4L2SRC_RK_DEVICES', '_mainpath:_selfpath:_bypass:_scale'), ('ROS_LOCALHOST_ONLY', '1'), ('PATH', '/home/admin/.vscode-server/cli/servers/Stable-6a49527b96e326fe62fbdb56f60e16877c9aa724/server/bin/remote-cli:/home/admin/.local/bin:/opt/ros/humble/bin:/home/admin/.local/bin:/usr/local/sbin:/usr/local/bin:/usr/sbin:/usr/bin:/sbin:/bin:/usr/games:/usr/local/games:/snap/bin:/home/admin/.vscode-server/extensions/ms-python.debugpy-2026.6.0-linux-arm64/bundled/scripts/noConfigScripts'), ('XDG_RUNTIME_DIR', '/run/user/1000'), ('GST_GL_PLATFORM', 'egl'), ('GST_DEBUG_NO_COLOR', '1'), ('GST_V4L2SRC_DEFAULT_DEVICE', '/dev/video-camera0'), ('DISPLAY', ':0'), ('VSCODE_DEBUGPY_ADAPTER_ENDPOINTS', '/home/admin/.vscode-server/extensions/ms-python.debugpy-2026.6.0-linux-arm64/.noConfigDebugAdapterEndpoints/endpoint-c929ce49067852cf.txt'), ('LANG', 'en_US.UTF-8'), ('PYTHONSTARTUP', '/home/admin/.vscode-server/data/User/workspaceStorage/2a4873d7ff7a1bb6e3391ee746fb9efe/ms-python.python/pythonrc.py'), ('LS_COLORS', 'rs=0:di=01;34:ln=01;36:mh=00:pi=40;33:so=01;35:do=01;35:bd=40;33;01:cd=40;33;01:or=40;31;01:mi=00:su=37;41:sg=30;43:ca=30;41:tw=30;42:ow=34;42:st=37;44:ex=01;32:*.tar=01;31:*.tgz=01;31:*.arc=01;31:*.arj=01;31:*.taz=01;31:*.lha=01;31:*.lz4=01;31:*.lzh=01;31:*.lzma=01;31:*.tlz=01;31:*.txz=01;31:*.tzo=01;31:*.t7z=01;31:*.zip=01;31:*.z=01;31:*.dz=01;31:*.gz=01;31:*.lrz=01;31:*.lz=01;31:*.lzo=01;31:*.xz=01;31:*.zst=01;31:*.tzst=01;31:*.bz2=01;31:*.bz=01;31:*.tbz=01;31:*.tbz2=01;31:*.tz=01;31:*.deb=01;31:*.rpm=01;31:*.jar=01;31:*.war=01;31:*.ear=01;31:*.sar=01;31:*.rar=01;31:*.alz=01;31:*.ace=01;31:*.zoo=01;31:*.cpio=01;31:*.7z=01;31:*.rz=01;31:*.cab=01;31:*.wim=01;31:*.swm=01;31:*.dwm=01;31:*.esd=01;31:*.jpg=01;35:*.jpeg=01;35:*.mjpg=01;35:*.mjpeg=01;35:*.gif=01;35:*.bmp=01;35:*.pbm=01;35:*.pgm=01;35:*.ppm=01;35:*.tga=01;35:*.xbm=01;35:*.xpm=01;35:*.tif=01;35:*.tiff=01;35:*.png=01;35:*.svg=01;35:*.svgz=01;35:*.mng=01;35:*.pcx=01;35:*.mov=01;35:*.mpg=01;35:*.mpeg=01;35:*.m2v=01;35:*.mkv=01;35:*.webm=01;35:*.webp=01;35:*.ogm=01;35:*.mp4=01;35:*.m4v=01;35:*.mp4v=01;35:*.vob=01;35:*.qt=01;35:*.nuv=01;35:*.wmv=01;35:*.asf=01;35:*.rm=01;35:*.rmvb=01;35:*.flc=01;35:*.avi=01;35:*.fli=01;35:*.flv=01;35:*.gl=01;35:*.dl=01;35:*.xcf=01;35:*.xwd=01;35:*.yuv=01;35:*.cgm=01;35:*.emf=01;35:*.ogv=01;35:*.ogx=01;35:*.aac=00;36:*.au=00;36:*.flac=00;36:*.m4a=00;36:*.mid=00;36:*.midi=00;36:*.mka=00;36:*.mp3=00;36:*.mpc=00;36:*.ogg=00;36:*.ra=00;36:*.wav=00;36:*.oga=00;36:*.opus=00;36:*.spx=00;36:*.xspf=00;36:'), ('VSCODE_GIT_IPC_HANDLE', '/run/user/1000/vscode-git-de57f957e7.sock'), ('TERM_PROGRAM', 'vscode'), ('GST_V4L2_USE_LIBV4L2', '1'), ('UMS_SIZE', '256M'), ('AMENT_PREFIX_PATH', '/opt/ros/humble'), ('LC_MESSAGES', 'en_US.UTF-8'), ('SHELL', '/bin/bash'), ('UMS_RO', '0'), ('LESSCLOSE', '/usr/bin/lesspipe %s %s'), ('UMS_FSTYPE', 'vfat'), ('VSCODE_GIT_ASKPASS_EXTRA_ARGS', ''), ('PWD', '/home/admin/workspace/host_udp_ws/build/cspc_lidar'), ('LC_ALL', 'en_US.UTF-8'), ('SSH_CONNECTION', '192.168.88.243 64656 192.168.88.181 22'), ('PYTHONPATH', '/opt/ros/humble/lib/python3.10/site-packages:/opt/ros/humble/local/lib/python3.10/dist-packages'), ('UMS_MOUNT', '0'), ('COLCON', '1'), ('CMAKE_PREFIX_PATH', '/home/admin/workspace/host_udp_ws/install/dog_udp_comm:/home/admin/workspace/host_udp_ws/install/cspc_lidar:/opt/ros/humble'), ('UMS_FILE', '/userdata/ums_shared.img')]), 'shell': False}
[32.722249] (cspc_lidar) StdoutLine: {'line': b'-- Install configuration: ""\n'}
[32.723042] (cspc_lidar) StdoutLine: {'line': b'-- Installing: /home/admin/workspace/host_udp_ws/install/cspc_lidar/lib/cspc_lidar/cspc_lidar\n'}
[32.736665] (cspc_lidar) StdoutLine: {'line': b'-- Set runtime path of "/home/admin/workspace/host_udp_ws/install/cspc_lidar/lib/cspc_lidar/cspc_lidar" to ""\n'}
[32.737532] (cspc_lidar) StdoutLine: {'line': b'-- Installing: /home/admin/workspace/host_udp_ws/install/cspc_lidar/lib/cspc_lidar/front_distance_tester.py\n'}
[32.737720] (cspc_lidar) StdoutLine: {'line': b'-- Installing: /home/admin/workspace/host_udp_ws/install/cspc_lidar/share/cspc_lidar/launch\n'}
[32.737898] (cspc_lidar) StdoutLine: {'line': b'-- Installing: /home/admin/workspace/host_udp_ws/install/cspc_lidar/share/cspc_lidar/launch/lidar_launch.py\n'}
[32.738020] (cspc_lidar) StdoutLine: {'line': b'-- Installing: /home/admin/workspace/host_udp_ws/install/cspc_lidar/share/cspc_lidar/launch/lidar_rviz.py\n'}
[32.738187] (cspc_lidar) StdoutLine: {'line': b'-- Installing: /home/admin/workspace/host_udp_ws/install/cspc_lidar/share/cspc_lidar/params\n'}
[32.738355] (cspc_lidar) StdoutLine: {'line': b'-- Installing: /home/admin/workspace/host_udp_ws/install/cspc_lidar/share/cspc_lidar/params/cspc_lidar.yaml\n'}
[32.738668] (cspc_lidar) StdoutLine: {'line': b'-- Installing: /home/admin/workspace/host_udp_ws/install/cspc_lidar/share/ament_index/resource_index/package_run_dependencies/cspc_lidar\n'}
[32.739009] (cspc_lidar) StdoutLine: {'line': b'-- Installing: /home/admin/workspace/host_udp_ws/install/cspc_lidar/share/ament_index/resource_index/parent_prefix_path/cspc_lidar\n'}
[32.739354] (cspc_lidar) StdoutLine: {'line': b'-- Installing: /home/admin/workspace/host_udp_ws/install/cspc_lidar/share/cspc_lidar/environment/ament_prefix_path.sh\n'}
[32.739628] (cspc_lidar) StdoutLine: {'line': b'-- Installing: /home/admin/workspace/host_udp_ws/install/cspc_lidar/share/cspc_lidar/environment/ament_prefix_path.dsv\n'}
[32.739901] (cspc_lidar) StdoutLine: {'line': b'-- Installing: /home/admin/workspace/host_udp_ws/install/cspc_lidar/share/cspc_lidar/environment/path.sh\n'}
[32.740171] (cspc_lidar) StdoutLine: {'line': b'-- Installing: /home/admin/workspace/host_udp_ws/install/cspc_lidar/share/cspc_lidar/environment/path.dsv\n'}
[32.740455] (cspc_lidar) StdoutLine: {'line': b'-- Installing: /home/admin/workspace/host_udp_ws/install/cspc_lidar/share/cspc_lidar/local_setup.bash\n'}
[32.740733] (cspc_lidar) StdoutLine: {'line': b'-- Installing: /home/admin/workspace/host_udp_ws/install/cspc_lidar/share/cspc_lidar/local_setup.sh\n'}
[32.741015] (cspc_lidar) StdoutLine: {'line': b'-- Installing: /home/admin/workspace/host_udp_ws/install/cspc_lidar/share/cspc_lidar/local_setup.zsh\n'}
[32.741285] (cspc_lidar) StdoutLine: {'line': b'-- Installing: /home/admin/workspace/host_udp_ws/install/cspc_lidar/share/cspc_lidar/local_setup.dsv\n'}
[32.741563] (cspc_lidar) StdoutLine: {'line': b'-- Installing: /home/admin/workspace/host_udp_ws/install/cspc_lidar/share/cspc_lidar/package.dsv\n'}
[32.741952] (cspc_lidar) StdoutLine: {'line': b'-- Installing: /home/admin/workspace/host_udp_ws/install/cspc_lidar/share/ament_index/resource_index/packages/cspc_lidar\n'}
[32.742361] (cspc_lidar) StdoutLine: {'line': b'-- Installing: /home/admin/workspace/host_udp_ws/install/cspc_lidar/share/cspc_lidar/cmake/cspc_lidarConfig.cmake\n'}
[32.742992] (cspc_lidar) StdoutLine: {'line': b'-- Installing: /home/admin/workspace/host_udp_ws/install/cspc_lidar/share/cspc_lidar/cmake/cspc_lidarConfig-version.cmake\n'}
[32.743349] (cspc_lidar) StdoutLine: {'line': b'-- Installing: /home/admin/workspace/host_udp_ws/install/cspc_lidar/share/cspc_lidar/package.xml\n'}
[32.745783] (cspc_lidar) CommandEnded: {'returncode': 0}
[32.748877] (-) TimerEvent: {}
[32.791040] (cspc_lidar) JobEnded: {'identifier': 'cspc_lidar', 'rc': 0}
[32.820577] (dog_udp_comm) JobStarted: {'identifier': 'dog_udp_comm'}
[32.820808] (dog_udp_comm) JobProgress: {'identifier': 'dog_udp_comm', 'progress': 'cmake'}
[32.820921] (dog_udp_comm) Command: {'cmd': ['/usr/bin/cmake', '/home/admin/workspace/host_udp_ws/src/dog_udp_comm', '-DCMAKE_INSTALL_PREFIX=/home/admin/workspace/host_udp_ws/install/dog_udp_comm'], 'cwd': '/home/admin/workspace/host_udp_ws/build/dog_udp_comm', 'env': OrderedDict([('PYTHON_BASIC_REPL', '1'), ('LESSOPEN', '| /usr/bin/lesspipe %s'), ('UMS_MOUNTPOINT', '/mnt/ums'), ('GST_V4L2_PREFERRED_FOURCC', 'NV12:YU12:NV16:YUY2'), ('LANGUAGE', 'en_US.UTF-8'), ('USER', 'admin'), ('SSH_CLIENT', '192.168.88.243 64656 22'), ('XDG_SESSION_TYPE', 'tty'), ('GIT_ASKPASS', '/home/admin/.vscode-server/cli/servers/Stable-6a49527b96e326fe62fbdb56f60e16877c9aa724/server/extensions/git/dist/askpass.sh'), ('SHLVL', '1'), ('USB_FUNCS', 'adb'), ('LD_LIBRARY_PATH', '/opt/ros/humble/opt/rviz_ogre_vendor/lib:/opt/ros/humble/lib/aarch64-linux-gnu:/opt/ros/humble/lib'), ('BROWSER', '/home/admin/.vscode-server/cli/servers/Stable-6a49527b96e326fe62fbdb56f60e16877c9aa724/server/bin/helpers/browser.sh'), ('MOTD_SHOWN', 'pam'), ('HOME', '/home/admin'), ('OLDPWD', '/home/admin/workspace'), ('TERM_PROGRAM_VERSION', '1.122.0'), ('VSCODE_IPC_HOOK_CLI', '/run/user/1000/vscode-ipc-98f9cdef-34dd-4424-9a66-fd6f0adad46c.sock'), ('GST_INSPECT_NO_COLORS', '1'), ('GST_MPP_NO_RGA', '1'), ('ROS_PYTHON_VERSION', '3'), ('COGL_DRIVER', 'gles2'), ('VSCODE_GIT_ASKPASS_MAIN', '/home/admin/.vscode-server/cli/servers/Stable-6a49527b96e326fe62fbdb56f60e16877c9aa724/server/extensions/git/dist/askpass-main.js'), ('PS1', '\\[\x1b]633;A\x07\\]\\[\x1b]633;A\x07\\]\\[\\e]0;\\u@\\h: \\w\\a\\]${debian_chroot:+($debian_chroot)}\\[\\033[01;32m\\]\\u@\\h\\[\\033[00m\\]:\\[\\033[01;34m\\]\\w\\[\\033[00m\\]\\$ \\[\x1b]633;B\x07\\]\\[\x1b]633;B\x07\\]'), ('VSCODE_GIT_ASKPASS_NODE', '/home/admin/.vscode-server/cli/servers/Stable-6a49527b96e326fe62fbdb56f60e16877c9aa724/server/node'), ('PYDEVD_DISABLE_FILE_VALIDATION', '1'), ('BUNDLED_DEBUGPY_PATH', '/home/admin/.vscode-server/extensions/ms-python.debugpy-2026.6.0-linux-arm64/bundled/libs/debugpy'), ('VSCODE_PYTHON_AUTOACTIVATE_GUARD', '1'), ('DBUS_SESSION_BUS_ADDRESS', 'unix:path=/run/user/1000/bus'), ('COLORTERM', 'truecolor'), ('COLCON_PREFIX_PATH', '/home/admin/workspace/host_udp_ws/install'), ('GST_V4L2SRC_MAX_RESOLUTION', '3840x2160'), ('ROS_DISTRO', 'humble'), ('LOGNAME', 'admin'), ('_', '/usr/bin/colcon'), ('ROS_VERSION', '2'), ('XDG_SESSION_CLASS', 'user'), ('TERM', 'xterm-256color'), ('GST_GL_API', 'gles2'), ('XDG_SESSION_ID', '9'), ('GST_VIDEO_CONVERT_PREFERRED_FORMAT', 'NV12:NV16:I420:YUY2'), ('GST_V4L2SRC_RK_DEVICES', '_mainpath:_selfpath:_bypass:_scale'), ('ROS_LOCALHOST_ONLY', '1'), ('PATH', '/home/admin/.vscode-server/cli/servers/Stable-6a49527b96e326fe62fbdb56f60e16877c9aa724/server/bin/remote-cli:/home/admin/.local/bin:/opt/ros/humble/bin:/home/admin/.local/bin:/usr/local/sbin:/usr/local/bin:/usr/sbin:/usr/bin:/sbin:/bin:/usr/games:/usr/local/games:/snap/bin:/home/admin/.vscode-server/extensions/ms-python.debugpy-2026.6.0-linux-arm64/bundled/scripts/noConfigScripts'), ('XDG_RUNTIME_DIR', '/run/user/1000'), ('GST_GL_PLATFORM', 'egl'), ('GST_DEBUG_NO_COLOR', '1'), ('GST_V4L2SRC_DEFAULT_DEVICE', '/dev/video-camera0'), ('DISPLAY', ':0'), ('VSCODE_DEBUGPY_ADAPTER_ENDPOINTS', '/home/admin/.vscode-server/extensions/ms-python.debugpy-2026.6.0-linux-arm64/.noConfigDebugAdapterEndpoints/endpoint-c929ce49067852cf.txt'), ('LANG', 'en_US.UTF-8'), ('PYTHONSTARTUP', '/home/admin/.vscode-server/data/User/workspaceStorage/2a4873d7ff7a1bb6e3391ee746fb9efe/ms-python.python/pythonrc.py'), ('LS_COLORS', 'rs=0:di=01;34:ln=01;36:mh=00:pi=40;33:so=01;35:do=01;35:bd=40;33;01:cd=40;33;01:or=40;31;01:mi=00:su=37;41:sg=30;43:ca=30;41:tw=30;42:ow=34;42:st=37;44:ex=01;32:*.tar=01;31:*.tgz=01;31:*.arc=01;31:*.arj=01;31:*.taz=01;31:*.lha=01;31:*.lz4=01;31:*.lzh=01;31:*.lzma=01;31:*.tlz=01;31:*.txz=01;31:*.tzo=01;31:*.t7z=01;31:*.zip=01;31:*.z=01;31:*.dz=01;31:*.gz=01;31:*.lrz=01;31:*.lz=01;31:*.lzo=01;31:*.xz=01;31:*.zst=01;31:*.tzst=01;31:*.bz2=01;31:*.bz=01;31:*.tbz=01;31:*.tbz2=01;31:*.tz=01;31:*.deb=01;31:*.rpm=01;31:*.jar=01;31:*.war=01;31:*.ear=01;31:*.sar=01;31:*.rar=01;31:*.alz=01;31:*.ace=01;31:*.zoo=01;31:*.cpio=01;31:*.7z=01;31:*.rz=01;31:*.cab=01;31:*.wim=01;31:*.swm=01;31:*.dwm=01;31:*.esd=01;31:*.jpg=01;35:*.jpeg=01;35:*.mjpg=01;35:*.mjpeg=01;35:*.gif=01;35:*.bmp=01;35:*.pbm=01;35:*.pgm=01;35:*.ppm=01;35:*.tga=01;35:*.xbm=01;35:*.xpm=01;35:*.tif=01;35:*.tiff=01;35:*.png=01;35:*.svg=01;35:*.svgz=01;35:*.mng=01;35:*.pcx=01;35:*.mov=01;35:*.mpg=01;35:*.mpeg=01;35:*.m2v=01;35:*.mkv=01;35:*.webm=01;35:*.webp=01;35:*.ogm=01;35:*.mp4=01;35:*.m4v=01;35:*.mp4v=01;35:*.vob=01;35:*.qt=01;35:*.nuv=01;35:*.wmv=01;35:*.asf=01;35:*.rm=01;35:*.rmvb=01;35:*.flc=01;35:*.avi=01;35:*.fli=01;35:*.flv=01;35:*.gl=01;35:*.dl=01;35:*.xcf=01;35:*.xwd=01;35:*.yuv=01;35:*.cgm=01;35:*.emf=01;35:*.ogv=01;35:*.ogx=01;35:*.aac=00;36:*.au=00;36:*.flac=00;36:*.m4a=00;36:*.mid=00;36:*.midi=00;36:*.mka=00;36:*.mp3=00;36:*.mpc=00;36:*.ogg=00;36:*.ra=00;36:*.wav=00;36:*.oga=00;36:*.opus=00;36:*.spx=00;36:*.xspf=00;36:'), ('VSCODE_GIT_IPC_HANDLE', '/run/user/1000/vscode-git-de57f957e7.sock'), ('TERM_PROGRAM', 'vscode'), ('GST_V4L2_USE_LIBV4L2', '1'), ('UMS_SIZE', '256M'), ('AMENT_PREFIX_PATH', '/home/admin/workspace/host_udp_ws/install/cspc_lidar:/opt/ros/humble'), ('LC_MESSAGES', 'en_US.UTF-8'), ('SHELL', '/bin/bash'), ('UMS_RO', '0'), ('LESSCLOSE', '/usr/bin/lesspipe %s %s'), ('UMS_FSTYPE', 'vfat'), ('VSCODE_GIT_ASKPASS_EXTRA_ARGS', ''), ('PWD', '/home/admin/workspace/host_udp_ws/build/dog_udp_comm'), ('LC_ALL', 'en_US.UTF-8'), ('SSH_CONNECTION', '192.168.88.243 64656 192.168.88.181 22'), ('PYTHONPATH', '/opt/ros/humble/lib/python3.10/site-packages:/opt/ros/humble/local/lib/python3.10/dist-packages'), ('UMS_MOUNT', '0'), ('COLCON', '1'), ('CMAKE_PREFIX_PATH', '/home/admin/workspace/host_udp_ws/install/cspc_lidar:/home/admin/workspace/host_udp_ws/install/dog_udp_comm:/opt/ros/humble'), ('UMS_FILE', '/userdata/ums_shared.img')]), 'shell': False}
[32.849323] (-) TimerEvent: {}
[32.950807] (-) TimerEvent: {}
[32.958899] (dog_udp_comm) StdoutLine: {'line': b'-- The C compiler identification is GNU 11.4.0\n'}
[33.051029] (-) TimerEvent: {}
[33.079595] (dog_udp_comm) StdoutLine: {'line': b'-- The CXX compiler identification is GNU 11.4.0\n'}
[33.093710] (dog_udp_comm) StdoutLine: {'line': b'-- Detecting C compiler ABI info\n'}
[33.151306] (-) TimerEvent: {}
[33.252247] (-) TimerEvent: {}
[33.334863] (dog_udp_comm) StdoutLine: {'line': b'-- Detecting C compiler ABI info - done\n'}
[33.352503] (-) TimerEvent: {}
[33.381459] (dog_udp_comm) StdoutLine: {'line': b'-- Check for working C compiler: /usr/bin/cc - skipped\n'}
[33.382423] (dog_udp_comm) StdoutLine: {'line': b'-- Detecting C compile features\n'}
[33.384408] (dog_udp_comm) StdoutLine: {'line': b'-- Detecting C compile features - done\n'}
[33.392092] (dog_udp_comm) StdoutLine: {'line': b'-- Detecting CXX compiler ABI info\n'}
[33.452609] (-) TimerEvent: {}
[33.553120] (-) TimerEvent: {}
[33.609829] (dog_udp_comm) StdoutLine: {'line': b'-- Detecting CXX compiler ABI info - done\n'}
[33.620350] (dog_udp_comm) StdoutLine: {'line': b'-- Check for working CXX compiler: /usr/bin/c++ - skipped\n'}
[33.620724] (dog_udp_comm) StdoutLine: {'line': b'-- Detecting CXX compile features\n'}
[33.621262] (dog_udp_comm) StdoutLine: {'line': b'-- Detecting CXX compile features - done\n'}
[33.624699] (dog_udp_comm) StdoutLine: {'line': b'-- Found ament_cmake: 1.3.14 (/opt/ros/humble/share/ament_cmake/cmake)\n'}
[33.653251] (-) TimerEvent: {}
[33.753837] (-) TimerEvent: {}
[33.854600] (-) TimerEvent: {}
[33.955373] (-) TimerEvent: {}
[33.994993] (dog_udp_comm) StdoutLine: {'line': b'-- Found Python3: /usr/bin/python3 (found version "3.10.12") found components: Interpreter \n'}
[34.055559] (-) TimerEvent: {}
[34.152229] (dog_udp_comm) StdoutLine: {'line': b'-- Found rclcpp: 16.0.19 (/opt/ros/humble/share/rclcpp/cmake)\n'}
[34.155681] (-) TimerEvent: {}
[34.206795] (dog_udp_comm) StdoutLine: {'line': b'-- Found rosidl_generator_c: 3.1.8 (/opt/ros/humble/share/rosidl_generator_c/cmake)\n'}
[34.213011] (dog_udp_comm) StdoutLine: {'line': b'-- Found rosidl_adapter: 3.1.8 (/opt/ros/humble/share/rosidl_adapter/cmake)\n'}
[34.223805] (dog_udp_comm) StdoutLine: {'line': b'-- Found rosidl_generator_cpp: 3.1.8 (/opt/ros/humble/share/rosidl_generator_cpp/cmake)\n'}
[34.240475] (dog_udp_comm) StdoutLine: {'line': b'-- Using all available rosidl_typesupport_c: rosidl_typesupport_fastrtps_c;rosidl_typesupport_introspection_c\n'}
[34.255903] (-) TimerEvent: {}
[34.263725] (dog_udp_comm) StdoutLine: {'line': b'-- Using all available rosidl_typesupport_cpp: rosidl_typesupport_fastrtps_cpp;rosidl_typesupport_introspection_cpp\n'}
[34.327302] (dog_udp_comm) StdoutLine: {'line': b'-- Found rmw_implementation_cmake: 6.1.2 (/opt/ros/humble/share/rmw_implementation_cmake/cmake)\n'}
[34.330406] (dog_udp_comm) StdoutLine: {'line': b'-- Found rmw_fastrtps_cpp: 6.2.10 (/opt/ros/humble/share/rmw_fastrtps_cpp/cmake)\n'}
[34.355997] (-) TimerEvent: {}
[34.456412] (-) TimerEvent: {}
[34.552873] (dog_udp_comm) StdoutLine: {'line': b'-- Found OpenSSL: /usr/lib/aarch64-linux-gnu/libcrypto.so (found version "3.0.2")  \n'}
[34.556687] (-) TimerEvent: {}
[34.624990] (dog_udp_comm) StdoutLine: {'line': b'-- Found FastRTPS: /opt/ros/humble/include  \n'}
[34.656823] (-) TimerEvent: {}
[34.693040] (dog_udp_comm) StdoutLine: {'line': b"-- Using RMW implementation 'rmw_fastrtps_cpp' as default\n"}
[34.705488] (dog_udp_comm) StdoutLine: {'line': b'-- Looking for pthread.h\n'}
[34.757158] (-) TimerEvent: {}
[34.857944] (-) TimerEvent: {}
[34.918591] (dog_udp_comm) StdoutLine: {'line': b'-- Looking for pthread.h - found\n'}
[34.919356] (dog_udp_comm) StdoutLine: {'line': b'-- Performing Test CMAKE_HAVE_LIBC_PTHREAD\n'}
[34.958049] (-) TimerEvent: {}
[35.058492] (-) TimerEvent: {}
[35.158892] (-) TimerEvent: {}
[35.168160] (dog_udp_comm) StdoutLine: {'line': b'-- Performing Test CMAKE_HAVE_LIBC_PTHREAD - Success\n'}
[35.168573] (dog_udp_comm) StdoutLine: {'line': b'-- Found Threads: TRUE  \n'}
[35.259050] (-) TimerEvent: {}
[35.276276] (dog_udp_comm) StdoutLine: {'line': b'-- Found rclpy: 3.3.21 (/opt/ros/humble/share/rclpy/cmake)\n'}
[35.277864] (dog_udp_comm) StdoutLine: {'line': b'-- Found geometry_msgs: 4.9.1 (/opt/ros/humble/share/geometry_msgs/cmake)\n'}
[35.298330] (dog_udp_comm) StdoutLine: {'line': b'-- Found sensor_msgs: 4.9.1 (/opt/ros/humble/share/sensor_msgs/cmake)\n'}
[35.328280] (dog_udp_comm) StdoutLine: {'line': b'-- Found std_srvs: 4.9.1 (/opt/ros/humble/share/std_srvs/cmake)\n'}
[35.359334] (-) TimerEvent: {}
[35.461714] (-) TimerEvent: {}
[35.474656] (dog_udp_comm) StdoutLine: {'line': b'-- Configuring done\n'}
[35.488194] (dog_udp_comm) StdoutLine: {'line': b'-- Generating done\n'}
[35.494763] (dog_udp_comm) StdoutLine: {'line': b'-- Build files have been written to: /home/admin/workspace/host_udp_ws/build/dog_udp_comm\n'}
[35.509169] (dog_udp_comm) CommandEnded: {'returncode': 0}
[35.510016] (dog_udp_comm) JobProgress: {'identifier': 'dog_udp_comm', 'progress': 'build'}
[35.510352] (dog_udp_comm) Command: {'cmd': ['/usr/bin/cmake', '--build', '/home/admin/workspace/host_udp_ws/build/dog_udp_comm', '--', '-j8', '-l8'], 'cwd': '/home/admin/workspace/host_udp_ws/build/dog_udp_comm', 'env': OrderedDict([('PYTHON_BASIC_REPL', '1'), ('LESSOPEN', '| /usr/bin/lesspipe %s'), ('UMS_MOUNTPOINT', '/mnt/ums'), ('GST_V4L2_PREFERRED_FOURCC', 'NV12:YU12:NV16:YUY2'), ('LANGUAGE', 'en_US.UTF-8'), ('USER', 'admin'), ('SSH_CLIENT', '192.168.88.243 64656 22'), ('XDG_SESSION_TYPE', 'tty'), ('GIT_ASKPASS', '/home/admin/.vscode-server/cli/servers/Stable-6a49527b96e326fe62fbdb56f60e16877c9aa724/server/extensions/git/dist/askpass.sh'), ('SHLVL', '1'), ('USB_FUNCS', 'adb'), ('LD_LIBRARY_PATH', '/opt/ros/humble/opt/rviz_ogre_vendor/lib:/opt/ros/humble/lib/aarch64-linux-gnu:/opt/ros/humble/lib'), ('BROWSER', '/home/admin/.vscode-server/cli/servers/Stable-6a49527b96e326fe62fbdb56f60e16877c9aa724/server/bin/helpers/browser.sh'), ('MOTD_SHOWN', 'pam'), ('HOME', '/home/admin'), ('OLDPWD', '/home/admin/workspace'), ('TERM_PROGRAM_VERSION', '1.122.0'), ('VSCODE_IPC_HOOK_CLI', '/run/user/1000/vscode-ipc-98f9cdef-34dd-4424-9a66-fd6f0adad46c.sock'), ('GST_INSPECT_NO_COLORS', '1'), ('GST_MPP_NO_RGA', '1'), ('ROS_PYTHON_VERSION', '3'), ('COGL_DRIVER', 'gles2'), ('VSCODE_GIT_ASKPASS_MAIN', '/home/admin/.vscode-server/cli/servers/Stable-6a49527b96e326fe62fbdb56f60e16877c9aa724/server/extensions/git/dist/askpass-main.js'), ('PS1', '\\[\x1b]633;A\x07\\]\\[\x1b]633;A\x07\\]\\[\\e]0;\\u@\\h: \\w\\a\\]${debian_chroot:+($debian_chroot)}\\[\\033[01;32m\\]\\u@\\h\\[\\033[00m\\]:\\[\\033[01;34m\\]\\w\\[\\033[00m\\]\\$ \\[\x1b]633;B\x07\\]\\[\x1b]633;B\x07\\]'), ('VSCODE_GIT_ASKPASS_NODE', '/home/admin/.vscode-server/cli/servers/Stable-6a49527b96e326fe62fbdb56f60e16877c9aa724/server/node'), ('PYDEVD_DISABLE_FILE_VALIDATION', '1'), ('BUNDLED_DEBUGPY_PATH', '/home/admin/.vscode-server/extensions/ms-python.debugpy-2026.6.0-linux-arm64/bundled/libs/debugpy'), ('VSCODE_PYTHON_AUTOACTIVATE_GUARD', '1'), ('DBUS_SESSION_BUS_ADDRESS', 'unix:path=/run/user/1000/bus'), ('COLORTERM', 'truecolor'), ('COLCON_PREFIX_PATH', '/home/admin/workspace/host_udp_ws/install'), ('GST_V4L2SRC_MAX_RESOLUTION', '3840x2160'), ('ROS_DISTRO', 'humble'), ('LOGNAME', 'admin'), ('_', '/usr/bin/colcon'), ('ROS_VERSION', '2'), ('XDG_SESSION_CLASS', 'user'), ('TERM', 'xterm-256color'), ('GST_GL_API', 'gles2'), ('XDG_SESSION_ID', '9'), ('GST_VIDEO_CONVERT_PREFERRED_FORMAT', 'NV12:NV16:I420:YUY2'), ('GST_V4L2SRC_RK_DEVICES', '_mainpath:_selfpath:_bypass:_scale'), ('ROS_LOCALHOST_ONLY', '1'), ('PATH', '/home/admin/.vscode-server/cli/servers/Stable-6a49527b96e326fe62fbdb56f60e16877c9aa724/server/bin/remote-cli:/home/admin/.local/bin:/opt/ros/humble/bin:/home/admin/.local/bin:/usr/local/sbin:/usr/local/bin:/usr/sbin:/usr/bin:/sbin:/bin:/usr/games:/usr/local/games:/snap/bin:/home/admin/.vscode-server/extensions/ms-python.debugpy-2026.6.0-linux-arm64/bundled/scripts/noConfigScripts'), ('XDG_RUNTIME_DIR', '/run/user/1000'), ('GST_GL_PLATFORM', 'egl'), ('GST_DEBUG_NO_COLOR', '1'), ('GST_V4L2SRC_DEFAULT_DEVICE', '/dev/video-camera0'), ('DISPLAY', ':0'), ('VSCODE_DEBUGPY_ADAPTER_ENDPOINTS', '/home/admin/.vscode-server/extensions/ms-python.debugpy-2026.6.0-linux-arm64/.noConfigDebugAdapterEndpoints/endpoint-c929ce49067852cf.txt'), ('LANG', 'en_US.UTF-8'), ('PYTHONSTARTUP', '/home/admin/.vscode-server/data/User/workspaceStorage/2a4873d7ff7a1bb6e3391ee746fb9efe/ms-python.python/pythonrc.py'), ('LS_COLORS', 'rs=0:di=01;34:ln=01;36:mh=00:pi=40;33:so=01;35:do=01;35:bd=40;33;01:cd=40;33;01:or=40;31;01:mi=00:su=37;41:sg=30;43:ca=30;41:tw=30;42:ow=34;42:st=37;44:ex=01;32:*.tar=01;31:*.tgz=01;31:*.arc=01;31:*.arj=01;31:*.taz=01;31:*.lha=01;31:*.lz4=01;31:*.lzh=01;31:*.lzma=01;31:*.tlz=01;31:*.txz=01;31:*.tzo=01;31:*.t7z=01;31:*.zip=01;31:*.z=01;31:*.dz=01;31:*.gz=01;31:*.lrz=01;31:*.lz=01;31:*.lzo=01;31:*.xz=01;31:*.zst=01;31:*.tzst=01;31:*.bz2=01;31:*.bz=01;31:*.tbz=01;31:*.tbz2=01;31:*.tz=01;31:*.deb=01;31:*.rpm=01;31:*.jar=01;31:*.war=01;31:*.ear=01;31:*.sar=01;31:*.rar=01;31:*.alz=01;31:*.ace=01;31:*.zoo=01;31:*.cpio=01;31:*.7z=01;31:*.rz=01;31:*.cab=01;31:*.wim=01;31:*.swm=01;31:*.dwm=01;31:*.esd=01;31:*.jpg=01;35:*.jpeg=01;35:*.mjpg=01;35:*.mjpeg=01;35:*.gif=01;35:*.bmp=01;35:*.pbm=01;35:*.pgm=01;35:*.ppm=01;35:*.tga=01;35:*.xbm=01;35:*.xpm=01;35:*.tif=01;35:*.tiff=01;35:*.png=01;35:*.svg=01;35:*.svgz=01;35:*.mng=01;35:*.pcx=01;35:*.mov=01;35:*.mpg=01;35:*.mpeg=01;35:*.m2v=01;35:*.mkv=01;35:*.webm=01;35:*.webp=01;35:*.ogm=01;35:*.mp4=01;35:*.m4v=01;35:*.mp4v=01;35:*.vob=01;35:*.qt=01;35:*.nuv=01;35:*.wmv=01;35:*.asf=01;35:*.rm=01;35:*.rmvb=01;35:*.flc=01;35:*.avi=01;35:*.fli=01;35:*.flv=01;35:*.gl=01;35:*.dl=01;35:*.xcf=01;35:*.xwd=01;35:*.yuv=01;35:*.cgm=01;35:*.emf=01;35:*.ogv=01;35:*.ogx=01;35:*.aac=00;36:*.au=00;36:*.flac=00;36:*.m4a=00;36:*.mid=00;36:*.midi=00;36:*.mka=00;36:*.mp3=00;36:*.mpc=00;36:*.ogg=00;36:*.ra=00;36:*.wav=00;36:*.oga=00;36:*.opus=00;36:*.spx=00;36:*.xspf=00;36:'), ('VSCODE_GIT_IPC_HANDLE', '/run/user/1000/vscode-git-de57f957e7.sock'), ('TERM_PROGRAM', 'vscode'), ('GST_V4L2_USE_LIBV4L2', '1'), ('UMS_SIZE', '256M'), ('AMENT_PREFIX_PATH', '/home/admin/workspace/host_udp_ws/install/cspc_lidar:/opt/ros/humble'), ('LC_MESSAGES', 'en_US.UTF-8'), ('SHELL', '/bin/bash'), ('UMS_RO', '0'), ('LESSCLOSE', '/usr/bin/lesspipe %s %s'), ('UMS_FSTYPE', 'vfat'), ('VSCODE_GIT_ASKPASS_EXTRA_ARGS', ''), ('PWD', '/home/admin/workspace/host_udp_ws/build/dog_udp_comm'), ('LC_ALL', 'en_US.UTF-8'), ('SSH_CONNECTION', '192.168.88.243 64656 192.168.88.181 22'), ('PYTHONPATH', '/opt/ros/humble/lib/python3.10/site-packages:/opt/ros/humble/local/lib/python3.10/dist-packages'), ('UMS_MOUNT', '0'), ('COLCON', '1'), ('CMAKE_PREFIX_PATH', '/home/admin/workspace/host_udp_ws/install/cspc_lidar:/home/admin/workspace/host_udp_ws/install/dog_udp_comm:/opt/ros/humble'), ('UMS_FILE', '/userdata/ums_shared.img')]), 'shell': False}
[35.561809] (-) TimerEvent: {}
[35.662668] (-) TimerEvent: {}
[35.684762] (dog_udp_comm) StdoutLine: {'line': b'[ 50%] \x1b[32mBuilding CXX object CMakeFiles/sender_node.dir/src/sender_node.cpp.o\x1b[0m\n'}
[35.762817] (-) TimerEvent: {}
[35.863447] (-) TimerEvent: {}
[35.963868] (-) TimerEvent: {}
[36.064264] (-) TimerEvent: {}
[36.164723] (-) TimerEvent: {}
[36.265385] (-) TimerEvent: {}
[36.366019] (-) TimerEvent: {}
[36.466565] (-) TimerEvent: {}
[36.567031] (-) TimerEvent: {}
[36.667407] (-) TimerEvent: {}
[36.767827] (-) TimerEvent: {}
[36.868454] (-) TimerEvent: {}
[36.968909] (-) TimerEvent: {}
[37.069662] (-) TimerEvent: {}
[37.170639] (-) TimerEvent: {}
[37.271332] (-) TimerEvent: {}
[37.372944] (-) TimerEvent: {}
[37.474160] (-) TimerEvent: {}
[37.574825] (-) TimerEvent: {}
[37.675805] (-) TimerEvent: {}
[37.777104] (-) TimerEvent: {}
[37.877878] (-) TimerEvent: {}
[37.978943] (-) TimerEvent: {}
[38.079611] (-) TimerEvent: {}
[38.180264] (-) TimerEvent: {}
[38.280991] (-) TimerEvent: {}
[38.381975] (-) TimerEvent: {}
[38.482628] (-) TimerEvent: {}
[38.583333] (-) TimerEvent: {}
[38.684083] (-) TimerEvent: {}
[38.785384] (-) TimerEvent: {}
[38.886623] (-) TimerEvent: {}
[38.987818] (-) TimerEvent: {}
[39.088521] (-) TimerEvent: {}
[39.189336] (-) TimerEvent: {}
[39.290338] (-) TimerEvent: {}
[39.391589] (-) TimerEvent: {}
[39.492299] (-) TimerEvent: {}
[39.593030] (-) TimerEvent: {}
[39.693548] (-) TimerEvent: {}
[39.794355] (-) TimerEvent: {}
[39.896144] (-) TimerEvent: {}
[39.997264] (-) TimerEvent: {}
[40.098097] (-) TimerEvent: {}
[40.199103] (-) TimerEvent: {}
[40.299934] (-) TimerEvent: {}
[40.400573] (-) TimerEvent: {}
[40.501562] (-) TimerEvent: {}
[40.602651] (-) TimerEvent: {}
[40.703582] (-) TimerEvent: {}
[40.804188] (-) TimerEvent: {}
[40.904525] (-) TimerEvent: {}
[41.004993] (-) TimerEvent: {}
[41.105436] (-) TimerEvent: {}
[41.205836] (-) TimerEvent: {}
[41.306429] (-) TimerEvent: {}
[41.407059] (-) TimerEvent: {}
[41.507713] (-) TimerEvent: {}
[41.608561] (-) TimerEvent: {}
[41.709216] (-) TimerEvent: {}
[41.810139] (-) TimerEvent: {}
[41.911624] (-) TimerEvent: {}
[42.012620] (-) TimerEvent: {}
[42.113316] (-) TimerEvent: {}
[42.214075] (-) TimerEvent: {}
[42.314986] (-) TimerEvent: {}
[42.415831] (-) TimerEvent: {}
[42.516879] (-) TimerEvent: {}
[42.617785] (-) TimerEvent: {}
[42.718598] (-) TimerEvent: {}
[42.818999] (-) TimerEvent: {}
[42.919509] (-) TimerEvent: {}
[43.020424] (-) TimerEvent: {}
[43.121260] (-) TimerEvent: {}
[43.222176] (-) TimerEvent: {}
[43.323134] (-) TimerEvent: {}
[43.423846] (-) TimerEvent: {}
[43.524627] (-) TimerEvent: {}
[43.625343] (-) TimerEvent: {}
[43.726283] (-) TimerEvent: {}
[43.826844] (-) TimerEvent: {}
[43.927375] (-) TimerEvent: {}
[44.028857] (-) TimerEvent: {}
[44.129663] (-) TimerEvent: {}
[44.230568] (-) TimerEvent: {}
[44.331727] (-) TimerEvent: {}
[44.432471] (-) TimerEvent: {}
[44.533142] (-) TimerEvent: {}
[44.634016] (-) TimerEvent: {}
[44.734742] (-) TimerEvent: {}
[44.835766] (-) TimerEvent: {}
[44.936819] (-) TimerEvent: {}
[45.037691] (-) TimerEvent: {}
[45.138617] (-) TimerEvent: {}
[45.239280] (-) TimerEvent: {}
[45.339935] (-) TimerEvent: {}
[45.440753] (-) TimerEvent: {}
[45.541989] (-) TimerEvent: {}
[45.643197] (-) TimerEvent: {}
[45.743874] (-) TimerEvent: {}
[45.844521] (-) TimerEvent: {}
[45.945407] (-) TimerEvent: {}
[46.046211] (-) TimerEvent: {}
[46.146895] (-) TimerEvent: {}
[46.247584] (-) TimerEvent: {}
[46.348515] (-) TimerEvent: {}
[46.449312] (-) TimerEvent: {}
[46.550344] (-) TimerEvent: {}
[46.651356] (-) TimerEvent: {}
[46.752456] (-) TimerEvent: {}
[46.853305] (-) TimerEvent: {}
[46.954006] (-) TimerEvent: {}
[47.055024] (-) TimerEvent: {}
[47.155662] (-) TimerEvent: {}
[47.256119] (-) TimerEvent: {}
[47.356845] (-) TimerEvent: {}
[47.457405] (-) TimerEvent: {}
[47.558213] (-) TimerEvent: {}
[47.658924] (-) TimerEvent: {}
[47.759644] (-) TimerEvent: {}
[47.860411] (-) TimerEvent: {}
[47.961315] (-) TimerEvent: {}
[48.062073] (-) TimerEvent: {}
[48.162756] (-) TimerEvent: {}
[48.263486] (-) TimerEvent: {}
[48.364274] (-) TimerEvent: {}
[48.465723] (-) TimerEvent: {}
[48.566580] (-) TimerEvent: {}
[48.667237] (-) TimerEvent: {}
[48.767920] (-) TimerEvent: {}
[48.868564] (-) TimerEvent: {}
[48.969337] (-) TimerEvent: {}
[49.069913] (-) TimerEvent: {}
[49.170444] (-) TimerEvent: {}
[49.271243] (-) TimerEvent: {}
[49.372415] (-) TimerEvent: {}
[49.473087] (-) TimerEvent: {}
[49.573812] (-) TimerEvent: {}
[49.674633] (-) TimerEvent: {}
[49.776157] (-) TimerEvent: {}
[49.877095] (-) TimerEvent: {}
[49.978332] (-) TimerEvent: {}
[50.078985] (-) TimerEvent: {}
[50.179459] (-) TimerEvent: {}
[50.206113] (dog_udp_comm) StdoutLine: {'line': b'[100%] \x1b[32m\x1b[1mLinking CXX executable sender_node\x1b[0m\n'}
[50.279660] (-) TimerEvent: {}
[50.380636] (-) TimerEvent: {}
[50.482361] (-) TimerEvent: {}
[50.584355] (-) TimerEvent: {}
[50.686104] (-) TimerEvent: {}
[50.787027] (-) TimerEvent: {}
[50.887772] (-) TimerEvent: {}
[50.988468] (-) TimerEvent: {}
[51.089146] (-) TimerEvent: {}
[51.170643] (dog_udp_comm) StdoutLine: {'line': b'[100%] Built target sender_node\n'}
[51.189405] (-) TimerEvent: {}
[51.208594] (dog_udp_comm) CommandEnded: {'returncode': 0}
[51.209840] (dog_udp_comm) JobProgress: {'identifier': 'dog_udp_comm', 'progress': 'install'}
[51.210247] (dog_udp_comm) Command: {'cmd': ['/usr/bin/cmake', '--install', '/home/admin/workspace/host_udp_ws/build/dog_udp_comm'], 'cwd': '/home/admin/workspace/host_udp_ws/build/dog_udp_comm', 'env': OrderedDict([('PYTHON_BASIC_REPL', '1'), ('LESSOPEN', '| /usr/bin/lesspipe %s'), ('UMS_MOUNTPOINT', '/mnt/ums'), ('GST_V4L2_PREFERRED_FOURCC', 'NV12:YU12:NV16:YUY2'), ('LANGUAGE', 'en_US.UTF-8'), ('USER', 'admin'), ('SSH_CLIENT', '192.168.88.243 64656 22'), ('XDG_SESSION_TYPE', 'tty'), ('GIT_ASKPASS', '/home/admin/.vscode-server/cli/servers/Stable-6a49527b96e326fe62fbdb56f60e16877c9aa724/server/extensions/git/dist/askpass.sh'), ('SHLVL', '1'), ('USB_FUNCS', 'adb'), ('LD_LIBRARY_PATH', '/opt/ros/humble/opt/rviz_ogre_vendor/lib:/opt/ros/humble/lib/aarch64-linux-gnu:/opt/ros/humble/lib'), ('BROWSER', '/home/admin/.vscode-server/cli/servers/Stable-6a49527b96e326fe62fbdb56f60e16877c9aa724/server/bin/helpers/browser.sh'), ('MOTD_SHOWN', 'pam'), ('HOME', '/home/admin'), ('OLDPWD', '/home/admin/workspace'), ('TERM_PROGRAM_VERSION', '1.122.0'), ('VSCODE_IPC_HOOK_CLI', '/run/user/1000/vscode-ipc-98f9cdef-34dd-4424-9a66-fd6f0adad46c.sock'), ('GST_INSPECT_NO_COLORS', '1'), ('GST_MPP_NO_RGA', '1'), ('ROS_PYTHON_VERSION', '3'), ('COGL_DRIVER', 'gles2'), ('VSCODE_GIT_ASKPASS_MAIN', '/home/admin/.vscode-server/cli/servers/Stable-6a49527b96e326fe62fbdb56f60e16877c9aa724/server/extensions/git/dist/askpass-main.js'), ('PS1', '\\[\x1b]633;A\x07\\]\\[\x1b]633;A\x07\\]\\[\\e]0;\\u@\\h: \\w\\a\\]${debian_chroot:+($debian_chroot)}\\[\\033[01;32m\\]\\u@\\h\\[\\033[00m\\]:\\[\\033[01;34m\\]\\w\\[\\033[00m\\]\\$ \\[\x1b]633;B\x07\\]\\[\x1b]633;B\x07\\]'), ('VSCODE_GIT_ASKPASS_NODE', '/home/admin/.vscode-server/cli/servers/Stable-6a49527b96e326fe62fbdb56f60e16877c9aa724/server/node'), ('PYDEVD_DISABLE_FILE_VALIDATION', '1'), ('BUNDLED_DEBUGPY_PATH', '/home/admin/.vscode-server/extensions/ms-python.debugpy-2026.6.0-linux-arm64/bundled/libs/debugpy'), ('VSCODE_PYTHON_AUTOACTIVATE_GUARD', '1'), ('DBUS_SESSION_BUS_ADDRESS', 'unix:path=/run/user/1000/bus'), ('COLORTERM', 'truecolor'), ('COLCON_PREFIX_PATH', '/home/admin/workspace/host_udp_ws/install'), ('GST_V4L2SRC_MAX_RESOLUTION', '3840x2160'), ('ROS_DISTRO', 'humble'), ('LOGNAME', 'admin'), ('_', '/usr/bin/colcon'), ('ROS_VERSION', '2'), ('XDG_SESSION_CLASS', 'user'), ('TERM', 'xterm-256color'), ('GST_GL_API', 'gles2'), ('XDG_SESSION_ID', '9'), ('GST_VIDEO_CONVERT_PREFERRED_FORMAT', 'NV12:NV16:I420:YUY2'), ('GST_V4L2SRC_RK_DEVICES', '_mainpath:_selfpath:_bypass:_scale'), ('ROS_LOCALHOST_ONLY', '1'), ('PATH', '/home/admin/.vscode-server/cli/servers/Stable-6a49527b96e326fe62fbdb56f60e16877c9aa724/server/bin/remote-cli:/home/admin/.local/bin:/opt/ros/humble/bin:/home/admin/.local/bin:/usr/local/sbin:/usr/local/bin:/usr/sbin:/usr/bin:/sbin:/bin:/usr/games:/usr/local/games:/snap/bin:/home/admin/.vscode-server/extensions/ms-python.debugpy-2026.6.0-linux-arm64/bundled/scripts/noConfigScripts'), ('XDG_RUNTIME_DIR', '/run/user/1000'), ('GST_GL_PLATFORM', 'egl'), ('GST_DEBUG_NO_COLOR', '1'), ('GST_V4L2SRC_DEFAULT_DEVICE', '/dev/video-camera0'), ('DISPLAY', ':0'), ('VSCODE_DEBUGPY_ADAPTER_ENDPOINTS', '/home/admin/.vscode-server/extensions/ms-python.debugpy-2026.6.0-linux-arm64/.noConfigDebugAdapterEndpoints/endpoint-c929ce49067852cf.txt'), ('LANG', 'en_US.UTF-8'), ('PYTHONSTARTUP', '/home/admin/.vscode-server/data/User/workspaceStorage/2a4873d7ff7a1bb6e3391ee746fb9efe/ms-python.python/pythonrc.py'), ('LS_COLORS', 'rs=0:di=01;34:ln=01;36:mh=00:pi=40;33:so=01;35:do=01;35:bd=40;33;01:cd=40;33;01:or=40;31;01:mi=00:su=37;41:sg=30;43:ca=30;41:tw=30;42:ow=34;42:st=37;44:ex=01;32:*.tar=01;31:*.tgz=01;31:*.arc=01;31:*.arj=01;31:*.taz=01;31:*.lha=01;31:*.lz4=01;31:*.lzh=01;31:*.lzma=01;31:*.tlz=01;31:*.txz=01;31:*.tzo=01;31:*.t7z=01;31:*.zip=01;31:*.z=01;31:*.dz=01;31:*.gz=01;31:*.lrz=01;31:*.lz=01;31:*.lzo=01;31:*.xz=01;31:*.zst=01;31:*.tzst=01;31:*.bz2=01;31:*.bz=01;31:*.tbz=01;31:*.tbz2=01;31:*.tz=01;31:*.deb=01;31:*.rpm=01;31:*.jar=01;31:*.war=01;31:*.ear=01;31:*.sar=01;31:*.rar=01;31:*.alz=01;31:*.ace=01;31:*.zoo=01;31:*.cpio=01;31:*.7z=01;31:*.rz=01;31:*.cab=01;31:*.wim=01;31:*.swm=01;31:*.dwm=01;31:*.esd=01;31:*.jpg=01;35:*.jpeg=01;35:*.mjpg=01;35:*.mjpeg=01;35:*.gif=01;35:*.bmp=01;35:*.pbm=01;35:*.pgm=01;35:*.ppm=01;35:*.tga=01;35:*.xbm=01;35:*.xpm=01;35:*.tif=01;35:*.tiff=01;35:*.png=01;35:*.svg=01;35:*.svgz=01;35:*.mng=01;35:*.pcx=01;35:*.mov=01;35:*.mpg=01;35:*.mpeg=01;35:*.m2v=01;35:*.mkv=01;35:*.webm=01;35:*.webp=01;35:*.ogm=01;35:*.mp4=01;35:*.m4v=01;35:*.mp4v=01;35:*.vob=01;35:*.qt=01;35:*.nuv=01;35:*.wmv=01;35:*.asf=01;35:*.rm=01;35:*.rmvb=01;35:*.flc=01;35:*.avi=01;35:*.fli=01;35:*.flv=01;35:*.gl=01;35:*.dl=01;35:*.xcf=01;35:*.xwd=01;35:*.yuv=01;35:*.cgm=01;35:*.emf=01;35:*.ogv=01;35:*.ogx=01;35:*.aac=00;36:*.au=00;36:*.flac=00;36:*.m4a=00;36:*.mid=00;36:*.midi=00;36:*.mka=00;36:*.mp3=00;36:*.mpc=00;36:*.ogg=00;36:*.ra=00;36:*.wav=00;36:*.oga=00;36:*.opus=00;36:*.spx=00;36:*.xspf=00;36:'), ('VSCODE_GIT_IPC_HANDLE', '/run/user/1000/vscode-git-de57f957e7.sock'), ('TERM_PROGRAM', 'vscode'), ('GST_V4L2_USE_LIBV4L2', '1'), ('UMS_SIZE', '256M'), ('AMENT_PREFIX_PATH', '/home/admin/workspace/host_udp_ws/install/cspc_lidar:/opt/ros/humble'), ('LC_MESSAGES', 'en_US.UTF-8'), ('SHELL', '/bin/bash'), ('UMS_RO', '0'), ('LESSCLOSE', '/usr/bin/lesspipe %s %s'), ('UMS_FSTYPE', 'vfat'), ('VSCODE_GIT_ASKPASS_EXTRA_ARGS', ''), ('PWD', '/home/admin/workspace/host_udp_ws/build/dog_udp_comm'), ('LC_ALL', 'en_US.UTF-8'), ('SSH_CONNECTION', '192.168.88.243 64656 192.168.88.181 22'), ('PYTHONPATH', '/opt/ros/humble/lib/python3.10/site-packages:/opt/ros/humble/local/lib/python3.10/dist-packages'), ('UMS_MOUNT', '0'), ('COLCON', '1'), ('CMAKE_PREFIX_PATH', '/home/admin/workspace/host_udp_ws/install/cspc_lidar:/home/admin/workspace/host_udp_ws/install/dog_udp_comm:/opt/ros/humble'), ('UMS_FILE', '/userdata/ums_shared.img')]), 'shell': False}
[51.235843] (dog_udp_comm) StdoutLine: {'line': b'-- Install configuration: ""\n'}
[51.236391] (dog_udp_comm) StdoutLine: {'line': b'-- Installing: /home/admin/workspace/host_udp_ws/install/dog_udp_comm/lib/dog_udp_comm/sender_node\n'}
[51.244419] (dog_udp_comm) StdoutLine: {'line': b'-- Set runtime path of "/home/admin/workspace/host_udp_ws/install/dog_udp_comm/lib/dog_udp_comm/sender_node" to ""\n'}
[51.245479] (dog_udp_comm) StdoutLine: {'line': b'-- Installing: /home/admin/workspace/host_udp_ws/install/dog_udp_comm/lib/dog_udp_comm/keyboard_teleop.py\n'}
[51.245752] (dog_udp_comm) StdoutLine: {'line': b'-- Installing: /home/admin/workspace/host_udp_ws/install/dog_udp_comm/lib/dog_udp_comm/host_mpc_controller.py\n'}
[51.245934] (dog_udp_comm) StdoutLine: {'line': b'-- Installing: /home/admin/workspace/host_udp_ws/install/dog_udp_comm/lib/dog_udp_comm/pixel_to_scan_polar.py\n'}
[51.246088] (dog_udp_comm) StdoutLine: {'line': b'-- Installing: /home/admin/workspace/host_udp_ws/install/dog_udp_comm/lib/dog_udp_comm/tracking_string_bridge.py\n'}
[51.246229] (dog_udp_comm) StdoutLine: {'line': b'-- Installing: /home/admin/workspace/host_udp_ws/install/dog_udp_comm/lib/dog_udp_comm/tracking_center_tester.py\n'}
[51.246363] (dog_udp_comm) StdoutLine: {'line': b'-- Installing: /home/admin/workspace/host_udp_ws/install/dog_udp_comm/lib/dog_udp_comm/analyze_tracking_cmd_bag.py\n'}
[51.246685] (dog_udp_comm) StdoutLine: {'line': b'-- Installing: /home/admin/workspace/host_udp_ws/install/dog_udp_comm/share/dog_udp_comm/launch\n'}
[51.247086] (dog_udp_comm) StdoutLine: {'line': b'-- Installing: /home/admin/workspace/host_udp_ws/install/dog_udp_comm/share/dog_udp_comm/launch/__pycache__\n'}
[51.247290] (dog_udp_comm) StdoutLine: {'line': b'-- Installing: /home/admin/workspace/host_udp_ws/install/dog_udp_comm/share/dog_udp_comm/launch/__pycache__/sender_launch.cpython-313.pyc\n'}
[51.247455] (dog_udp_comm) StdoutLine: {'line': b'-- Installing: /home/admin/workspace/host_udp_ws/install/dog_udp_comm/share/dog_udp_comm/launch/__pycache__/person_follow_udp_launch.cpython-313.pyc\n'}
[51.247601] (dog_udp_comm) StdoutLine: {'line': b'-- Installing: /home/admin/workspace/host_udp_ws/install/dog_udp_comm/share/dog_udp_comm/launch/person_follow_udp_launch.py\n'}
[51.247739] (dog_udp_comm) StdoutLine: {'line': b'-- Installing: /home/admin/workspace/host_udp_ws/install/dog_udp_comm/share/dog_udp_comm/launch/sender_launch.py\n'}
[51.247900] (dog_udp_comm) StdoutLine: {'line': b'-- Installing: /home/admin/workspace/host_udp_ws/install/dog_udp_comm/share/dog_udp_comm/params\n'}
[51.248057] (dog_udp_comm) StdoutLine: {'line': b'-- Installing: /home/admin/workspace/host_udp_ws/install/dog_udp_comm/share/dog_udp_comm/params/person_follow_params.yaml\n'}
[51.248570] (dog_udp_comm) StdoutLine: {'line': b'-- Installing: /home/admin/workspace/host_udp_ws/install/dog_udp_comm/share/ament_index/resource_index/package_run_dependencies/dog_udp_comm\n'}
[51.248748] (dog_udp_comm) StdoutLine: {'line': b'-- Installing: /home/admin/workspace/host_udp_ws/install/dog_udp_comm/share/ament_index/resource_index/parent_prefix_path/dog_udp_comm\n'}
[51.248910] (dog_udp_comm) StdoutLine: {'line': b'-- Installing: /home/admin/workspace/host_udp_ws/install/dog_udp_comm/share/dog_udp_comm/environment/ament_prefix_path.sh\n'}
[51.249198] (dog_udp_comm) StdoutLine: {'line': b'-- Installing: /home/admin/workspace/host_udp_ws/install/dog_udp_comm/share/dog_udp_comm/environment/ament_prefix_path.dsv\n'}
[51.249388] (dog_udp_comm) StdoutLine: {'line': b'-- Installing: /home/admin/workspace/host_udp_ws/install/dog_udp_comm/share/dog_udp_comm/environment/path.sh\n'}
[51.249705] (dog_udp_comm) StdoutLine: {'line': b'-- Installing: /home/admin/workspace/host_udp_ws/install/dog_udp_comm/share/dog_udp_comm/environment/path.dsv\n'}
[51.249929] (dog_udp_comm) StdoutLine: {'line': b'-- Installing: /home/admin/workspace/host_udp_ws/install/dog_udp_comm/share/dog_udp_comm/local_setup.bash\n'}
[51.250131] (dog_udp_comm) StdoutLine: {'line': b'-- Installing: /home/admin/workspace/host_udp_ws/install/dog_udp_comm/share/dog_udp_comm/local_setup.sh\n'}
[51.250270] (dog_udp_comm) StdoutLine: {'line': b'-- Installing: /home/admin/workspace/host_udp_ws/install/dog_udp_comm/share/dog_udp_comm/local_setup.zsh\n'}
[51.250413] (dog_udp_comm) StdoutLine: {'line': b'-- Installing: /home/admin/workspace/host_udp_ws/install/dog_udp_comm/share/dog_udp_comm/local_setup.dsv\n'}
[51.250550] (dog_udp_comm) StdoutLine: {'line': b'-- Installing: /home/admin/workspace/host_udp_ws/install/dog_udp_comm/share/dog_udp_comm/package.dsv\n'}
[51.250943] (dog_udp_comm) StdoutLine: {'line': b'-- Installing: /home/admin/workspace/host_udp_ws/install/dog_udp_comm/share/ament_index/resource_index/packages/dog_udp_comm\n'}
[51.251217] (dog_udp_comm) StdoutLine: {'line': b'-- Installing: /home/admin/workspace/host_udp_ws/install/dog_udp_comm/share/dog_udp_comm/cmake/dog_udp_commConfig.cmake\n'}
[51.251367] (dog_udp_comm) StdoutLine: {'line': b'-- Installing: /home/admin/workspace/host_udp_ws/install/dog_udp_comm/share/dog_udp_comm/cmake/dog_udp_commConfig-version.cmake\n'}
[51.251506] (dog_udp_comm) StdoutLine: {'line': b'-- Installing: /home/admin/workspace/host_udp_ws/install/dog_udp_comm/share/dog_udp_comm/package.xml\n'}
[51.264969] (dog_udp_comm) CommandEnded: {'returncode': 0}
[51.278717] (dog_udp_comm) JobEnded: {'identifier': 'dog_udp_comm', 'rc': 0}
[51.280569] (-) EventReactorShutdown: {}
